source_id,method,metric,value
vari-grip/bird-nest/08-06-2021_DJI_0089_322,Ours,PSNR,26.456205720098957
vari-grip/bird-nest/08-06-2021_DJI_0089_322_3,Ours,PSNR,24.06661130477079
vari-grip/bird-nest/08-06-2021_DJI_0285_392,Ours,PSNR,23.907659911542982
vari-grip/bird-nest/10-06-2021_DJI_0244_649_2,Ours,PSNR,27.462858205938023
vari-grip/bird-nest/10-06-2021_DJI_0270_657_5,Ours,PSNR,22.183171840846676
vari-grip/bird-nest/10-06-2021_DJI_0270_657_7,Ours,PSNR,23.39626275710932
vari-grip/bird-nest/10-06-2021_DJI_0271_658_1,Ours,PSNR,29.206615896200734
vari-grip/bird-nest/10-06-2021_DJI_0271_658_2,Ours,PSNR,25.633201652298645
vari-grip/bird-nest/10-06-2021_DJI_0271_658_6,Ours,PSNR,30.34139968775772
vari-grip/bird-nest/10-06-2021_DJI_0271_658_8,Ours,PSNR,25.48432626118146
vari-grip/bird-nest/11-06-2021_DJI_0121_4_1,Ours,PSNR,25.99252721181782
vari-grip/bird-nest/11-06-2021_DJI_0121_4_4,Ours,PSNR,25.093953094590567
vari-grip/bird-nest/11-06-2021_DJI_0121_4_5,Ours,PSNR,22.023019387397426
vari-grip/bird-nest/11-06-2021_DJI_0132_6_0,Ours,PSNR,26.16569020788248
vari-grip/bird-nest/11-06-2021_DJI_0132_6_6,Ours,PSNR,27.372848310928813
vari-grip/bird-nest/15-06-2021_DJI_0044_726,Ours,PSNR,25.68989029329424
vari-grip/bird-nest/15-06-2021_DJI_0044_726_6,Ours,PSNR,23.340984964956842
vari-grip/bird-nest/Fotos 02-12-2020_DJI_0492_vari_grip_56_4,Ours,PSNR,25.083136207460107
vari-grip/bird-nest/Fotos 02-12-2020_DJI_0492_vari_grip_57_0,Ours,PSNR,29.28130956878807
vari-grip/bird-nest/Fotos 02-12-2020_DJI_0492_vari_grip_57_4,Ours,PSNR,24.302799976072997
vari-grip/bird-nest/Fotos 17-11-2020_DJI_0289_vari_grip_478,Ours,PSNR,31.776787881465594
vari-grip/bird-nest/Fotos 17-11-2020_DJI_0303_vari_grip_479_0,Ours,PSNR,25.126282568067932
vari-grip/bird-nest/Fotos 17-11-2020_DJI_0304_vari_grip_480,Ours,PSNR,31.218097437637734
vari-grip/bird-nest/Fotos 18-11-2020_DJI_0209_vari_grip_530_0,Ours,PSNR,29.560107885750295
vari-grip/bird-nest/Fotos 18-11-2020_DJI_0209_vari_grip_530_3,Ours,PSNR,24.85686041684309
vari-grip/bird-nest/Fotos 19-11-2020_DJI_0140_vari_grip_571_3,Ours,PSNR,26.194065520232332
vari-grip/bird-nest/Fotos 19-11-2020_DJI_0140_vari_grip_571_7,Ours,PSNR,28.7094677120258
vari-grip/bird-nest/Fotos 19-11-2020_DJI_0149_vari_grip_573_0,Ours,PSNR,30.743107169841007
vari-grip/bird-nest/Fotos 19-11-2020_DJI_0149_vari_grip_573_4,Ours,PSNR,31.82993083788209
vari-grip/bird-nest/Fotos 19-11-2020_DJI_0149_vari_grip_573_6,Ours,PSNR,23.22604796053835
vari-grip/bird-nest/Fotos 19-11-2020_DJI_0150_vari_grip_574_0,Ours,PSNR,25.576335178047056
vari-grip/bird-nest/Fotos 19-11-2020_DJI_0150_vari_grip_575_1,Ours,PSNR,31.182867681619292
vari-grip/bird-nest/Fotos 19-11-2020_DJI_0150_vari_grip_575_2,Ours,PSNR,30.319004427676816
vari-grip/bird-nest/Fotos 19-11-2020_DJI_0151_vari_grip_577_2,Ours,PSNR,28.1816732069905
vari-grip/bird-nest/Fotos 19-11-2020_DJI_0151_vari_grip_577_3,Ours,PSNR,28.630639127805267
vari-grip/bird-nest/Fotos 19-11-2020_DJI_0151_vari_grip_577_4,Ours,PSNR,27.089943654812906
vari-grip/bird-nest/Fotos 20-11-2020_DJI_0210_vari_grip_683_2,Ours,PSNR,24.94475396990567
vari-grip/bird-nest/Fotos 20-11-2020_DJI_0210_vari_grip_683_7,Ours,PSNR,25.03429279426768
vari-grip/bird-nest/Fotos 23-11-2020_DJI_0279_vari_grip_768_0,Ours,PSNR,28.507050341299607
vari-grip/bird-nest/Fotos 23-11-2020_DJI_0279_vari_grip_768_2,Ours,PSNR,23.78272608593038
vari-grip/bird-nest/Fotos 25-11-2020_DJI_0207_vari_grip_861_0,Ours,PSNR,30.416694387206554
vari-grip/bird-nest/Fotos 25-11-2020_DJI_0207_vari_grip_861_6,Ours,PSNR,28.360723800528728
vari-grip/bird-nest/Fotos 25-11-2020_DJI_0563_vari_grip_841_0,Ours,PSNR,27.472096948853732
vari-grip/bird-nest/Fotos 25-11-2020_DJI_0563_vari_grip_841_2,Ours,PSNR,32.09373954796249
vari-grip/bird-nest/Fotos 25-11-2020_DJI_0563_vari_grip_841_4,Ours,PSNR,28.54209625924418
vari-grip/bird-nest/Fotos 25-11-2020_DJI_0563_vari_grip_841_7,Ours,PSNR,31.015345187409913
vari-grip/bird-nest/Fotos 25-11-2020_DJI_0564_vari_grip_843,Ours,PSNR,29.779362936227706
vari-grip/bird-nest/Fotos 25-11-2020_DJI_0564_vari_grip_843_1,Ours,PSNR,32.37656632762181
vari-grip/bird-nest/Fotos 25-11-2020_DJI_0564_vari_grip_843_2,Ours,PSNR,32.25397898133752
vari-grip/bird-nest/Fotos 25-11-2020_DJI_0564_vari_grip_844,Ours,PSNR,29.66854181817169
vari-grip/bird-nest/Fotos 25-11-2020_DJI_0564_vari_grip_844_4,Ours,PSNR,29.199751539276424
vari-grip/bird-nest/Fotos 25-11-2020_DJI_0564_vari_grip_844_7,Ours,PSNR,31.360099596176557
vari-grip/bird-nest/Fotos 25-11-2020_DJI_0564_vari_grip_844_8,Ours,PSNR,26.38573821672905
vari-grip/bird-nest/Fotos 25-11-2020_DJI_0586_vari_grip_845,Ours,PSNR,29.67503035984879
vari-grip/bird-nest/Fotos 25-11-2020_DJI_0586_vari_grip_845_2,Ours,PSNR,26.48906104079457
vari-grip/bird-nest/Fotos 25-11-2020_DJI_0586_vari_grip_845_7,Ours,PSNR,22.24015458281983
vari-grip/bird-nest/Fotos 25-11-2020_DJI_0586_vari_grip_845_8,Ours,PSNR,27.540518726195188
vari-grip/bird-nest/Fotos 25-11-2020_DJI_0586_vari_grip_846,Ours,PSNR,28.68334220783962
vari-grip/bird-nest/Fotos 25-11-2020_DJI_0586_vari_grip_846_3,Ours,PSNR,27.503891599669707
vari-grip/bird-nest/Fotos 25-11-2020_DJI_0586_vari_grip_846_4,Ours,PSNR,29.73821581876187
vari-grip/bird-nest/Fotos 25-11-2020_DJI_0588_vari_grip_847_1,Ours,PSNR,24.4534837891684
vari-grip/bird-nest/Fotos 25-11-2020_DJI_0588_vari_grip_847_8,Ours,PSNR,25.13818532116778
vari-grip/bird-nest/Fotos 26-11-2020_DJI_0214_vari_grip_906_1,Ours,PSNR,24.60921977036802
vari-grip/bird-nest/Fotos 26-11-2020_DJI_0214_vari_grip_907,Ours,PSNR,28.85125263937459
vari-grip/bird-nest/Fotos 26-11-2020_DJI_0215_vari_grip_908_3,Ours,PSNR,27.11802641057395
vari-grip/bird-nest/Fotos 26-11-2020_DJI_0262_vari_grip_910,Ours,PSNR,28.060240441361398
vari-grip/bird-nest/Fotos 26-11-2020_DJI_0262_vari_grip_911,Ours,PSNR,29.42459901078743
vari-grip/bird-nest/Fotos 27-11-2020_DJI_0491_vari_grip_933_1,Ours,PSNR,25.227249852129425
vari-grip/bird-nest/Fotos 27-11-2020_DJI_0491_vari_grip_933_4,Ours,PSNR,31.217687946804286
vari-grip/bird-nest/Fotos 27-11-2020_DJI_0491_vari_grip_933_8,Ours,PSNR,24.245906700079818
vari-grip/bird-nest/Fotos 27-11-2020_DJI_0566_vari_grip_924_6,Ours,PSNR,28.06552885091898
vari-grip/bird-nest/Fotos 27-11-2020_DJI_0566_vari_grip_925,Ours,PSNR,32.63059332785606
vari-grip/bird-nest/Fotos 27-11-2020_DJI_0566_vari_grip_925_2,Ours,PSNR,29.36121161242831
vari-grip/bird-nest/Fotos 27-11-2020_DJI_0566_vari_grip_925_3,Ours,PSNR,30.672388582513925
vari-grip/bird-nest/Fotos 27-11-2020_DJI_0566_vari_grip_925_6,Ours,PSNR,30.518575778998088
vari-grip/good/Fotos 01-12-2020_DJI_0079_vari_grip_51,Ours,PSNR,28.173399860483723
vari-grip/good/Fotos 01-12-2020_DJI_0140_vari_grip_47,Ours,PSNR,28.226320840198298
vari-grip/good/Fotos 01-12-2020_DJI_0199_vari_grip_41,Ours,PSNR,30.179961683747216
vari-grip/good/Fotos 01-12-2020_DJI_0342_vari_grip_32,Ours,PSNR,28.194604746387764
vari-grip/good/Fotos 01-12-2020_DJI_0402_vari_grip_29,Ours,PSNR,32.21732023899627
vari-grip/good/Fotos 01-12-2020_DJI_0457_vari_grip_24,Ours,PSNR,26.851208214985068
vari-grip/good/Fotos 01-12-2020_DJI_0457_vari_grip_25,Ours,PSNR,27.033988514314647
vari-grip/good/Fotos 02-12-2020_DJI_0020_vari_grip_94,Ours,PSNR,28.832965146928718
vari-grip/good/Fotos 02-12-2020_DJI_0132_vari_grip_88,Ours,PSNR,34.49928208125461
vari-grip/good/Fotos 02-12-2020_DJI_0194_vari_grip_84,Ours,PSNR,29.647611466757894
vari-grip/good/Fotos 02-12-2020_DJI_0367_vari_grip_65,Ours,PSNR,30.500341179993693
vari-grip/good/Fotos 02-12-2020_DJI_0368_vari_grip_67,Ours,PSNR,28.463341070560904
vari-grip/good/Fotos 02-12-2020_DJI_0374_vari_grip_71,Ours,PSNR,23.25084956337125
vari-grip/good/Fotos 02-12-2020_DJI_0427_vari_grip_61,Ours,PSNR,31.370741183452754
vari-grip/good/Fotos 03-12-2020_DJI_0149_vari_grip_126,Ours,PSNR,30.928394890579586
vari-grip/good/Fotos 03-12-2020_DJI_0150_vari_grip_128,Ours,PSNR,32.93545707386995
vari-grip/good/Fotos 03-12-2020_DJI_0457_vari_grip_110,Ours,PSNR,34.71703542781615
vari-grip/good/Fotos 03-12-2020_DJI_0561_vari_grip_100,Ours,PSNR,32.53419018806468
vari-grip/good/Fotos 04-12-2020_DJI_0762_vari_grip_164,Ours,PSNR,31.011527613964684
vari-grip/good/Fotos 04-12-2020_DJI_0806_vari_grip_160,Ours,PSNR,33.15184520791417
vari-grip/good/Fotos 04-12-2020_DJI_0902_vari_grip_149,Ours,PSNR,34.3987860140088
vari-grip/good/Fotos 04-12-2020_DJI_0950_vari_grip_142,Ours,PSNR,32.293913508545245
vari-grip/good/Fotos 04-12-2020_DJI_0951_vari_grip_145,Ours,PSNR,31.274308508727497
vari-grip/good/Fotos 04-12-2020_DJI_0954_vari_grip_146,Ours,PSNR,25.77973442547434
vari-grip/good/Fotos 04-12-2020_DJI_1000 (2)_vari_grip_141,Ours,PSNR,29.29508307352271
vari-grip/good/Fotos 07-12-2020_DJI_0059_vari_grip_192,Ours,PSNR,33.123891028466
vari-grip/good/Fotos 07-12-2020_DJI_0140_vari_grip_183,Ours,PSNR,30.63067048657603
vari-grip/good/Fotos 07-12-2020_DJI_0141_vari_grip_185,Ours,PSNR,32.181401635702784
vari-grip/good/Fotos 07-12-2020_DJI_0155_vari_grip_186,Ours,PSNR,29.192712677125108
vari-grip/good/Fotos 07-12-2020_DJI_0187_vari_grip_179,Ours,PSNR,32.20693729307036
vari-grip/good/Fotos 08-12-2020_DJI_0452_vari_grip_225,Ours,PSNR,30.12187746557864
vari-grip/good/Fotos 08-12-2020_DJI_0455_vari_grip_229,Ours,PSNR,21.66194202335795
vari-grip/good/Fotos 08-12-2020_DJI_0538_vari_grip_218,Ours,PSNR,20.4913390578531
vari-grip/good/Fotos 08-12-2020_DJI_0613_vari_grip_208,Ours,PSNR,31.93560124123305
vari-grip/good/Fotos 08-12-2020_DJI_0652_vari_grip_204,Ours,PSNR,29.327498907365108
vari-grip/good/Fotos 09-12-2020_DJI_0017_vari_grip_269,Ours,PSNR,32.96606735770714
vari-grip/good/Fotos 09-12-2020_DJI_0018_vari_grip_271,Ours,PSNR,27.493922927009375
vari-grip/good/Fotos 09-12-2020_DJI_0056_vari_grip_263,Ours,PSNR,33.09354693462733
vari-grip/good/Fotos 09-12-2020_DJI_0102_vari_grip_261,Ours,PSNR,33.30637186073725
vari-grip/good/Fotos 09-12-2020_DJI_0143_vari_grip_249,Ours,PSNR,31.854894104787324
vari-grip/good/Fotos 09-12-2020_DJI_0144_vari_grip_252,Ours,PSNR,28.81772609031652
vari-grip/good/Fotos 09-12-2020_DJI_0310_vari_grip_238,Ours,PSNR,31.63325441726112
vari-grip/good/Fotos 09-12-2020_DJI_0348_vari_grip_233,Ours,PSNR,29.77953879453245
vari-grip/good/Fotos 10-12-2020_DJI_0020_vari_grip_327,Ours,PSNR,30.41487702758697
vari-grip/good/Fotos 10-12-2020_DJI_0024_vari_grip_332,Ours,PSNR,23.63326473781089
vari-grip/good/Fotos 10-12-2020_DJI_0101_vari_grip_312,Ours,PSNR,31.206611874136794
vari-grip/good/Fotos 10-12-2020_DJI_0140_vari_grip_300,Ours,PSNR,34.10826535598078
vari-grip/good/Fotos 10-12-2020_DJI_0182_vari_grip_295,Ours,PSNR,32.147358988329465
vari-grip/good/Fotos 10-12-2020_DJI_0182_vari_grip_296,Ours,PSNR,33.64519132096643
vari-grip/good/Fotos 10-12-2020_DJI_0184_vari_grip_299,Ours,PSNR,30.68187835652011
vari-grip/good/Fotos 10-12-2020_DJI_0258_vari_grip_282,Ours,PSNR,36.65116881607653
vari-grip/good/Fotos 10-12-2020_DJI_0259_vari_grip_283,Ours,PSNR,30.10418285215013
vari-grip/good/Fotos 10-12-2020_DJI_0262_vari_grip_285,Ours,PSNR,26.696042690327143
vari-grip/good/Fotos 11-12-2020_DJI_0055_vari_grip_379,Ours,PSNR,31.545963781945087
vari-grip/good/Fotos 11-12-2020_DJI_0290_vari_grip_346,Ours,PSNR,26.78014995844787
vari-grip/good/Fotos 14-12-2020_DJI_0433_vari_grip_399,Ours,PSNR,29.472704016812912
vari-grip/good/Fotos 14-12-2020_DJI_0624_vari_grip_392,Ours,PSNR,31.39454964011288
vari-grip/good/Fotos 16-11-2020_DJI_0110_vari_grip_439,Ours,PSNR,29.245512262036936
vari-grip/good/Fotos 16-11-2020_DJI_0153_vari_grip_434,Ours,PSNR,30.515589304911877
vari-grip/good/Fotos 16-11-2020_DJI_0157_vari_grip_438,Ours,PSNR,32.32387128710116
vari-grip/good/Fotos 16-12-2020_DJI_0034_vari_grip_475,Ours,PSNR,31.980142139841472
vari-grip/good/Fotos 16-12-2020_DJI_0188_vari_grip_464,Ours,PSNR,31.896437357030482
vari-grip/good/Fotos 16-12-2020_DJI_0404_vari_grip_450,Ours,PSNR,28.637082059664966
vari-grip/good/Fotos 17-11-2020_DJI_0106_vari_grip_493,Ours,PSNR,29.604290047552418
vari-grip/good/Fotos 17-11-2020_DJI_0120_vari_grip_496,Ours,PSNR,31.814286680756283
vari-grip/good/Fotos 17-11-2020_DJI_0121_vari_grip_497,Ours,PSNR,30.216001189915637
vari-grip/good/Fotos 17-11-2020_DJI_0206_vari_grip_491,Ours,PSNR,27.414760698928166
vari-grip/good/Fotos 17-12-2020_DJI_0168_vari_grip_514,Ours,PSNR,31.176745568161095
vari-grip/good/Fotos 18-11-2020_DJI_0070_vari_grip_548,Ours,PSNR,30.25297256392978
vari-grip/good/Fotos 18-11-2020_DJI_0109_vari_grip_546,Ours,PSNR,29.329430674878147
vari-grip/good/Fotos 18-11-2020_DJI_0137_vari_grip_541,Ours,PSNR,29.786484855958786
vari-grip/good/Fotos 18-11-2020_DJI_0246_vari_grip_528,Ours,PSNR,32.56615014514626
vari-grip/good/Fotos 19-10-2020_DJI_0045_vari_grip_4,Ours,PSNR,28.92279554763343
vari-grip/good/Fotos 19-10-2020_DJI_0046_vari_grip_6,Ours,PSNR,31.968156942168953
vari-grip/good/Fotos 19-10-2020_DJI_0046_vari_grip_7,Ours,PSNR,29.252457582880908
vari-grip/good/Fotos 19-10-2020_DJI_0083_vari_grip_15,Ours,PSNR,28.8743605611186
vari-grip/good/Fotos 19-10-2020_DJI_0084_vari_grip_16,Ours,PSNR,26.35324349258766
vari-grip/good/Fotos 19-11-2020_DJI_0119_vari_grip_578,Ours,PSNR,31.602939242431912
vari-grip/good/Fotos 19-11-2020_DJI_0199_vari_grip_562,Ours,PSNR,32.0003493618737
vari-grip/good/Fotos 19-11-2020_DJI_0236_vari_grip_561,Ours,PSNR,31.25350643142874
vari-grip/good/Fotos 20-10-2020_DJI_0201_vari_grip_613,Ours,PSNR,30.098766366746013
vari-grip/good/Fotos 20-10-2020_DJI_0205_vari_grip_620,Ours,PSNR,30.665276797513034
vari-grip/good/Fotos 20-10-2020_DJI_0211_vari_grip_633,Ours,PSNR,28.044418840004
vari-grip/good/Fotos 20-10-2020_DJI_0238_vari_grip_641,Ours,PSNR,29.78780880485215
vari-grip/good/Fotos 20-10-2020_DJI_0243_vari_grip_648,Ours,PSNR,30.961898639246265
vari-grip/good/Fotos 20-10-2020_DJI_0244_vari_grip_651,Ours,PSNR,28.848545981551833
vari-grip/good/Fotos 20-10-2020_DJI_0245_vari_grip_653,Ours,PSNR,29.176497868143933
vari-grip/good/Fotos 20-10-2020_DJI_0255_vari_grip_658,Ours,PSNR,31.675721473228176
vari-grip/good/Fotos 20-10-2020_DJI_0255_vari_grip_659,Ours,PSNR,30.553726271641604
vari-grip/good/Fotos 20-10-2020_DJI_0256_vari_grip_660,Ours,PSNR,30.188869347911318
vari-grip/good/Fotos 20-10-2020_DJI_0265_vari_grip_586,Ours,PSNR,30.042186344815807
vari-grip/good/Fotos 20-10-2020_DJI_0268_vari_grip_589,Ours,PSNR,30.89511606572078
vari-grip/good/Fotos 20-10-2020_DJI_0282_vari_grip_590,Ours,PSNR,31.3430159627396
vari-grip/good/Fotos 20-11-2020_DJI_0144_vari_grip_697,Ours,PSNR,29.793399046094486
vari-grip/good/Fotos 20-11-2020_DJI_0171_vari_grip_687,Ours,PSNR,31.274326555459652
vari-grip/good/Fotos 20-11-2020_DJI_0172_vari_grip_689,Ours,PSNR,31.57698577074234
vari-grip/good/Fotos 20-11-2020_DJI_0275_vari_grip_672,Ours,PSNR,30.1748659017872
vari-grip/good/Fotos 22-10-2020_DJI_0858_vari_grip_718,Ours,PSNR,33.00394800860535
vari-grip/good/Fotos 22-10-2020_DJI_0864_vari_grip_724,Ours,PSNR,31.596872862438627
vari-grip/good/Fotos 22-10-2020_DJI_0864_vari_grip_725,Ours,PSNR,29.903892394426197
vari-grip/good/Fotos 22-10-2020_DJI_0880_vari_grip_734,Ours,PSNR,30.46639827122777
vari-grip/good/Fotos 23-11-2020_DJI_0143_vari_grip_783,Ours,PSNR,30.65011202772178
vari-grip/good/Fotos 23-11-2020_DJI_0177_vari_grip_782,Ours,PSNR,30.662121768578622
vari-grip/good/Fotos 23-11-2020_DJI_0209_vari_grip_777,Ours,PSNR,30.378353678424936
vari-grip/good/Fotos 24-11-2020_DJI_0101_vari_grip_837,Ours,PSNR,27.616224797077013
vari-grip/good/Fotos 24-11-2020_DJI_0243_vari_grip_827,Ours,PSNR,30.540220949817144
vari-grip/good/Fotos 24-11-2020_DJI_0244_vari_grip_830,Ours,PSNR,29.222796831682512
vari-grip/good/Fotos 25-11-2020_DJI_0208_vari_grip_862,Ours,PSNR,31.031973849895802
vari-grip/good/Fotos 26-11-2020_DJI_0213_vari_grip_904,Ours,PSNR,30.940524416333144
vari-grip/good/Fotos 26-11-2020_DJI_0213_vari_grip_905,Ours,PSNR,30.26425832312729
vari-grip/good/Fotos 27-11-2020_DJI_0421_vari_grip_934,Ours,PSNR,30.319100580721305
vari-grip/good/Fotos 27-11-2020_DJI_0421_vari_grip_935,Ours,PSNR,31.110480319879056
vari-grip/good/Fotos 27-11-2020_DJI_0422_vari_grip_937,Ours,PSNR,30.04640300878089
vari-grip/good/Fotos 30-11-2020_DJI_0033_vari_grip_1007,Ours,PSNR,29.089032777588326
vari-grip/good/Fotos 30-11-2020_DJI_0193_vari_grip_996,Ours,PSNR,28.725332886788586
vari-grip/good/Fotos 30-11-2020_DJI_0437_vari_grip_975,Ours,PSNR,28.879414670519314
vari-grip/good/Fotos 30-11-2020_DJI_0438_vari_grip_976,Ours,PSNR,29.29902382914591
vari-grip/good/Fotos 30-11-2020_DJI_0501_vari_grip_969,Ours,PSNR,31.88397587542178
vari-grip/good/Fotos 30-11-2020_DJI_0561_vari_grip_964,Ours,PSNR,29.574899177783628
vari-grip/rust/01-06-2021_DJI_0030_6_0,Ours,PSNR,31.91831210721811
vari-grip/rust/01-06-2021_DJI_0030_6_7,Ours,PSNR,29.849729098252947
vari-grip/rust/01-06-2021_DJI_0146_39_2,Ours,PSNR,29.556246352608508
vari-grip/rust/01-06-2021_DJI_0146_39_6,Ours,PSNR,26.8369296445456
vari-grip/rust/01-06-2021_DJI_0146_40_0,Ours,PSNR,29.414684840693617
vari-grip/rust/01-06-2021_DJI_0162_46_6,Ours,PSNR,28.299416524359856
vari-grip/rust/02-06-2021_DJI_0359_261_8,Ours,PSNR,29.51300937009165
vari-grip/rust/08-06-2021_DJI_0385_421_2,Ours,PSNR,31.260733328849252
vari-grip/rust/08-06-2021_DJI_0385_421_4,Ours,PSNR,32.10449487887511
vari-grip/rust/08-06-2021_DJI_0385_421_6,Ours,PSNR,28.128772510325707
vari-grip/rust/08-06-2021_DJI_0385_422,Ours,PSNR,30.70760179136277
vari-grip/rust/08-06-2021_DJI_0385_422_0,Ours,PSNR,31.19737779785277
vari-grip/rust/08-06-2021_DJI_0385_422_5,Ours,PSNR,28.39500941569847
vari-grip/rust/09-06-2021_DJI_0466_568,Ours,PSNR,31.534927604036483
vari-grip/rust/09-06-2021_DJI_0466_568_6,Ours,PSNR,33.0736580013458
vari-grip/rust/09-06-2021_DJI_0467_570_2,Ours,PSNR,21.683162985775187
vari-grip/rust/09-06-2021_DJI_0467_570_4,Ours,PSNR,22.340719738458517
vari-grip/rust/10-06-2021_DJI_0018_611,Ours,PSNR,29.457745121543645
vari-grip/rust/10-06-2021_DJI_0018_611_1,Ours,PSNR,28.768366831339627
vari-grip/rust/10-06-2021_DJI_0018_611_7,Ours,PSNR,27.31355378713466
vari-grip/rust/10-06-2021_DJI_0019_613_5,Ours,PSNR,25.644118554857275
vari-grip/rust/11-06-2021_DJI_0479_11_6,Ours,PSNR,27.31455574349211
vari-grip/rust/11-06-2021_DJI_0479_11_7,Ours,PSNR,22.935245556761025
vari-grip/rust/11-06-2021_DJI_0479_11_8,Ours,PSNR,29.364431170066013
vari-grip/rust/15-06-2021_DJI_0118_741,Ours,PSNR,32.16162950956309
vari-grip/rust/Fotos 23-10-2020_DJI_0029_vari_grip_745_7,Ours,PSNR,20.095861709835997
vari-grip/rust/Fotos 23-10-2020_DJI_0031_vari_grip_748_0,Ours,PSNR,18.956146183064185
vari-grip/rust/Fotos 23-10-2020_DJI_0031_vari_grip_748_7,Ours,PSNR,20.04600684696822
vari-grip/rust/Fotos 23-10-2020_DJI_0032_vari_grip_750,Ours,PSNR,28.072843212782136
vari-grip/rust/Fotos 23-10-2020_DJI_0032_vari_grip_750_3,Ours,PSNR,23.825186653163286
vari-grip/rust/Fotos 23-10-2020_DJI_0034_vari_grip_751_0,Ours,PSNR,25.043416542593736
vari-grip/rust/Fotos 23-10-2020_DJI_0034_vari_grip_752,Ours,PSNR,27.60049921566856
vari-grip/rust/Fotos 23-10-2020_DJI_0034_vari_grip_752_7,Ours,PSNR,23.405756450374515
vari-grip/rust/Fotos 23-10-2020_DJI_0035_vari_grip_753_4,Ours,PSNR,26.554612605017883
vari-grip/rust/Fotos 23-10-2020_DJI_0035_vari_grip_753_5,Ours,PSNR,25.958483115118774
vari-grip/rust/Fotos 23-10-2020_DJI_0038_vari_grip_756_1,Ours,PSNR,26.436067772206133
vari-grip/rust/Fotos 23-10-2020_DJI_0038_vari_grip_756_4,Ours,PSNR,31.55517003546287
vari-grip/rust/Fotos 23-10-2020_DJI_0041_vari_grip_757,Ours,PSNR,29.85458504268825
vari-grip/rust/Fotos 23-10-2020_DJI_0043_vari_grip_759,Ours,PSNR,29.834196104962512
vari-grip/rust/Fotos 23-10-2020_DJI_0043_vari_grip_760_5,Ours,PSNR,27.889313946199223
vari-grip/rust/Fotos 23-10-2020_DJI_0043_vari_grip_760_8,Ours,PSNR,29.927611441929145
vari-grip/rust/Fotos 23-10-2020_DJI_0047_vari_grip_763_6,Ours,PSNR,28.949697100494202
vari-grip/rust/Fotos 23-10-2020_DJI_0047_vari_grip_764_0,Ours,PSNR,22.52150991112752
vari-grip/rust/Fotos 23-10-2020_DJI_0047_vari_grip_764_1,Ours,PSNR,26.030767307654095
vari-grip/rust/Fotos 23-10-2020_DJI_0047_vari_grip_764_3,Ours,PSNR,24.285922609131138
vari-grip/rust/Fotos 23-10-2020_DJI_0047_vari_grip_764_5,Ours,PSNR,24.708659237783145
vari-grip/rust/Fotos 23-10-2020_DJI_0048_vari_grip_765,Ours,PSNR,26.670533548712065
vari-grip/rust/Fotos 23-10-2020_DJI_0065_vari_grip_736,Ours,PSNR,29.754533081572166
vari-grip/rust/Fotos 23-10-2020_DJI_0065_vari_grip_736_0,Ours,PSNR,24.26054626647261
vari-grip/rust/Fotos 23-10-2020_DJI_0065_vari_grip_736_5,Ours,PSNR,28.223681567648562
vari-grip/rust/Fotos 23-10-2020_DJI_0072_vari_grip_737_3,Ours,PSNR,27.261873268762344
vari-grip/rust/Fotos 23-10-2020_DJI_0072_vari_grip_737_4,Ours,PSNR,26.357006462532826
vari-grip/rust/Fotos 23-10-2020_DJI_0072_vari_grip_737_6,Ours,PSNR,25.57985435936317
vari-grip/rust/Fotos 23-10-2020_DJI_0072_vari_grip_737_8,Ours,PSNR,25.594489697047326
vari-grip/rust/Fotos 23-10-2020_DJI_0073_vari_grip_738_1,Ours,PSNR,26.065669847395537
vari-grip/rust/Fotos 23-10-2020_DJI_0073_vari_grip_738_2,Ours,PSNR,29.998089309617132
vari-grip/rust/Fotos 23-10-2020_DJI_0074_vari_grip_739_0,Ours,PSNR,30.808350048756758
vari-grip/rust/Fotos 23-10-2020_DJI_0074_vari_grip_739_3,Ours,PSNR,26.091379905982087
vari-grip/rust/Fotos 23-10-2020_DJI_0113_vari_grip_743_4,Ours,PSNR,25.53666799726918
vari-grip/rust/Fotos 23-10-2020_DJI_0114_vari_grip_744_1,Ours,PSNR,28.968602107311018
vari-grip/rust/Fotos 23-10-2020_DJI_0114_vari_grip_744_7,Ours,PSNR,28.729182859156563
vari-grip/rust/Fotos 23-10-2020_DJI_0114_vari_grip_744_8,Ours,PSNR,29.421224360129518
vari-grip/bird-nest/08-06-2021_DJI_0089_322,Ours,SSIM,0.9631806867463248
vari-grip/bird-nest/08-06-2021_DJI_0089_322_3,Ours,SSIM,0.9523313215800694
vari-grip/bird-nest/08-06-2021_DJI_0285_392,Ours,SSIM,0.9228573867252895
vari-grip/bird-nest/10-06-2021_DJI_0244_649_2,Ours,SSIM,0.9035008038793292
vari-grip/bird-nest/10-06-2021_DJI_0270_657_5,Ours,SSIM,0.8860531960214887
vari-grip/bird-nest/10-06-2021_DJI_0270_657_7,Ours,SSIM,0.9432478291647775
vari-grip/bird-nest/10-06-2021_DJI_0271_658_1,Ours,SSIM,0.972372225352696
vari-grip/bird-nest/10-06-2021_DJI_0271_658_2,Ours,SSIM,0.9641015955380031
vari-grip/bird-nest/10-06-2021_DJI_0271_658_6,Ours,SSIM,0.9887868591717311
vari-grip/bird-nest/10-06-2021_DJI_0271_658_8,Ours,SSIM,0.9667942353657314
vari-grip/bird-nest/11-06-2021_DJI_0121_4_1,Ours,SSIM,0.978217967918941
vari-grip/bird-nest/11-06-2021_DJI_0121_4_4,Ours,SSIM,0.9746305346488953
vari-grip/bird-nest/11-06-2021_DJI_0121_4_5,Ours,SSIM,0.9498113564082554
vari-grip/bird-nest/11-06-2021_DJI_0132_6_0,Ours,SSIM,0.9775132366589138
vari-grip/bird-nest/11-06-2021_DJI_0132_6_6,Ours,SSIM,0.9774682777268546
vari-grip/bird-nest/15-06-2021_DJI_0044_726,Ours,SSIM,0.9830834269523621
vari-grip/bird-nest/15-06-2021_DJI_0044_726_6,Ours,SSIM,0.9440396513257708
vari-grip/bird-nest/Fotos 02-12-2020_DJI_0492_vari_grip_56_4,Ours,SSIM,0.9693036930901664
vari-grip/bird-nest/Fotos 02-12-2020_DJI_0492_vari_grip_57_0,Ours,SSIM,0.9851626413209098
vari-grip/bird-nest/Fotos 02-12-2020_DJI_0492_vari_grip_57_4,Ours,SSIM,0.9567807401929583
vari-grip/bird-nest/Fotos 17-11-2020_DJI_0289_vari_grip_478,Ours,SSIM,0.9452195848737445
vari-grip/bird-nest/Fotos 17-11-2020_DJI_0303_vari_grip_479_0,Ours,SSIM,0.8971755419458661
vari-grip/bird-nest/Fotos 17-11-2020_DJI_0304_vari_grip_480,Ours,SSIM,0.910856911114284
vari-grip/bird-nest/Fotos 18-11-2020_DJI_0209_vari_grip_530_0,Ours,SSIM,0.9334169285637992
vari-grip/bird-nest/Fotos 18-11-2020_DJI_0209_vari_grip_530_3,Ours,SSIM,0.8839371587548938
vari-grip/bird-nest/Fotos 19-11-2020_DJI_0140_vari_grip_571_3,Ours,SSIM,0.9364959256989616
vari-grip/bird-nest/Fotos 19-11-2020_DJI_0140_vari_grip_571_7,Ours,SSIM,0.9064467804772514
vari-grip/bird-nest/Fotos 19-11-2020_DJI_0149_vari_grip_573_0,Ours,SSIM,0.8696389028004238
vari-grip/bird-nest/Fotos 19-11-2020_DJI_0149_vari_grip_573_4,Ours,SSIM,0.8756125058446612
vari-grip/bird-nest/Fotos 19-11-2020_DJI_0149_vari_grip_573_6,Ours,SSIM,0.8200230343001229
vari-grip/bird-nest/Fotos 19-11-2020_DJI_0150_vari_grip_574_0,Ours,SSIM,0.8986635889325824
vari-grip/bird-nest/Fotos 19-11-2020_DJI_0150_vari_grip_575_1,Ours,SSIM,0.8536276647022792
vari-grip/bird-nest/Fotos 19-11-2020_DJI_0150_vari_grip_575_2,Ours,SSIM,0.9357622861862183
vari-grip/bird-nest/Fotos 19-11-2020_DJI_0151_vari_grip_577_2,Ours,SSIM,0.9464940002986363
vari-grip/bird-nest/Fotos 19-11-2020_DJI_0151_vari_grip_577_3,Ours,SSIM,0.9217048968587603
vari-grip/bird-nest/Fotos 19-11-2020_DJI_0151_vari_grip_577_4,Ours,SSIM,0.9151132191930499
vari-grip/bird-nest/Fotos 20-11-2020_DJI_0210_vari_grip_683_2,Ours,SSIM,0.9191470571926662
vari-grip/bird-nest/Fotos 20-11-2020_DJI_0210_vari_grip_683_7,Ours,SSIM,0.9607667071478707
vari-grip/bird-nest/Fotos 23-11-2020_DJI_0279_vari_grip_768_0,Ours,SSIM,0.9329769441059658
vari-grip/bird-nest/Fotos 23-11-2020_DJI_0279_vari_grip_768_2,Ours,SSIM,0.8490584407533918
vari-grip/bird-nest/Fotos 25-11-2020_DJI_0207_vari_grip_861_0,Ours,SSIM,0.9573703408241272
vari-grip/bird-nest/Fotos 25-11-2020_DJI_0207_vari_grip_861_6,Ours,SSIM,0.9460666860852923
vari-grip/bird-nest/Fotos 25-11-2020_DJI_0563_vari_grip_841_0,Ours,SSIM,0.8874069111687797
vari-grip/bird-nest/Fotos 25-11-2020_DJI_0563_vari_grip_841_2,Ours,SSIM,0.9298943025725228
vari-grip/bird-nest/Fotos 25-11-2020_DJI_0563_vari_grip_841_4,Ours,SSIM,0.9104800564902169
vari-grip/bird-nest/Fotos 25-11-2020_DJI_0563_vari_grip_841_7,Ours,SSIM,0.9151918717793056
vari-grip/bird-nest/Fotos 25-11-2020_DJI_0564_vari_grip_843,Ours,SSIM,0.9287705932344709
vari-grip/bird-nest/Fotos 25-11-2020_DJI_0564_vari_grip_843_1,Ours,SSIM,0.9453086256980896
vari-grip/bird-nest/Fotos 25-11-2020_DJI_0564_vari_grip_843_2,Ours,SSIM,0.9445843015398298
vari-grip/bird-nest/Fotos 25-11-2020_DJI_0564_vari_grip_844,Ours,SSIM,0.9660634909357343
vari-grip/bird-nest/Fotos 25-11-2020_DJI_0564_vari_grip_844_4,Ours,SSIM,0.9206990429333278
vari-grip/bird-nest/Fotos 25-11-2020_DJI_0564_vari_grip_844_7,Ours,SSIM,0.9611520171165466
vari-grip/bird-nest/Fotos 25-11-2020_DJI_0564_vari_grip_844_8,Ours,SSIM,0.9495595182691302
vari-grip/bird-nest/Fotos 25-11-2020_DJI_0586_vari_grip_845,Ours,SSIM,0.992719829082489
vari-grip/bird-nest/Fotos 25-11-2020_DJI_0586_vari_grip_845_2,Ours,SSIM,0.9631883842604501
vari-grip/bird-nest/Fotos 25-11-2020_DJI_0586_vari_grip_845_7,Ours,SSIM,0.9451396465301514
vari-grip/bird-nest/Fotos 25-11-2020_DJI_0586_vari_grip_845_8,Ours,SSIM,0.9833442568778992
vari-grip/bird-nest/Fotos 25-11-2020_DJI_0586_vari_grip_846,Ours,SSIM,0.9852829830987113
vari-grip/bird-nest/Fotos 25-11-2020_DJI_0586_vari_grip_846_3,Ours,SSIM,0.9777039204324994
vari-grip/bird-nest/Fotos 25-11-2020_DJI_0586_vari_grip_846_4,Ours,SSIM,0.990363359451294
vari-grip/bird-nest/Fotos 25-11-2020_DJI_0588_vari_grip_847_1,Ours,SSIM,0.9059621478830066
vari-grip/bird-nest/Fotos 25-11-2020_DJI_0588_vari_grip_847_8,Ours,SSIM,0.9753493922097343
vari-grip/bird-nest/Fotos 26-11-2020_DJI_0214_vari_grip_906_1,Ours,SSIM,0.8089168752942767
vari-grip/bird-nest/Fotos 26-11-2020_DJI_0214_vari_grip_907,Ours,SSIM,0.8367407066481454
vari-grip/bird-nest/Fotos 26-11-2020_DJI_0215_vari_grip_908_3,Ours,SSIM,0.8864086696079799
vari-grip/bird-nest/Fotos 26-11-2020_DJI_0262_vari_grip_910,Ours,SSIM,0.8827679838453021
vari-grip/bird-nest/Fotos 26-11-2020_DJI_0262_vari_grip_911,Ours,SSIM,0.8870352676936558
vari-grip/bird-nest/Fotos 27-11-2020_DJI_0491_vari_grip_933_1,Ours,SSIM,0.8390527537890843
vari-grip/bird-nest/Fotos 27-11-2020_DJI_0491_vari_grip_933_4,Ours,SSIM,0.949108396257673
vari-grip/bird-nest/Fotos 27-11-2020_DJI_0491_vari_grip_933_8,Ours,SSIM,0.9226237280028207
vari-grip/bird-nest/Fotos 27-11-2020_DJI_0566_vari_grip_924_6,Ours,SSIM,0.9164119447980609
vari-grip/bird-nest/Fotos 27-11-2020_DJI_0566_vari_grip_925,Ours,SSIM,0.9563394784927368
vari-grip/bird-nest/Fotos 27-11-2020_DJI_0566_vari_grip_925_2,Ours,SSIM,0.9236009972436088
vari-grip/bird-nest/Fotos 27-11-2020_DJI_0566_vari_grip_925_3,Ours,SSIM,0.950949490070343
vari-grip/bird-nest/Fotos 27-11-2020_DJI_0566_vari_grip_925_6,Ours,SSIM,0.9087024501391819
vari-grip/good/Fotos 01-12-2020_DJI_0079_vari_grip_51,Ours,SSIM,0.9879402433122907
vari-grip/good/Fotos 01-12-2020_DJI_0140_vari_grip_47,Ours,SSIM,0.9675639271736145
vari-grip/good/Fotos 01-12-2020_DJI_0199_vari_grip_41,Ours,SSIM,0.9848083598273141
vari-grip/good/Fotos 01-12-2020_DJI_0342_vari_grip_32,Ours,SSIM,0.9839441180229187
vari-grip/good/Fotos 01-12-2020_DJI_0402_vari_grip_29,Ours,SSIM,0.9937231114932469
vari-grip/good/Fotos 01-12-2020_DJI_0457_vari_grip_24,Ours,SSIM,0.9830339976719448
vari-grip/good/Fotos 01-12-2020_DJI_0457_vari_grip_25,Ours,SSIM,0.978171569960458
vari-grip/good/Fotos 02-12-2020_DJI_0020_vari_grip_94,Ours,SSIM,0.9911628876413617
vari-grip/good/Fotos 02-12-2020_DJI_0132_vari_grip_88,Ours,SSIM,0.9923862389155796
vari-grip/good/Fotos 02-12-2020_DJI_0194_vari_grip_84,Ours,SSIM,0.970834493637085
vari-grip/good/Fotos 02-12-2020_DJI_0367_vari_grip_65,Ours,SSIM,0.9832194788115365
vari-grip/good/Fotos 02-12-2020_DJI_0368_vari_grip_67,Ours,SSIM,0.9831990344183785
vari-grip/good/Fotos 02-12-2020_DJI_0374_vari_grip_71,Ours,SSIM,0.9667203256062099
vari-grip/good/Fotos 02-12-2020_DJI_0427_vari_grip_61,Ours,SSIM,0.9922404714993068
vari-grip/good/Fotos 03-12-2020_DJI_0149_vari_grip_126,Ours,SSIM,0.9927444543157306
vari-grip/good/Fotos 03-12-2020_DJI_0150_vari_grip_128,Ours,SSIM,0.9915800264903477
vari-grip/good/Fotos 03-12-2020_DJI_0457_vari_grip_110,Ours,SSIM,0.9962607877595084
vari-grip/good/Fotos 03-12-2020_DJI_0561_vari_grip_100,Ours,SSIM,0.9904858895710537
vari-grip/good/Fotos 04-12-2020_DJI_0762_vari_grip_164,Ours,SSIM,0.995272159576416
vari-grip/good/Fotos 04-12-2020_DJI_0806_vari_grip_160,Ours,SSIM,0.9936189566339765
vari-grip/good/Fotos 04-12-2020_DJI_0902_vari_grip_149,Ours,SSIM,0.9963834285736084
vari-grip/good/Fotos 04-12-2020_DJI_0950_vari_grip_142,Ours,SSIM,0.9939920221056256
vari-grip/good/Fotos 04-12-2020_DJI_0951_vari_grip_145,Ours,SSIM,0.9886584963117327
vari-grip/good/Fotos 04-12-2020_DJI_0954_vari_grip_146,Ours,SSIM,0.8833613821438381
vari-grip/good/Fotos 04-12-2020_DJI_1000 (2)_vari_grip_141,Ours,SSIM,0.9062461001532418
vari-grip/good/Fotos 07-12-2020_DJI_0059_vari_grip_192,Ours,SSIM,0.9927400946617126
vari-grip/good/Fotos 07-12-2020_DJI_0140_vari_grip_183,Ours,SSIM,0.9430709140641349
vari-grip/good/Fotos 07-12-2020_DJI_0141_vari_grip_185,Ours,SSIM,0.948790431022644
vari-grip/good/Fotos 07-12-2020_DJI_0155_vari_grip_186,Ours,SSIM,0.9721129621778216
vari-grip/good/Fotos 07-12-2020_DJI_0187_vari_grip_179,Ours,SSIM,0.9683660779680524
vari-grip/good/Fotos 08-12-2020_DJI_0452_vari_grip_225,Ours,SSIM,0.9903155650411334
vari-grip/good/Fotos 08-12-2020_DJI_0455_vari_grip_229,Ours,SSIM,0.8533096739224025
vari-grip/good/Fotos 08-12-2020_DJI_0538_vari_grip_218,Ours,SSIM,0.8592818805149623
vari-grip/good/Fotos 08-12-2020_DJI_0613_vari_grip_208,Ours,SSIM,0.9878366844994682
vari-grip/good/Fotos 08-12-2020_DJI_0652_vari_grip_204,Ours,SSIM,0.9905638779912677
vari-grip/good/Fotos 09-12-2020_DJI_0017_vari_grip_269,Ours,SSIM,0.9921432648386274
vari-grip/good/Fotos 09-12-2020_DJI_0018_vari_grip_271,Ours,SSIM,0.9737614137785775
vari-grip/good/Fotos 09-12-2020_DJI_0056_vari_grip_263,Ours,SSIM,0.993599031652723
vari-grip/good/Fotos 09-12-2020_DJI_0102_vari_grip_261,Ours,SSIM,0.9886919004576546
vari-grip/good/Fotos 09-12-2020_DJI_0143_vari_grip_249,Ours,SSIM,0.9891136033194405
vari-grip/good/Fotos 09-12-2020_DJI_0144_vari_grip_252,Ours,SSIM,0.9894423910549709
vari-grip/good/Fotos 09-12-2020_DJI_0310_vari_grip_238,Ours,SSIM,0.9898344022887093
vari-grip/good/Fotos 09-12-2020_DJI_0348_vari_grip_233,Ours,SSIM,0.9752366117068699
vari-grip/good/Fotos 10-12-2020_DJI_0020_vari_grip_327,Ours,SSIM,0.9825362818581718
vari-grip/good/Fotos 10-12-2020_DJI_0024_vari_grip_332,Ours,SSIM,0.8836388502802167
vari-grip/good/Fotos 10-12-2020_DJI_0101_vari_grip_312,Ours,SSIM,0.994812147957938
vari-grip/good/Fotos 10-12-2020_DJI_0140_vari_grip_300,Ours,SSIM,0.9941557049751282
vari-grip/good/Fotos 10-12-2020_DJI_0182_vari_grip_295,Ours,SSIM,0.9926964640617371
vari-grip/good/Fotos 10-12-2020_DJI_0182_vari_grip_296,Ours,SSIM,0.9931886536734444
vari-grip/good/Fotos 10-12-2020_DJI_0184_vari_grip_299,Ours,SSIM,0.9548962371689933
vari-grip/good/Fotos 10-12-2020_DJI_0258_vari_grip_282,Ours,SSIM,0.9953286136899676
vari-grip/good/Fotos 10-12-2020_DJI_0259_vari_grip_283,Ours,SSIM,0.9690937995910645
vari-grip/good/Fotos 10-12-2020_DJI_0262_vari_grip_285,Ours,SSIM,0.9750828146934509
vari-grip/good/Fotos 11-12-2020_DJI_0055_vari_grip_379,Ours,SSIM,0.991119989327022
vari-grip/good/Fotos 11-12-2020_DJI_0290_vari_grip_346,Ours,SSIM,0.8563886157103947
vari-grip/good/Fotos 14-12-2020_DJI_0433_vari_grip_399,Ours,SSIM,0.9267509153911045
vari-grip/good/Fotos 14-12-2020_DJI_0624_vari_grip_392,Ours,SSIM,0.9734084010124207
vari-grip/good/Fotos 16-11-2020_DJI_0110_vari_grip_439,Ours,SSIM,0.9349289877074105
vari-grip/good/Fotos 16-11-2020_DJI_0153_vari_grip_434,Ours,SSIM,0.9197424990790231
vari-grip/good/Fotos 16-11-2020_DJI_0157_vari_grip_438,Ours,SSIM,0.930562036378043
vari-grip/good/Fotos 16-12-2020_DJI_0034_vari_grip_475,Ours,SSIM,0.9796323180198669
vari-grip/good/Fotos 16-12-2020_DJI_0188_vari_grip_464,Ours,SSIM,0.991266531603677
vari-grip/good/Fotos 16-12-2020_DJI_0404_vari_grip_450,Ours,SSIM,0.9375451036861965
vari-grip/good/Fotos 17-11-2020_DJI_0106_vari_grip_493,Ours,SSIM,0.93632801089968
vari-grip/good/Fotos 17-11-2020_DJI_0120_vari_grip_496,Ours,SSIM,0.8964118574346814
vari-grip/good/Fotos 17-11-2020_DJI_0121_vari_grip_497,Ours,SSIM,0.9535886730466571
vari-grip/good/Fotos 17-11-2020_DJI_0206_vari_grip_491,Ours,SSIM,0.9058607390948704
vari-grip/good/Fotos 17-12-2020_DJI_0168_vari_grip_514,Ours,SSIM,0.9706339069775173
vari-grip/good/Fotos 18-11-2020_DJI_0070_vari_grip_548,Ours,SSIM,0.9480874197823661
vari-grip/good/Fotos 18-11-2020_DJI_0109_vari_grip_546,Ours,SSIM,0.9596100194113595
vari-grip/good/Fotos 18-11-2020_DJI_0137_vari_grip_541,Ours,SSIM,0.9149912425449916
vari-grip/good/Fotos 18-11-2020_DJI_0246_vari_grip_528,Ours,SSIM,0.970581727368491
vari-grip/good/Fotos 19-10-2020_DJI_0045_vari_grip_4,Ours,SSIM,0.9614067333085197
vari-grip/good/Fotos 19-10-2020_DJI_0046_vari_grip_6,Ours,SSIM,0.9694411328860691
vari-grip/good/Fotos 19-10-2020_DJI_0046_vari_grip_7,Ours,SSIM,0.9408715197018215
vari-grip/good/Fotos 19-10-2020_DJI_0083_vari_grip_15,Ours,SSIM,0.9556181686265128
vari-grip/good/Fotos 19-10-2020_DJI_0084_vari_grip_16,Ours,SSIM,0.9442206110273089
vari-grip/good/Fotos 19-11-2020_DJI_0119_vari_grip_578,Ours,SSIM,0.9701896735600063
vari-grip/good/Fotos 19-11-2020_DJI_0199_vari_grip_562,Ours,SSIM,0.9510486125946045
vari-grip/good/Fotos 19-11-2020_DJI_0236_vari_grip_561,Ours,SSIM,0.937949674470084
vari-grip/good/Fotos 20-10-2020_DJI_0201_vari_grip_613,Ours,SSIM,0.992949298449925
vari-grip/good/Fotos 20-10-2020_DJI_0205_vari_grip_620,Ours,SSIM,0.9808311717850822
vari-grip/good/Fotos 20-10-2020_DJI_0211_vari_grip_633,Ours,SSIM,0.976662448474339
vari-grip/good/Fotos 20-10-2020_DJI_0238_vari_grip_641,Ours,SSIM,0.9257607460021973
vari-grip/good/Fotos 20-10-2020_DJI_0243_vari_grip_648,Ours,SSIM,0.957171652998243
vari-grip/good/Fotos 20-10-2020_DJI_0244_vari_grip_651,Ours,SSIM,0.9152766040393284
vari-grip/good/Fotos 20-10-2020_DJI_0245_vari_grip_653,Ours,SSIM,0.9277939711298261
vari-grip/good/Fotos 20-10-2020_DJI_0255_vari_grip_658,Ours,SSIM,0.9810316818101066
vari-grip/good/Fotos 20-10-2020_DJI_0255_vari_grip_659,Ours,SSIM,0.9684670652662005
vari-grip/good/Fotos 20-10-2020_DJI_0256_vari_grip_660,Ours,SSIM,0.9724463735307965
vari-grip/good/Fotos 20-10-2020_DJI_0265_vari_grip_586,Ours,SSIM,0.9390156354222979
vari-grip/good/Fotos 20-10-2020_DJI_0268_vari_grip_589,Ours,SSIM,0.9562307255608695
vari-grip/good/Fotos 20-10-2020_DJI_0282_vari_grip_590,Ours,SSIM,0.9366162504468646
vari-grip/good/Fotos 20-11-2020_DJI_0144_vari_grip_697,Ours,SSIM,0.881427356175014
vari-grip/good/Fotos 20-11-2020_DJI_0171_vari_grip_687,Ours,SSIM,0.9789901801518032
vari-grip/good/Fotos 20-11-2020_DJI_0172_vari_grip_689,Ours,SSIM,0.9768795881952558
vari-grip/good/Fotos 20-11-2020_DJI_0275_vari_grip_672,Ours,SSIM,0.9931295343807766
vari-grip/good/Fotos 22-10-2020_DJI_0858_vari_grip_718,Ours,SSIM,0.9335792831012181
vari-grip/good/Fotos 22-10-2020_DJI_0864_vari_grip_724,Ours,SSIM,0.9354733058384487
vari-grip/good/Fotos 22-10-2020_DJI_0864_vari_grip_725,Ours,SSIM,0.9233681048665728
vari-grip/good/Fotos 22-10-2020_DJI_0880_vari_grip_734,Ours,SSIM,0.9522368737629482
vari-grip/good/Fotos 23-11-2020_DJI_0143_vari_grip_783,Ours,SSIM,0.9839401245117188
vari-grip/good/Fotos 23-11-2020_DJI_0177_vari_grip_782,Ours,SSIM,0.992929892880576
vari-grip/good/Fotos 23-11-2020_DJI_0209_vari_grip_777,Ours,SSIM,0.9718086889811924
vari-grip/good/Fotos 24-11-2020_DJI_0101_vari_grip_837,Ours,SSIM,0.9832155193601336
vari-grip/good/Fotos 24-11-2020_DJI_0243_vari_grip_827,Ours,SSIM,0.9351885574204581
vari-grip/good/Fotos 24-11-2020_DJI_0244_vari_grip_830,Ours,SSIM,0.8712914500917707
vari-grip/good/Fotos 25-11-2020_DJI_0208_vari_grip_862,Ours,SSIM,0.967749834060669
vari-grip/good/Fotos 26-11-2020_DJI_0213_vari_grip_904,Ours,SSIM,0.8977154152733939
vari-grip/good/Fotos 26-11-2020_DJI_0213_vari_grip_905,Ours,SSIM,0.9410627739770072
vari-grip/good/Fotos 27-11-2020_DJI_0421_vari_grip_934,Ours,SSIM,0.8953208327293396
vari-grip/good/Fotos 27-11-2020_DJI_0421_vari_grip_935,Ours,SSIM,0.8957695024354118
vari-grip/good/Fotos 27-11-2020_DJI_0422_vari_grip_937,Ours,SSIM,0.9179147396768842
vari-grip/good/Fotos 30-11-2020_DJI_0033_vari_grip_1007,Ours,SSIM,0.9906331556183952
vari-grip/good/Fotos 30-11-2020_DJI_0193_vari_grip_996,Ours,SSIM,0.9811351384435382
vari-grip/good/Fotos 30-11-2020_DJI_0437_vari_grip_975,Ours,SSIM,0.9929916092327663
vari-grip/good/Fotos 30-11-2020_DJI_0438_vari_grip_976,Ours,SSIM,0.9907432198524475
vari-grip/good/Fotos 30-11-2020_DJI_0501_vari_grip_969,Ours,SSIM,0.993205555847713
vari-grip/good/Fotos 30-11-2020_DJI_0561_vari_grip_964,Ours,SSIM,0.9935247898101807
vari-grip/rust/01-06-2021_DJI_0030_6_0,Ours,SSIM,0.9643929771014622
vari-grip/rust/01-06-2021_DJI_0030_6_7,Ours,SSIM,0.9333377225058419
vari-grip/rust/01-06-2021_DJI_0146_39_2,Ours,SSIM,0.9604824100221906
vari-grip/rust/01-06-2021_DJI_0146_39_6,Ours,SSIM,0.9268577694892883
vari-grip/rust/01-06-2021_DJI_0146_40_0,Ours,SSIM,0.9791876673698425
vari-grip/rust/01-06-2021_DJI_0162_46_6,Ours,SSIM,0.988508369241442
vari-grip/rust/02-06-2021_DJI_0359_261_8,Ours,SSIM,0.9433762090546745
vari-grip/rust/08-06-2021_DJI_0385_421_2,Ours,SSIM,0.9761175342968532
vari-grip/rust/08-06-2021_DJI_0385_421_4,Ours,SSIM,0.9671706897871835
vari-grip/rust/08-06-2021_DJI_0385_421_6,Ours,SSIM,0.9662315334592547
vari-grip/rust/08-06-2021_DJI_0385_422,Ours,SSIM,0.9670247265270778
vari-grip/rust/08-06-2021_DJI_0385_422_0,Ours,SSIM,0.9419931599072048
vari-grip/rust/08-06-2021_DJI_0385_422_5,Ours,SSIM,0.9496359143938337
vari-grip/rust/09-06-2021_DJI_0466_568,Ours,SSIM,0.9740182842527118
vari-grip/rust/09-06-2021_DJI_0466_568_6,Ours,SSIM,0.9748157688549587
vari-grip/rust/09-06-2021_DJI_0467_570_2,Ours,SSIM,0.9323023046766009
vari-grip/rust/09-06-2021_DJI_0467_570_4,Ours,SSIM,0.9290686249732971
vari-grip/rust/10-06-2021_DJI_0018_611,Ours,SSIM,0.9546816945075989
vari-grip/rust/10-06-2021_DJI_0018_611_1,Ours,SSIM,0.9114064659391131
vari-grip/rust/10-06-2021_DJI_0018_611_7,Ours,SSIM,0.9528859683445522
vari-grip/rust/10-06-2021_DJI_0019_613_5,Ours,SSIM,0.9577956880841937
vari-grip/rust/11-06-2021_DJI_0479_11_6,Ours,SSIM,0.9559803009033203
vari-grip/rust/11-06-2021_DJI_0479_11_7,Ours,SSIM,0.9219199674470084
vari-grip/rust/11-06-2021_DJI_0479_11_8,Ours,SSIM,0.9412189892360142
vari-grip/rust/15-06-2021_DJI_0118_741,Ours,SSIM,0.9775031464440482
vari-grip/rust/Fotos 23-10-2020_DJI_0029_vari_grip_745_7,Ours,SSIM,0.8797699638775417
vari-grip/rust/Fotos 23-10-2020_DJI_0031_vari_grip_748_0,Ours,SSIM,0.8165402753012521
vari-grip/rust/Fotos 23-10-2020_DJI_0031_vari_grip_748_7,Ours,SSIM,0.8081357904842922
vari-grip/rust/Fotos 23-10-2020_DJI_0032_vari_grip_750,Ours,SSIM,0.938657113483974
vari-grip/rust/Fotos 23-10-2020_DJI_0032_vari_grip_750_3,Ours,SSIM,0.8695990358080182
vari-grip/rust/Fotos 23-10-2020_DJI_0034_vari_grip_751_0,Ours,SSIM,0.9428013648305621
vari-grip/rust/Fotos 23-10-2020_DJI_0034_vari_grip_752,Ours,SSIM,0.9616495370864868
vari-grip/rust/Fotos 23-10-2020_DJI_0034_vari_grip_752_7,Ours,SSIM,0.9255414349692208
vari-grip/rust/Fotos 23-10-2020_DJI_0035_vari_grip_753_4,Ours,SSIM,0.9411736130714417
vari-grip/rust/Fotos 23-10-2020_DJI_0035_vari_grip_753_5,Ours,SSIM,0.932351963860648
vari-grip/rust/Fotos 23-10-2020_DJI_0038_vari_grip_756_1,Ours,SSIM,0.9707880105291095
vari-grip/rust/Fotos 23-10-2020_DJI_0038_vari_grip_756_4,Ours,SSIM,0.9681737167494637
vari-grip/rust/Fotos 23-10-2020_DJI_0041_vari_grip_757,Ours,SSIM,0.9463312370436532
vari-grip/rust/Fotos 23-10-2020_DJI_0043_vari_grip_759,Ours,SSIM,0.9668585658073425
vari-grip/rust/Fotos 23-10-2020_DJI_0043_vari_grip_760_5,Ours,SSIM,0.9648640836988177
vari-grip/rust/Fotos 23-10-2020_DJI_0043_vari_grip_760_8,Ours,SSIM,0.9412652168955121
vari-grip/rust/Fotos 23-10-2020_DJI_0047_vari_grip_763_6,Ours,SSIM,0.965851366519928
vari-grip/rust/Fotos 23-10-2020_DJI_0047_vari_grip_764_0,Ours,SSIM,0.8398449442216328
vari-grip/rust/Fotos 23-10-2020_DJI_0047_vari_grip_764_1,Ours,SSIM,0.9312423552785601
vari-grip/rust/Fotos 23-10-2020_DJI_0047_vari_grip_764_3,Ours,SSIM,0.8663735517433712
vari-grip/rust/Fotos 23-10-2020_DJI_0047_vari_grip_764_5,Ours,SSIM,0.9344805308750698
vari-grip/rust/Fotos 23-10-2020_DJI_0048_vari_grip_765,Ours,SSIM,0.9135035106113979
vari-grip/rust/Fotos 23-10-2020_DJI_0065_vari_grip_736,Ours,SSIM,0.9615413461412702
vari-grip/rust/Fotos 23-10-2020_DJI_0065_vari_grip_736_0,Ours,SSIM,0.848425030708313
vari-grip/rust/Fotos 23-10-2020_DJI_0065_vari_grip_736_5,Ours,SSIM,0.9187255586896624
vari-grip/rust/Fotos 23-10-2020_DJI_0072_vari_grip_737_3,Ours,SSIM,0.9177742430141994
vari-grip/rust/Fotos 23-10-2020_DJI_0072_vari_grip_737_4,Ours,SSIM,0.9409661548478263
vari-grip/rust/Fotos 23-10-2020_DJI_0072_vari_grip_737_6,Ours,SSIM,0.925115670476641
vari-grip/rust/Fotos 23-10-2020_DJI_0072_vari_grip_737_8,Ours,SSIM,0.895533276455743
vari-grip/rust/Fotos 23-10-2020_DJI_0073_vari_grip_738_1,Ours,SSIM,0.9136521220207214
vari-grip/rust/Fotos 23-10-2020_DJI_0073_vari_grip_738_2,Ours,SSIM,0.9744911023548671
vari-grip/rust/Fotos 23-10-2020_DJI_0074_vari_grip_739_0,Ours,SSIM,0.9814189076423645
vari-grip/rust/Fotos 23-10-2020_DJI_0074_vari_grip_739_3,Ours,SSIM,0.9700935312679836
vari-grip/rust/Fotos 23-10-2020_DJI_0113_vari_grip_743_4,Ours,SSIM,0.8295599466988018
vari-grip/rust/Fotos 23-10-2020_DJI_0114_vari_grip_744_1,Ours,SSIM,0.9263582059315273
vari-grip/rust/Fotos 23-10-2020_DJI_0114_vari_grip_744_7,Ours,SSIM,0.9273120675768171
vari-grip/rust/Fotos 23-10-2020_DJI_0114_vari_grip_744_8,Ours,SSIM,0.9399649926594326
vari-grip/bird-nest/08-06-2021_DJI_0089_322,Ours,LPIPS,0.15145037536110198
vari-grip/bird-nest/08-06-2021_DJI_0089_322_3,Ours,LPIPS,0.13900197829518998
vari-grip/bird-nest/08-06-2021_DJI_0285_392,Ours,LPIPS,0.1719804531229394
vari-grip/bird-nest/10-06-2021_DJI_0244_649_2,Ours,LPIPS,0.13503236775951727
vari-grip/bird-nest/10-06-2021_DJI_0270_657_5,Ours,LPIPS,0.21115139658961976
vari-grip/bird-nest/10-06-2021_DJI_0270_657_7,Ours,LPIPS,0.19719906683479035
vari-grip/bird-nest/10-06-2021_DJI_0271_658_1,Ours,LPIPS,0.13826366088220052
vari-grip/bird-nest/10-06-2021_DJI_0271_658_2,Ours,LPIPS,0.13544847922665731
vari-grip/bird-nest/10-06-2021_DJI_0271_658_6,Ours,LPIPS,0.10682079568505287
vari-grip/bird-nest/10-06-2021_DJI_0271_658_8,Ours,LPIPS,0.14396120368369988
vari-grip/bird-nest/11-06-2021_DJI_0121_4_1,Ours,LPIPS,0.1347152790320771
vari-grip/bird-nest/11-06-2021_DJI_0121_4_4,Ours,LPIPS,0.13556177381958281
vari-grip/bird-nest/11-06-2021_DJI_0121_4_5,Ours,LPIPS,0.17213432384388788
vari-grip/bird-nest/11-06-2021_DJI_0132_6_0,Ours,LPIPS,0.16108553005116327
vari-grip/bird-nest/11-06-2021_DJI_0132_6_6,Ours,LPIPS,0.1395282745361328
vari-grip/bird-nest/15-06-2021_DJI_0044_726,Ours,LPIPS,0.08374951700014728
vari-grip/bird-nest/15-06-2021_DJI_0044_726_6,Ours,LPIPS,0.18970814027956553
vari-grip/bird-nest/Fotos 02-12-2020_DJI_0492_vari_grip_56_4,Ours,LPIPS,0.12761125713586807
vari-grip/bird-nest/Fotos 02-12-2020_DJI_0492_vari_grip_57_0,Ours,LPIPS,0.09092009706156594
vari-grip/bird-nest/Fotos 02-12-2020_DJI_0492_vari_grip_57_4,Ours,LPIPS,0.16875127064330236
vari-grip/bird-nest/Fotos 17-11-2020_DJI_0289_vari_grip_478,Ours,LPIPS,0.12063750624656677
vari-grip/bird-nest/Fotos 17-11-2020_DJI_0303_vari_grip_479_0,Ours,LPIPS,0.13769268430769444
vari-grip/bird-nest/Fotos 17-11-2020_DJI_0304_vari_grip_480,Ours,LPIPS,0.14350951516202518
vari-grip/bird-nest/Fotos 18-11-2020_DJI_0209_vari_grip_530_0,Ours,LPIPS,0.1592222617140838
vari-grip/bird-nest/Fotos 18-11-2020_DJI_0209_vari_grip_530_3,Ours,LPIPS,0.1604977228811809
vari-grip/bird-nest/Fotos 19-11-2020_DJI_0140_vari_grip_571_3,Ours,LPIPS,0.16965507928814208
vari-grip/bird-nest/Fotos 19-11-2020_DJI_0140_vari_grip_571_7,Ours,LPIPS,0.20461843056338175
vari-grip/bird-nest/Fotos 19-11-2020_DJI_0149_vari_grip_573_0,Ours,LPIPS,0.25618745599474224
vari-grip/bird-nest/Fotos 19-11-2020_DJI_0149_vari_grip_573_4,Ours,LPIPS,0.21081363729068212
vari-grip/bird-nest/Fotos 19-11-2020_DJI_0149_vari_grip_573_6,Ours,LPIPS,0.23675876217229025
vari-grip/bird-nest/Fotos 19-11-2020_DJI_0150_vari_grip_574_0,Ours,LPIPS,0.24769731291702815
vari-grip/bird-nest/Fotos 19-11-2020_DJI_0150_vari_grip_575_1,Ours,LPIPS,0.25447453026260647
vari-grip/bird-nest/Fotos 19-11-2020_DJI_0150_vari_grip_575_2,Ours,LPIPS,0.13743274685527598
vari-grip/bird-nest/Fotos 19-11-2020_DJI_0151_vari_grip_577_2,Ours,LPIPS,0.10661075583526067
vari-grip/bird-nest/Fotos 19-11-2020_DJI_0151_vari_grip_577_3,Ours,LPIPS,0.2149437160364219
vari-grip/bird-nest/Fotos 19-11-2020_DJI_0151_vari_grip_577_4,Ours,LPIPS,0.17104354287896836
vari-grip/bird-nest/Fotos 20-11-2020_DJI_0210_vari_grip_683_2,Ours,LPIPS,0.194111063012055
vari-grip/bird-nest/Fotos 20-11-2020_DJI_0210_vari_grip_683_7,Ours,LPIPS,0.16797285846301488
vari-grip/bird-nest/Fotos 23-11-2020_DJI_0279_vari_grip_768_0,Ours,LPIPS,0.12026969875608172
vari-grip/bird-nest/Fotos 23-11-2020_DJI_0279_vari_grip_768_2,Ours,LPIPS,0.18037938539470946
vari-grip/bird-nest/Fotos 25-11-2020_DJI_0207_vari_grip_861_0,Ours,LPIPS,0.11953390389680862
vari-grip/bird-nest/Fotos 25-11-2020_DJI_0207_vari_grip_861_6,Ours,LPIPS,0.1333814641194684
vari-grip/bird-nest/Fotos 25-11-2020_DJI_0563_vari_grip_841_0,Ours,LPIPS,0.17118133391652787
vari-grip/bird-nest/Fotos 25-11-2020_DJI_0563_vari_grip_841_2,Ours,LPIPS,0.1555532150502716
vari-grip/bird-nest/Fotos 25-11-2020_DJI_0563_vari_grip_841_4,Ours,LPIPS,0.1969080130968775
vari-grip/bird-nest/Fotos 25-11-2020_DJI_0563_vari_grip_841_7,Ours,LPIPS,0.18318322407347815
vari-grip/bird-nest/Fotos 25-11-2020_DJI_0564_vari_grip_843,Ours,LPIPS,0.19875788422567503
vari-grip/bird-nest/Fotos 25-11-2020_DJI_0564_vari_grip_843_1,Ours,LPIPS,0.12114365199314696
vari-grip/bird-nest/Fotos 25-11-2020_DJI_0564_vari_grip_843_2,Ours,LPIPS,0.21017553444419587
vari-grip/bird-nest/Fotos 25-11-2020_DJI_0564_vari_grip_844,Ours,LPIPS,0.1277147861463683
vari-grip/bird-nest/Fotos 25-11-2020_DJI_0564_vari_grip_844_4,Ours,LPIPS,0.2320601695350238
vari-grip/bird-nest/Fotos 25-11-2020_DJI_0564_vari_grip_844_7,Ours,LPIPS,0.1136178265192679
vari-grip/bird-nest/Fotos 25-11-2020_DJI_0564_vari_grip_844_8,Ours,LPIPS,0.12066077387758664
vari-grip/bird-nest/Fotos 25-11-2020_DJI_0586_vari_grip_845,Ours,LPIPS,0.06712755348001208
vari-grip/bird-nest/Fotos 25-11-2020_DJI_0586_vari_grip_845_2,Ours,LPIPS,0.13790258765220642
vari-grip/bird-nest/Fotos 25-11-2020_DJI_0586_vari_grip_845_7,Ours,LPIPS,0.18255409811224257
vari-grip/bird-nest/Fotos 25-11-2020_DJI_0586_vari_grip_845_8,Ours,LPIPS,0.11690992409629482
vari-grip/bird-nest/Fotos 25-11-2020_DJI_0586_vari_grip_846,Ours,LPIPS,0.06951408620391573
vari-grip/bird-nest/Fotos 25-11-2020_DJI_0586_vari_grip_846_3,Ours,LPIPS,0.11500914554510798
vari-grip/bird-nest/Fotos 25-11-2020_DJI_0586_vari_grip_846_4,Ours,LPIPS,0.06624646750944001
vari-grip/bird-nest/Fotos 25-11-2020_DJI_0588_vari_grip_847_1,Ours,LPIPS,0.18765969574451447
vari-grip/bird-nest/Fotos 25-11-2020_DJI_0588_vari_grip_847_8,Ours,LPIPS,0.15744687191077641
vari-grip/bird-nest/Fotos 26-11-2020_DJI_0214_vari_grip_906_1,Ours,LPIPS,0.2009229798402105
vari-grip/bird-nest/Fotos 26-11-2020_DJI_0214_vari_grip_907,Ours,LPIPS,0.2063990474811622
vari-grip/bird-nest/Fotos 26-11-2020_DJI_0215_vari_grip_908_3,Ours,LPIPS,0.17603028086679323
vari-grip/bird-nest/Fotos 26-11-2020_DJI_0262_vari_grip_910,Ours,LPIPS,0.22890423823680198
vari-grip/bird-nest/Fotos 26-11-2020_DJI_0262_vari_grip_911,Ours,LPIPS,0.16734478888767107
vari-grip/bird-nest/Fotos 27-11-2020_DJI_0491_vari_grip_933_1,Ours,LPIPS,0.17015952191182546
vari-grip/bird-nest/Fotos 27-11-2020_DJI_0491_vari_grip_933_4,Ours,LPIPS,0.12855073756405286
vari-grip/bird-nest/Fotos 27-11-2020_DJI_0491_vari_grip_933_8,Ours,LPIPS,0.13654716845069612
vari-grip/bird-nest/Fotos 27-11-2020_DJI_0566_vari_grip_924_6,Ours,LPIPS,0.15343004199010984
vari-grip/bird-nest/Fotos 27-11-2020_DJI_0566_vari_grip_925,Ours,LPIPS,0.07063867976622921
vari-grip/bird-nest/Fotos 27-11-2020_DJI_0566_vari_grip_925_2,Ours,LPIPS,0.1538485541407551
vari-grip/bird-nest/Fotos 27-11-2020_DJI_0566_vari_grip_925_3,Ours,LPIPS,0.11295637648020472
vari-grip/bird-nest/Fotos 27-11-2020_DJI_0566_vari_grip_925_6,Ours,LPIPS,0.16219836313809669
vari-grip/good/Fotos 01-12-2020_DJI_0079_vari_grip_51,Ours,LPIPS,0.12987130933574267
vari-grip/good/Fotos 01-12-2020_DJI_0140_vari_grip_47,Ours,LPIPS,0.14638941016580378
vari-grip/good/Fotos 01-12-2020_DJI_0199_vari_grip_41,Ours,LPIPS,0.07592606890414443
vari-grip/good/Fotos 01-12-2020_DJI_0342_vari_grip_32,Ours,LPIPS,0.11238153012735504
vari-grip/good/Fotos 01-12-2020_DJI_0402_vari_grip_29,Ours,LPIPS,0.055517504390861304
vari-grip/good/Fotos 01-12-2020_DJI_0457_vari_grip_24,Ours,LPIPS,0.15747490844556264
vari-grip/good/Fotos 01-12-2020_DJI_0457_vari_grip_25,Ours,LPIPS,0.16377478412219457
vari-grip/good/Fotos 02-12-2020_DJI_0020_vari_grip_94,Ours,LPIPS,0.09289288680468287
vari-grip/good/Fotos 02-12-2020_DJI_0132_vari_grip_88,Ours,LPIPS,0.041364939617259164
vari-grip/good/Fotos 02-12-2020_DJI_0194_vari_grip_84,Ours,LPIPS,0.16525078458445414
vari-grip/good/Fotos 02-12-2020_DJI_0367_vari_grip_65,Ours,LPIPS,0.07262855102973324
vari-grip/good/Fotos 02-12-2020_DJI_0368_vari_grip_67,Ours,LPIPS,0.06217977910169533
vari-grip/good/Fotos 02-12-2020_DJI_0374_vari_grip_71,Ours,LPIPS,0.20103095737951143
vari-grip/good/Fotos 02-12-2020_DJI_0427_vari_grip_61,Ours,LPIPS,0.05190401391259262
vari-grip/good/Fotos 03-12-2020_DJI_0149_vari_grip_126,Ours,LPIPS,0.04899226554802486
vari-grip/good/Fotos 03-12-2020_DJI_0150_vari_grip_128,Ours,LPIPS,0.051307741552591324
vari-grip/good/Fotos 03-12-2020_DJI_0457_vari_grip_110,Ours,LPIPS,0.04019134970647948
vari-grip/good/Fotos 03-12-2020_DJI_0561_vari_grip_100,Ours,LPIPS,0.05164155590214899
vari-grip/good/Fotos 04-12-2020_DJI_0762_vari_grip_164,Ours,LPIPS,0.06632859020360879
vari-grip/good/Fotos 04-12-2020_DJI_0806_vari_grip_160,Ours,LPIPS,0.04843533890587943
vari-grip/good/Fotos 04-12-2020_DJI_0902_vari_grip_149,Ours,LPIPS,0.022390284043337618
vari-grip/good/Fotos 04-12-2020_DJI_0950_vari_grip_142,Ours,LPIPS,0.046513766050338745
vari-grip/good/Fotos 04-12-2020_DJI_0951_vari_grip_145,Ours,LPIPS,0.06933842812265668
vari-grip/good/Fotos 04-12-2020_DJI_0954_vari_grip_146,Ours,LPIPS,0.2943614476493427
vari-grip/good/Fotos 04-12-2020_DJI_1000 (2)_vari_grip_141,Ours,LPIPS,0.21105121874383517
vari-grip/good/Fotos 07-12-2020_DJI_0059_vari_grip_192,Ours,LPIPS,0.044731062703898976
vari-grip/good/Fotos 07-12-2020_DJI_0140_vari_grip_183,Ours,LPIPS,0.14915411440389498
vari-grip/good/Fotos 07-12-2020_DJI_0141_vari_grip_185,Ours,LPIPS,0.15031857269683055
vari-grip/good/Fotos 07-12-2020_DJI_0155_vari_grip_186,Ours,LPIPS,0.08807255806667465
vari-grip/good/Fotos 07-12-2020_DJI_0187_vari_grip_179,Ours,LPIPS,0.11608938659940447
vari-grip/good/Fotos 08-12-2020_DJI_0452_vari_grip_225,Ours,LPIPS,0.07214573823979922
vari-grip/good/Fotos 08-12-2020_DJI_0455_vari_grip_229,Ours,LPIPS,0.28615289873310495
vari-grip/good/Fotos 08-12-2020_DJI_0538_vari_grip_218,Ours,LPIPS,0.32789414322801996
vari-grip/good/Fotos 08-12-2020_DJI_0613_vari_grip_208,Ours,LPIPS,0.06671612922634397
vari-grip/good/Fotos 08-12-2020_DJI_0652_vari_grip_204,Ours,LPIPS,0.05691528746059963
vari-grip/good/Fotos 09-12-2020_DJI_0017_vari_grip_269,Ours,LPIPS,0.054240865100707324
vari-grip/good/Fotos 09-12-2020_DJI_0018_vari_grip_271,Ours,LPIPS,0.15570504165121488
vari-grip/good/Fotos 09-12-2020_DJI_0056_vari_grip_263,Ours,LPIPS,0.05847561519060816
vari-grip/good/Fotos 09-12-2020_DJI_0102_vari_grip_261,Ours,LPIPS,0.06304766290954181
vari-grip/good/Fotos 09-12-2020_DJI_0143_vari_grip_249,Ours,LPIPS,0.09546423410730702
vari-grip/good/Fotos 09-12-2020_DJI_0144_vari_grip_252,Ours,LPIPS,0.09501407348683902
vari-grip/good/Fotos 09-12-2020_DJI_0310_vari_grip_238,Ours,LPIPS,0.0659510897738593
vari-grip/good/Fotos 09-12-2020_DJI_0348_vari_grip_233,Ours,LPIPS,0.09592814051679202
vari-grip/good/Fotos 10-12-2020_DJI_0020_vari_grip_327,Ours,LPIPS,0.08787604075457368
vari-grip/good/Fotos 10-12-2020_DJI_0024_vari_grip_332,Ours,LPIPS,0.3381057179399899
vari-grip/good/Fotos 10-12-2020_DJI_0101_vari_grip_312,Ours,LPIPS,0.08679101083959852
vari-grip/good/Fotos 10-12-2020_DJI_0140_vari_grip_300,Ours,LPIPS,0.03823619029883828
vari-grip/good/Fotos 10-12-2020_DJI_0182_vari_grip_295,Ours,LPIPS,0.0730762572160789
vari-grip/good/Fotos 10-12-2020_DJI_0182_vari_grip_296,Ours,LPIPS,0.058424772428614755
vari-grip/good/Fotos 10-12-2020_DJI_0184_vari_grip_299,Ours,LPIPS,0.19440627683486258
vari-grip/good/Fotos 10-12-2020_DJI_0258_vari_grip_282,Ours,LPIPS,0.02310546806880406
vari-grip/good/Fotos 10-12-2020_DJI_0259_vari_grip_283,Ours,LPIPS,0.11616382428577968
vari-grip/good/Fotos 10-12-2020_DJI_0262_vari_grip_285,Ours,LPIPS,0.13272825788174356
vari-grip/good/Fotos 11-12-2020_DJI_0055_vari_grip_379,Ours,LPIPS,0.06545384653976985
vari-grip/good/Fotos 11-12-2020_DJI_0290_vari_grip_346,Ours,LPIPS,0.25463304615446497
vari-grip/good/Fotos 14-12-2020_DJI_0433_vari_grip_399,Ours,LPIPS,0.17995005633149827
vari-grip/good/Fotos 14-12-2020_DJI_0624_vari_grip_392,Ours,LPIPS,0.15891890014920915
vari-grip/good/Fotos 16-11-2020_DJI_0110_vari_grip_439,Ours,LPIPS,0.13356104426618134
vari-grip/good/Fotos 16-11-2020_DJI_0153_vari_grip_434,Ours,LPIPS,0.13756247929164342
vari-grip/good/Fotos 16-11-2020_DJI_0157_vari_grip_438,Ours,LPIPS,0.16077830881944724
vari-grip/good/Fotos 16-12-2020_DJI_0034_vari_grip_475,Ours,LPIPS,0.15587027743458748
vari-grip/good/Fotos 16-12-2020_DJI_0188_vari_grip_464,Ours,LPIPS,0.0787082106939384
vari-grip/good/Fotos 16-12-2020_DJI_0404_vari_grip_450,Ours,LPIPS,0.19113659539393016
vari-grip/good/Fotos 17-11-2020_DJI_0106_vari_grip_493,Ours,LPIPS,0.18569406547716685
vari-grip/good/Fotos 17-11-2020_DJI_0120_vari_grip_496,Ours,LPIPS,0.09599618533892292
vari-grip/good/Fotos 17-11-2020_DJI_0121_vari_grip_497,Ours,LPIPS,0.11897982444081988
vari-grip/good/Fotos 17-11-2020_DJI_0206_vari_grip_491,Ours,LPIPS,0.20322475848453386
vari-grip/good/Fotos 17-12-2020_DJI_0168_vari_grip_514,Ours,LPIPS,0.14327507306422507
vari-grip/good/Fotos 18-11-2020_DJI_0070_vari_grip_548,Ours,LPIPS,0.15309613517352513
vari-grip/good/Fotos 18-11-2020_DJI_0109_vari_grip_546,Ours,LPIPS,0.18826999834605626
vari-grip/good/Fotos 18-11-2020_DJI_0137_vari_grip_541,Ours,LPIPS,0.1874482652970723
vari-grip/good/Fotos 18-11-2020_DJI_0246_vari_grip_528,Ours,LPIPS,0.13846587003873928
vari-grip/good/Fotos 19-10-2020_DJI_0045_vari_grip_4,Ours,LPIPS,0.15190687136990683
vari-grip/good/Fotos 19-10-2020_DJI_0046_vari_grip_6,Ours,LPIPS,0.1307261838976826
vari-grip/good/Fotos 19-10-2020_DJI_0046_vari_grip_7,Ours,LPIPS,0.14780363227639878
vari-grip/good/Fotos 19-10-2020_DJI_0083_vari_grip_15,Ours,LPIPS,0.13557504702891623
vari-grip/good/Fotos 19-10-2020_DJI_0084_vari_grip_16,Ours,LPIPS,0.19866288559777395
vari-grip/good/Fotos 19-11-2020_DJI_0119_vari_grip_578,Ours,LPIPS,0.11675083078444004
vari-grip/good/Fotos 19-11-2020_DJI_0199_vari_grip_562,Ours,LPIPS,0.17779294294970377
vari-grip/good/Fotos 19-11-2020_DJI_0236_vari_grip_561,Ours,LPIPS,0.17041667657239096
vari-grip/good/Fotos 20-10-2020_DJI_0201_vari_grip_613,Ours,LPIPS,0.06499232883964266
vari-grip/good/Fotos 20-10-2020_DJI_0205_vari_grip_620,Ours,LPIPS,0.08671202617032188
vari-grip/good/Fotos 20-10-2020_DJI_0211_vari_grip_633,Ours,LPIPS,0.1877710579761437
vari-grip/good/Fotos 20-10-2020_DJI_0238_vari_grip_641,Ours,LPIPS,0.1512354878442628
vari-grip/good/Fotos 20-10-2020_DJI_0243_vari_grip_648,Ours,LPIPS,0.1310284755059651
vari-grip/good/Fotos 20-10-2020_DJI_0244_vari_grip_651,Ours,LPIPS,0.15213414600917272
vari-grip/good/Fotos 20-10-2020_DJI_0245_vari_grip_653,Ours,LPIPS,0.1852337648825986
vari-grip/good/Fotos 20-10-2020_DJI_0255_vari_grip_658,Ours,LPIPS,0.11363578747425761
vari-grip/good/Fotos 20-10-2020_DJI_0255_vari_grip_659,Ours,LPIPS,0.119950604225908
vari-grip/good/Fotos 20-10-2020_DJI_0256_vari_grip_660,Ours,LPIPS,0.12377336887376648
vari-grip/good/Fotos 20-10-2020_DJI_0265_vari_grip_586,Ours,LPIPS,0.20502572719539916
vari-grip/good/Fotos 20-10-2020_DJI_0268_vari_grip_589,Ours,LPIPS,0.14390797646982328
vari-grip/good/Fotos 20-10-2020_DJI_0282_vari_grip_590,Ours,LPIPS,0.19688334316015244
vari-grip/good/Fotos 20-11-2020_DJI_0144_vari_grip_697,Ours,LPIPS,0.24486311259014265
vari-grip/good/Fotos 20-11-2020_DJI_0171_vari_grip_687,Ours,LPIPS,0.13587428256869316
vari-grip/good/Fotos 20-11-2020_DJI_0172_vari_grip_689,Ours,LPIPS,0.12644497464810098
vari-grip/good/Fotos 20-11-2020_DJI_0275_vari_grip_672,Ours,LPIPS,0.08186985445874077
vari-grip/good/Fotos 22-10-2020_DJI_0858_vari_grip_718,Ours,LPIPS,0.13297821474926813
vari-grip/good/Fotos 22-10-2020_DJI_0864_vari_grip_724,Ours,LPIPS,0.12122246729476112
vari-grip/good/Fotos 22-10-2020_DJI_0864_vari_grip_725,Ours,LPIPS,0.18056652269193105
vari-grip/good/Fotos 22-10-2020_DJI_0880_vari_grip_734,Ours,LPIPS,0.1838177101952689
vari-grip/good/Fotos 23-11-2020_DJI_0143_vari_grip_783,Ours,LPIPS,0.12774596150432313
vari-grip/good/Fotos 23-11-2020_DJI_0177_vari_grip_782,Ours,LPIPS,0.10003142058849335
vari-grip/good/Fotos 23-11-2020_DJI_0209_vari_grip_777,Ours,LPIPS,0.15889742012534822
vari-grip/good/Fotos 24-11-2020_DJI_0101_vari_grip_837,Ours,LPIPS,0.16200521428670203
vari-grip/good/Fotos 24-11-2020_DJI_0243_vari_grip_827,Ours,LPIPS,0.12629235269767897
vari-grip/good/Fotos 24-11-2020_DJI_0244_vari_grip_830,Ours,LPIPS,0.25586898252367973
vari-grip/good/Fotos 25-11-2020_DJI_0208_vari_grip_862,Ours,LPIPS,0.08300364443234035
vari-grip/good/Fotos 26-11-2020_DJI_0213_vari_grip_904,Ours,LPIPS,0.22887968804155076
vari-grip/good/Fotos 26-11-2020_DJI_0213_vari_grip_905,Ours,LPIPS,0.192028742815767
vari-grip/good/Fotos 27-11-2020_DJI_0421_vari_grip_934,Ours,LPIPS,0.1888157735977854
vari-grip/good/Fotos 27-11-2020_DJI_0421_vari_grip_935,Ours,LPIPS,0.17418909312358924
vari-grip/good/Fotos 27-11-2020_DJI_0422_vari_grip_937,Ours,LPIPS,0.15693728625774384
vari-grip/good/Fotos 30-11-2020_DJI_0033_vari_grip_1007,Ours,LPIPS,0.07553882843681745
vari-grip/good/Fotos 30-11-2020_DJI_0193_vari_grip_996,Ours,LPIPS,0.1336724598492895
vari-grip/good/Fotos 30-11-2020_DJI_0437_vari_grip_975,Ours,LPIPS,0.09233017851199422
vari-grip/good/Fotos 30-11-2020_DJI_0438_vari_grip_976,Ours,LPIPS,0.11904775883470263
vari-grip/good/Fotos 30-11-2020_DJI_0501_vari_grip_969,Ours,LPIPS,0.06447368620761804
vari-grip/good/Fotos 30-11-2020_DJI_0561_vari_grip_964,Ours,LPIPS,0.1257778054901532
vari-grip/rust/01-06-2021_DJI_0030_6_0,Ours,LPIPS,0.10610866573240076
vari-grip/rust/01-06-2021_DJI_0030_6_7,Ours,LPIPS,0.15189249494246074
vari-grip/rust/01-06-2021_DJI_0146_39_2,Ours,LPIPS,0.13917041889258794
vari-grip/rust/01-06-2021_DJI_0146_39_6,Ours,LPIPS,0.13339517691305705
vari-grip/rust/01-06-2021_DJI_0146_40_0,Ours,LPIPS,0.04209417982825211
vari-grip/rust/01-06-2021_DJI_0162_46_6,Ours,LPIPS,0.11653960602624076
vari-grip/rust/02-06-2021_DJI_0359_261_8,Ours,LPIPS,0.12037852379892554
vari-grip/rust/08-06-2021_DJI_0385_421_2,Ours,LPIPS,0.10647984381232943
vari-grip/rust/08-06-2021_DJI_0385_421_4,Ours,LPIPS,0.10159758318747793
vari-grip/rust/08-06-2021_DJI_0385_421_6,Ours,LPIPS,0.0828949945446636
vari-grip/rust/08-06-2021_DJI_0385_422,Ours,LPIPS,0.14222163973110064
vari-grip/rust/08-06-2021_DJI_0385_422_0,Ours,LPIPS,0.12641207235200064
vari-grip/rust/08-06-2021_DJI_0385_422_5,Ours,LPIPS,0.12644694426230021
vari-grip/rust/09-06-2021_DJI_0466_568,Ours,LPIPS,0.09624928661755153
vari-grip/rust/09-06-2021_DJI_0466_568_6,Ours,LPIPS,0.1172847721193518
vari-grip/rust/09-06-2021_DJI_0467_570_2,Ours,LPIPS,0.1182523678456034
vari-grip/rust/09-06-2021_DJI_0467_570_4,Ours,LPIPS,0.14189006015658379
vari-grip/rust/10-06-2021_DJI_0018_611,Ours,LPIPS,0.13976418386612618
vari-grip/rust/10-06-2021_DJI_0018_611_1,Ours,LPIPS,0.15629673908863748
vari-grip/rust/10-06-2021_DJI_0018_611_7,Ours,LPIPS,0.08938430582306214
vari-grip/rust/10-06-2021_DJI_0019_613_5,Ours,LPIPS,0.15764275512525014
vari-grip/rust/11-06-2021_DJI_0479_11_6,Ours,LPIPS,0.12121406836169106
vari-grip/rust/11-06-2021_DJI_0479_11_7,Ours,LPIPS,0.1935856235878808
vari-grip/rust/11-06-2021_DJI_0479_11_8,Ours,LPIPS,0.19191782282931463
vari-grip/rust/15-06-2021_DJI_0118_741,Ours,LPIPS,0.08363458780305726
vari-grip/rust/Fotos 23-10-2020_DJI_0029_vari_grip_745_7,Ours,LPIPS,0.26461978256702423
vari-grip/rust/Fotos 23-10-2020_DJI_0031_vari_grip_748_0,Ours,LPIPS,0.2586268862443311
vari-grip/rust/Fotos 23-10-2020_DJI_0031_vari_grip_748_7,Ours,LPIPS,0.23941026282097613
vari-grip/rust/Fotos 23-10-2020_DJI_0032_vari_grip_750,Ours,LPIPS,0.18475825392774173
vari-grip/rust/Fotos 23-10-2020_DJI_0032_vari_grip_750_3,Ours,LPIPS,0.2225000805088452
vari-grip/rust/Fotos 23-10-2020_DJI_0034_vari_grip_751_0,Ours,LPIPS,0.15052273124456406
vari-grip/rust/Fotos 23-10-2020_DJI_0034_vari_grip_752,Ours,LPIPS,0.18322764337062836
vari-grip/rust/Fotos 23-10-2020_DJI_0034_vari_grip_752_7,Ours,LPIPS,0.17222723817186697
vari-grip/rust/Fotos 23-10-2020_DJI_0035_vari_grip_753_4,Ours,LPIPS,0.13207809068262577
vari-grip/rust/Fotos 23-10-2020_DJI_0035_vari_grip_753_5,Ours,LPIPS,0.18437802365847997
vari-grip/rust/Fotos 23-10-2020_DJI_0038_vari_grip_756_1,Ours,LPIPS,0.16092228410499437
vari-grip/rust/Fotos 23-10-2020_DJI_0038_vari_grip_756_4,Ours,LPIPS,0.11244164300816399
vari-grip/rust/Fotos 23-10-2020_DJI_0041_vari_grip_757,Ours,LPIPS,0.128035201558045
vari-grip/rust/Fotos 23-10-2020_DJI_0043_vari_grip_759,Ours,LPIPS,0.16541780850717
vari-grip/rust/Fotos 23-10-2020_DJI_0043_vari_grip_760_5,Ours,LPIPS,0.11925702967814036
vari-grip/rust/Fotos 23-10-2020_DJI_0043_vari_grip_760_8,Ours,LPIPS,0.1924242568867547
vari-grip/rust/Fotos 23-10-2020_DJI_0047_vari_grip_763_6,Ours,LPIPS,0.12272028412137713
vari-grip/rust/Fotos 23-10-2020_DJI_0047_vari_grip_764_0,Ours,LPIPS,0.2104872896202973
vari-grip/rust/Fotos 23-10-2020_DJI_0047_vari_grip_764_1,Ours,LPIPS,0.21654903888702393
vari-grip/rust/Fotos 23-10-2020_DJI_0047_vari_grip_764_3,Ours,LPIPS,0.23725725284644536
vari-grip/rust/Fotos 23-10-2020_DJI_0047_vari_grip_764_5,Ours,LPIPS,0.1561789299760546
vari-grip/rust/Fotos 23-10-2020_DJI_0048_vari_grip_765,Ours,LPIPS,0.18255923315882683
vari-grip/rust/Fotos 23-10-2020_DJI_0065_vari_grip_736,Ours,LPIPS,0.0891483798623085
vari-grip/rust/Fotos 23-10-2020_DJI_0065_vari_grip_736_0,Ours,LPIPS,0.2389629344855036
vari-grip/rust/Fotos 23-10-2020_DJI_0065_vari_grip_736_5,Ours,LPIPS,0.1628079845436982
vari-grip/rust/Fotos 23-10-2020_DJI_0072_vari_grip_737_3,Ours,LPIPS,0.16571984493306705
vari-grip/rust/Fotos 23-10-2020_DJI_0072_vari_grip_737_4,Ours,LPIPS,0.14541547266500338
vari-grip/rust/Fotos 23-10-2020_DJI_0072_vari_grip_737_6,Ours,LPIPS,0.15381010262561695
vari-grip/rust/Fotos 23-10-2020_DJI_0072_vari_grip_737_8,Ours,LPIPS,0.1726656918014799
vari-grip/rust/Fotos 23-10-2020_DJI_0073_vari_grip_738_1,Ours,LPIPS,0.162585164952491
vari-grip/rust/Fotos 23-10-2020_DJI_0073_vari_grip_738_2,Ours,LPIPS,0.09873328863510064
vari-grip/rust/Fotos 23-10-2020_DJI_0074_vari_grip_739_0,Ours,LPIPS,0.08062128616230828
vari-grip/rust/Fotos 23-10-2020_DJI_0074_vari_grip_739_3,Ours,LPIPS,0.11376282785620008
vari-grip/rust/Fotos 23-10-2020_DJI_0113_vari_grip_743_4,Ours,LPIPS,0.21193799270050867
vari-grip/rust/Fotos 23-10-2020_DJI_0114_vari_grip_744_1,Ours,LPIPS,0.18308431122984206
vari-grip/rust/Fotos 23-10-2020_DJI_0114_vari_grip_744_7,Ours,LPIPS,0.24343411730868475
vari-grip/rust/Fotos 23-10-2020_DJI_0114_vari_grip_744_8,Ours,LPIPS,0.1253300883940288
vari-grip/bird-nest/08-06-2021_DJI_0089_322,Ours,Top1,0.7142857142857143
vari-grip/bird-nest/08-06-2021_DJI_0089_322_3,Ours,Top1,0.8571428571428571
vari-grip/bird-nest/08-06-2021_DJI_0285_392,Ours,Top1,0.8571428571428571
vari-grip/bird-nest/10-06-2021_DJI_0244_649_2,Ours,Top1,0.5714285714285714
vari-grip/bird-nest/10-06-2021_DJI_0270_657_5,Ours,Top1,0.5714285714285714
vari-grip/bird-nest/10-06-2021_DJI_0270_657_7,Ours,Top1,0.7142857142857143
vari-grip/bird-nest/10-06-2021_DJI_0271_658_1,Ours,Top1,0.42857142857142855
vari-grip/bird-nest/10-06-2021_DJI_0271_658_2,Ours,Top1,0.42857142857142855
vari-grip/bird-nest/10-06-2021_DJI_0271_658_6,Ours,Top1,0.2857142857142857
vari-grip/bird-nest/10-06-2021_DJI_0271_658_8,Ours,Top1,0.2857142857142857
vari-grip/bird-nest/11-06-2021_DJI_0121_4_1,Ours,Top1,0.5714285714285714
vari-grip/bird-nest/11-06-2021_DJI_0121_4_4,Ours,Top1,0.2857142857142857
vari-grip/bird-nest/11-06-2021_DJI_0121_4_5,Ours,Top1,0.42857142857142855
vari-grip/bird-nest/11-06-2021_DJI_0132_6_0,Ours,Top1,0.8571428571428571
vari-grip/bird-nest/11-06-2021_DJI_0132_6_6,Ours,Top1,0.8571428571428571
vari-grip/bird-nest/15-06-2021_DJI_0044_726,Ours,Top1,1.0
vari-grip/bird-nest/15-06-2021_DJI_0044_726_6,Ours,Top1,0.2857142857142857
vari-grip/bird-nest/Fotos 02-12-2020_DJI_0492_vari_grip_56_4,Ours,Top1,0.42857142857142855
vari-grip/bird-nest/Fotos 02-12-2020_DJI_0492_vari_grip_57_0,Ours,Top1,0.5714285714285714
vari-grip/bird-nest/Fotos 02-12-2020_DJI_0492_vari_grip_57_4,Ours,Top1,0.42857142857142855
vari-grip/bird-nest/Fotos 17-11-2020_DJI_0289_vari_grip_478,Ours,Top1,0.7142857142857143
vari-grip/bird-nest/Fotos 17-11-2020_DJI_0303_vari_grip_479_0,Ours,Top1,0.7142857142857143
vari-grip/bird-nest/Fotos 17-11-2020_DJI_0304_vari_grip_480,Ours,Top1,0.5714285714285714
vari-grip/bird-nest/Fotos 18-11-2020_DJI_0209_vari_grip_530_0,Ours,Top1,0.5714285714285714
vari-grip/bird-nest/Fotos 18-11-2020_DJI_0209_vari_grip_530_3,Ours,Top1,0.8571428571428571
vari-grip/bird-nest/Fotos 19-11-2020_DJI_0140_vari_grip_571_3,Ours,Top1,0.7142857142857143
vari-grip/bird-nest/Fotos 19-11-2020_DJI_0140_vari_grip_571_7,Ours,Top1,0.5714285714285714
vari-grip/bird-nest/Fotos 19-11-2020_DJI_0149_vari_grip_573_0,Ours,Top1,0.14285714285714285
vari-grip/bird-nest/Fotos 19-11-2020_DJI_0149_vari_grip_573_4,Ours,Top1,0.42857142857142855
vari-grip/bird-nest/Fotos 19-11-2020_DJI_0149_vari_grip_573_6,Ours,Top1,0.5714285714285714
vari-grip/bird-nest/Fotos 19-11-2020_DJI_0150_vari_grip_574_0,Ours,Top1,0.7142857142857143
vari-grip/bird-nest/Fotos 19-11-2020_DJI_0150_vari_grip_575_1,Ours,Top1,0.42857142857142855
vari-grip/bird-nest/Fotos 19-11-2020_DJI_0150_vari_grip_575_2,Ours,Top1,0.7142857142857143
vari-grip/bird-nest/Fotos 19-11-2020_DJI_0151_vari_grip_577_2,Ours,Top1,0.8571428571428571
vari-grip/bird-nest/Fotos 19-11-2020_DJI_0151_vari_grip_577_3,Ours,Top1,0.7142857142857143
vari-grip/bird-nest/Fotos 19-11-2020_DJI_0151_vari_grip_577_4,Ours,Top1,0.8571428571428571
vari-grip/bird-nest/Fotos 20-11-2020_DJI_0210_vari_grip_683_2,Ours,Top1,0.7142857142857143
vari-grip/bird-nest/Fotos 20-11-2020_DJI_0210_vari_grip_683_7,Ours,Top1,0.8571428571428571
vari-grip/bird-nest/Fotos 23-11-2020_DJI_0279_vari_grip_768_0,Ours,Top1,0.7142857142857143
vari-grip/bird-nest/Fotos 23-11-2020_DJI_0279_vari_grip_768_2,Ours,Top1,0.5714285714285714
vari-grip/bird-nest/Fotos 25-11-2020_DJI_0207_vari_grip_861_0,Ours,Top1,1.0
vari-grip/bird-nest/Fotos 25-11-2020_DJI_0207_vari_grip_861_6,Ours,Top1,0.7142857142857143
vari-grip/bird-nest/Fotos 25-11-2020_DJI_0563_vari_grip_841_0,Ours,Top1,0.2857142857142857
vari-grip/bird-nest/Fotos 25-11-2020_DJI_0563_vari_grip_841_2,Ours,Top1,0.7142857142857143
vari-grip/bird-nest/Fotos 25-11-2020_DJI_0563_vari_grip_841_4,Ours,Top1,0.42857142857142855
vari-grip/bird-nest/Fotos 25-11-2020_DJI_0563_vari_grip_841_7,Ours,Top1,0.5714285714285714
vari-grip/bird-nest/Fotos 25-11-2020_DJI_0564_vari_grip_843,Ours,Top1,0.14285714285714285
vari-grip/bird-nest/Fotos 25-11-2020_DJI_0564_vari_grip_843_1,Ours,Top1,0.42857142857142855
vari-grip/bird-nest/Fotos 25-11-2020_DJI_0564_vari_grip_843_2,Ours,Top1,0.7142857142857143
vari-grip/bird-nest/Fotos 25-11-2020_DJI_0564_vari_grip_844,Ours,Top1,0.7142857142857143
vari-grip/bird-nest/Fotos 25-11-2020_DJI_0564_vari_grip_844_4,Ours,Top1,0.42857142857142855
vari-grip/bird-nest/Fotos 25-11-2020_DJI_0564_vari_grip_844_7,Ours,Top1,0.5714285714285714
vari-grip/bird-nest/Fotos 25-11-2020_DJI_0564_vari_grip_844_8,Ours,Top1,0.8571428571428571
vari-grip/bird-nest/Fotos 25-11-2020_DJI_0586_vari_grip_845,Ours,Top1,1.0
vari-grip/bird-nest/Fotos 25-11-2020_DJI_0586_vari_grip_845_2,Ours,Top1,0.42857142857142855
vari-grip/bird-nest/Fotos 25-11-2020_DJI_0586_vari_grip_845_7,Ours,Top1,0.42857142857142855
vari-grip/bird-nest/Fotos 25-11-2020_DJI_0586_vari_grip_845_8,Ours,Top1,0.7142857142857143
vari-grip/bird-nest/Fotos 25-11-2020_DJI_0586_vari_grip_846,Ours,Top1,0.7142857142857143
vari-grip/bird-nest/Fotos 25-11-2020_DJI_0586_vari_grip_846_3,Ours,Top1,0.42857142857142855
vari-grip/bird-nest/Fotos 25-11-2020_DJI_0586_vari_grip_846_4,Ours,Top1,0.7142857142857143
vari-grip/bird-nest/Fotos 25-11-2020_DJI_0588_vari_grip_847_1,Ours,Top1,0.8571428571428571
vari-grip/bird-nest/Fotos 25-11-2020_DJI_0588_vari_grip_847_8,Ours,Top1,0.2857142857142857
vari-grip/bird-nest/Fotos 26-11-2020_DJI_0214_vari_grip_906_1,Ours,Top1,0.42857142857142855
vari-grip/bird-nest/Fotos 26-11-2020_DJI_0214_vari_grip_907,Ours,Top1,0.42857142857142855
vari-grip/bird-nest/Fotos 26-11-2020_DJI_0215_vari_grip_908_3,Ours,Top1,0.7142857142857143
vari-grip/bird-nest/Fotos 26-11-2020_DJI_0262_vari_grip_910,Ours,Top1,0.5714285714285714
vari-grip/bird-nest/Fotos 26-11-2020_DJI_0262_vari_grip_911,Ours,Top1,0.5714285714285714
vari-grip/bird-nest/Fotos 27-11-2020_DJI_0491_vari_grip_933_1,Ours,Top1,0.42857142857142855
vari-grip/bird-nest/Fotos 27-11-2020_DJI_0491_vari_grip_933_4,Ours,Top1,0.5714285714285714
vari-grip/bird-nest/Fotos 27-11-2020_DJI_0491_vari_grip_933_8,Ours,Top1,0.42857142857142855
vari-grip/bird-nest/Fotos 27-11-2020_DJI_0566_vari_grip_924_6,Ours,Top1,0.5714285714285714
vari-grip/bird-nest/Fotos 27-11-2020_DJI_0566_vari_grip_925,Ours,Top1,0.7142857142857143
vari-grip/bird-nest/Fotos 27-11-2020_DJI_0566_vari_grip_925_2,Ours,Top1,0.42857142857142855
vari-grip/bird-nest/Fotos 27-11-2020_DJI_0566_vari_grip_925_3,Ours,Top1,0.0
vari-grip/bird-nest/Fotos 27-11-2020_DJI_0566_vari_grip_925_6,Ours,Top1,0.5714285714285714
vari-grip/good/Fotos 01-12-2020_DJI_0079_vari_grip_51,Ours,Top1,1.0
vari-grip/good/Fotos 01-12-2020_DJI_0140_vari_grip_47,Ours,Top1,0.7142857142857143
vari-grip/good/Fotos 01-12-2020_DJI_0199_vari_grip_41,Ours,Top1,1.0
vari-grip/good/Fotos 01-12-2020_DJI_0342_vari_grip_32,Ours,Top1,0.7142857142857143
vari-grip/good/Fotos 01-12-2020_DJI_0402_vari_grip_29,Ours,Top1,0.8571428571428571
vari-grip/good/Fotos 01-12-2020_DJI_0457_vari_grip_24,Ours,Top1,0.7142857142857143
vari-grip/good/Fotos 01-12-2020_DJI_0457_vari_grip_25,Ours,Top1,0.5714285714285714
vari-grip/good/Fotos 02-12-2020_DJI_0020_vari_grip_94,Ours,Top1,0.8571428571428571
vari-grip/good/Fotos 02-12-2020_DJI_0132_vari_grip_88,Ours,Top1,1.0
vari-grip/good/Fotos 02-12-2020_DJI_0194_vari_grip_84,Ours,Top1,1.0
vari-grip/good/Fotos 02-12-2020_DJI_0367_vari_grip_65,Ours,Top1,0.42857142857142855
vari-grip/good/Fotos 02-12-2020_DJI_0368_vari_grip_67,Ours,Top1,0.7142857142857143
vari-grip/good/Fotos 02-12-2020_DJI_0374_vari_grip_71,Ours,Top1,0.8571428571428571
vari-grip/good/Fotos 02-12-2020_DJI_0427_vari_grip_61,Ours,Top1,1.0
vari-grip/good/Fotos 03-12-2020_DJI_0149_vari_grip_126,Ours,Top1,0.8571428571428571
vari-grip/good/Fotos 03-12-2020_DJI_0150_vari_grip_128,Ours,Top1,0.7142857142857143
vari-grip/good/Fotos 03-12-2020_DJI_0457_vari_grip_110,Ours,Top1,1.0
vari-grip/good/Fotos 03-12-2020_DJI_0561_vari_grip_100,Ours,Top1,0.8571428571428571
vari-grip/good/Fotos 04-12-2020_DJI_0762_vari_grip_164,Ours,Top1,1.0
vari-grip/good/Fotos 04-12-2020_DJI_0806_vari_grip_160,Ours,Top1,1.0
vari-grip/good/Fotos 04-12-2020_DJI_0902_vari_grip_149,Ours,Top1,0.8571428571428571
vari-grip/good/Fotos 04-12-2020_DJI_0950_vari_grip_142,Ours,Top1,0.2857142857142857
vari-grip/good/Fotos 04-12-2020_DJI_0951_vari_grip_145,Ours,Top1,0.7142857142857143
vari-grip/good/Fotos 04-12-2020_DJI_0954_vari_grip_146,Ours,Top1,0.5714285714285714
vari-grip/good/Fotos 04-12-2020_DJI_1000 (2)_vari_grip_141,Ours,Top1,0.7142857142857143
vari-grip/good/Fotos 07-12-2020_DJI_0059_vari_grip_192,Ours,Top1,1.0
vari-grip/good/Fotos 07-12-2020_DJI_0140_vari_grip_183,Ours,Top1,0.5714285714285714
vari-grip/good/Fotos 07-12-2020_DJI_0141_vari_grip_185,Ours,Top1,0.7142857142857143
vari-grip/good/Fotos 07-12-2020_DJI_0155_vari_grip_186,Ours,Top1,0.42857142857142855
vari-grip/good/Fotos 07-12-2020_DJI_0187_vari_grip_179,Ours,Top1,0.8571428571428571
vari-grip/good/Fotos 08-12-2020_DJI_0452_vari_grip_225,Ours,Top1,1.0
vari-grip/good/Fotos 08-12-2020_DJI_0455_vari_grip_229,Ours,Top1,0.2857142857142857
vari-grip/good/Fotos 08-12-2020_DJI_0538_vari_grip_218,Ours,Top1,0.42857142857142855
vari-grip/good/Fotos 08-12-2020_DJI_0613_vari_grip_208,Ours,Top1,0.8571428571428571
vari-grip/good/Fotos 08-12-2020_DJI_0652_vari_grip_204,Ours,Top1,0.8571428571428571
vari-grip/good/Fotos 09-12-2020_DJI_0017_vari_grip_269,Ours,Top1,0.5714285714285714
vari-grip/good/Fotos 09-12-2020_DJI_0018_vari_grip_271,Ours,Top1,0.8571428571428571
vari-grip/good/Fotos 09-12-2020_DJI_0056_vari_grip_263,Ours,Top1,1.0
vari-grip/good/Fotos 09-12-2020_DJI_0102_vari_grip_261,Ours,Top1,0.5714285714285714
vari-grip/good/Fotos 09-12-2020_DJI_0143_vari_grip_249,Ours,Top1,0.8571428571428571
vari-grip/good/Fotos 09-12-2020_DJI_0144_vari_grip_252,Ours,Top1,1.0
vari-grip/good/Fotos 09-12-2020_DJI_0310_vari_grip_238,Ours,Top1,0.7142857142857143
vari-grip/good/Fotos 09-12-2020_DJI_0348_vari_grip_233,Ours,Top1,0.5714285714285714
vari-grip/good/Fotos 10-12-2020_DJI_0020_vari_grip_327,Ours,Top1,0.8571428571428571
vari-grip/good/Fotos 10-12-2020_DJI_0024_vari_grip_332,Ours,Top1,0.42857142857142855
vari-grip/good/Fotos 10-12-2020_DJI_0101_vari_grip_312,Ours,Top1,1.0
vari-grip/good/Fotos 10-12-2020_DJI_0140_vari_grip_300,Ours,Top1,1.0
vari-grip/good/Fotos 10-12-2020_DJI_0182_vari_grip_295,Ours,Top1,0.8571428571428571
vari-grip/good/Fotos 10-12-2020_DJI_0182_vari_grip_296,Ours,Top1,1.0
vari-grip/good/Fotos 10-12-2020_DJI_0184_vari_grip_299,Ours,Top1,1.0
vari-grip/good/Fotos 10-12-2020_DJI_0258_vari_grip_282,Ours,Top1,1.0
vari-grip/good/Fotos 10-12-2020_DJI_0259_vari_grip_283,Ours,Top1,0.8571428571428571
vari-grip/good/Fotos 10-12-2020_DJI_0262_vari_grip_285,Ours,Top1,0.8571428571428571
vari-grip/good/Fotos 11-12-2020_DJI_0055_vari_grip_379,Ours,Top1,0.8571428571428571
vari-grip/good/Fotos 11-12-2020_DJI_0290_vari_grip_346,Ours,Top1,0.7142857142857143
vari-grip/good/Fotos 14-12-2020_DJI_0433_vari_grip_399,Ours,Top1,0.8571428571428571
vari-grip/good/Fotos 14-12-2020_DJI_0624_vari_grip_392,Ours,Top1,0.8571428571428571
vari-grip/good/Fotos 16-11-2020_DJI_0110_vari_grip_439,Ours,Top1,0.8571428571428571
vari-grip/good/Fotos 16-11-2020_DJI_0153_vari_grip_434,Ours,Top1,0.7142857142857143
vari-grip/good/Fotos 16-11-2020_DJI_0157_vari_grip_438,Ours,Top1,0.5714285714285714
vari-grip/good/Fotos 16-12-2020_DJI_0034_vari_grip_475,Ours,Top1,0.7142857142857143
vari-grip/good/Fotos 16-12-2020_DJI_0188_vari_grip_464,Ours,Top1,1.0
vari-grip/good/Fotos 16-12-2020_DJI_0404_vari_grip_450,Ours,Top1,0.5714285714285714
vari-grip/good/Fotos 17-11-2020_DJI_0106_vari_grip_493,Ours,Top1,0.7142857142857143
vari-grip/good/Fotos 17-11-2020_DJI_0120_vari_grip_496,Ours,Top1,0.8571428571428571
vari-grip/good/Fotos 17-11-2020_DJI_0121_vari_grip_497,Ours,Top1,0.8571428571428571
vari-grip/good/Fotos 17-11-2020_DJI_0206_vari_grip_491,Ours,Top1,0.42857142857142855
vari-grip/good/Fotos 17-12-2020_DJI_0168_vari_grip_514,Ours,Top1,0.8571428571428571
vari-grip/good/Fotos 18-11-2020_DJI_0070_vari_grip_548,Ours,Top1,0.8571428571428571
vari-grip/good/Fotos 18-11-2020_DJI_0109_vari_grip_546,Ours,Top1,0.7142857142857143
vari-grip/good/Fotos 18-11-2020_DJI_0137_vari_grip_541,Ours,Top1,0.7142857142857143
vari-grip/good/Fotos 18-11-2020_DJI_0246_vari_grip_528,Ours,Top1,0.8571428571428571
vari-grip/good/Fotos 19-10-2020_DJI_0045_vari_grip_4,Ours,Top1,0.42857142857142855
vari-grip/good/Fotos 19-10-2020_DJI_0046_vari_grip_6,Ours,Top1,0.8571428571428571
vari-grip/good/Fotos 19-10-2020_DJI_0046_vari_grip_7,Ours,Top1,0.8571428571428571
vari-grip/good/Fotos 19-10-2020_DJI_0083_vari_grip_15,Ours,Top1,1.0
vari-grip/good/Fotos 19-10-2020_DJI_0084_vari_grip_16,Ours,Top1,0.5714285714285714
vari-grip/good/Fotos 19-11-2020_DJI_0119_vari_grip_578,Ours,Top1,0.8571428571428571
vari-grip/good/Fotos 19-11-2020_DJI_0199_vari_grip_562,Ours,Top1,0.8571428571428571
vari-grip/good/Fotos 19-11-2020_DJI_0236_vari_grip_561,Ours,Top1,0.7142857142857143
vari-grip/good/Fotos 20-10-2020_DJI_0201_vari_grip_613,Ours,Top1,1.0
vari-grip/good/Fotos 20-10-2020_DJI_0205_vari_grip_620,Ours,Top1,1.0
vari-grip/good/Fotos 20-10-2020_DJI_0211_vari_grip_633,Ours,Top1,0.7142857142857143
vari-grip/good/Fotos 20-10-2020_DJI_0238_vari_grip_641,Ours,Top1,0.7142857142857143
vari-grip/good/Fotos 20-10-2020_DJI_0243_vari_grip_648,Ours,Top1,1.0
vari-grip/good/Fotos 20-10-2020_DJI_0244_vari_grip_651,Ours,Top1,0.2857142857142857
vari-grip/good/Fotos 20-10-2020_DJI_0245_vari_grip_653,Ours,Top1,0.8571428571428571
vari-grip/good/Fotos 20-10-2020_DJI_0255_vari_grip_658,Ours,Top1,1.0
vari-grip/good/Fotos 20-10-2020_DJI_0255_vari_grip_659,Ours,Top1,0.8571428571428571
vari-grip/good/Fotos 20-10-2020_DJI_0256_vari_grip_660,Ours,Top1,0.8571428571428571
vari-grip/good/Fotos 20-10-2020_DJI_0265_vari_grip_586,Ours,Top1,0.8571428571428571
vari-grip/good/Fotos 20-10-2020_DJI_0268_vari_grip_589,Ours,Top1,0.5714285714285714
vari-grip/good/Fotos 20-10-2020_DJI_0282_vari_grip_590,Ours,Top1,0.2857142857142857
vari-grip/good/Fotos 20-11-2020_DJI_0144_vari_grip_697,Ours,Top1,0.5714285714285714
vari-grip/good/Fotos 20-11-2020_DJI_0171_vari_grip_687,Ours,Top1,0.7142857142857143
vari-grip/good/Fotos 20-11-2020_DJI_0172_vari_grip_689,Ours,Top1,0.8571428571428571
vari-grip/good/Fotos 20-11-2020_DJI_0275_vari_grip_672,Ours,Top1,0.8571428571428571
vari-grip/good/Fotos 22-10-2020_DJI_0858_vari_grip_718,Ours,Top1,0.5714285714285714
vari-grip/good/Fotos 22-10-2020_DJI_0864_vari_grip_724,Ours,Top1,0.8571428571428571
vari-grip/good/Fotos 22-10-2020_DJI_0864_vari_grip_725,Ours,Top1,0.8571428571428571
vari-grip/good/Fotos 22-10-2020_DJI_0880_vari_grip_734,Ours,Top1,0.5714285714285714
vari-grip/good/Fotos 23-11-2020_DJI_0143_vari_grip_783,Ours,Top1,0.7142857142857143
vari-grip/good/Fotos 23-11-2020_DJI_0177_vari_grip_782,Ours,Top1,0.7142857142857143
vari-grip/good/Fotos 23-11-2020_DJI_0209_vari_grip_777,Ours,Top1,0.7142857142857143
vari-grip/good/Fotos 24-11-2020_DJI_0101_vari_grip_837,Ours,Top1,0.8571428571428571
vari-grip/good/Fotos 24-11-2020_DJI_0243_vari_grip_827,Ours,Top1,0.7142857142857143
vari-grip/good/Fotos 24-11-2020_DJI_0244_vari_grip_830,Ours,Top1,0.5714285714285714
vari-grip/good/Fotos 25-11-2020_DJI_0208_vari_grip_862,Ours,Top1,1.0
vari-grip/good/Fotos 26-11-2020_DJI_0213_vari_grip_904,Ours,Top1,0.5714285714285714
vari-grip/good/Fotos 26-11-2020_DJI_0213_vari_grip_905,Ours,Top1,0.8571428571428571
vari-grip/good/Fotos 27-11-2020_DJI_0421_vari_grip_934,Ours,Top1,0.5714285714285714
vari-grip/good/Fotos 27-11-2020_DJI_0421_vari_grip_935,Ours,Top1,0.5714285714285714
vari-grip/good/Fotos 27-11-2020_DJI_0422_vari_grip_937,Ours,Top1,0.7142857142857143
vari-grip/good/Fotos 30-11-2020_DJI_0033_vari_grip_1007,Ours,Top1,0.8571428571428571
vari-grip/good/Fotos 30-11-2020_DJI_0193_vari_grip_996,Ours,Top1,0.5714285714285714
vari-grip/good/Fotos 30-11-2020_DJI_0437_vari_grip_975,Ours,Top1,1.0
vari-grip/good/Fotos 30-11-2020_DJI_0438_vari_grip_976,Ours,Top1,1.0
vari-grip/good/Fotos 30-11-2020_DJI_0501_vari_grip_969,Ours,Top1,0.8571428571428571
vari-grip/good/Fotos 30-11-2020_DJI_0561_vari_grip_964,Ours,Top1,0.8571428571428571
vari-grip/rust/01-06-2021_DJI_0030_6_0,Ours,Top1,0.8571428571428571
vari-grip/rust/01-06-2021_DJI_0030_6_7,Ours,Top1,0.8571428571428571
vari-grip/rust/01-06-2021_DJI_0146_39_2,Ours,Top1,0.2857142857142857
vari-grip/rust/01-06-2021_DJI_0146_39_6,Ours,Top1,0.5714285714285714
vari-grip/rust/01-06-2021_DJI_0146_40_0,Ours,Top1,1.0
vari-grip/rust/01-06-2021_DJI_0162_46_6,Ours,Top1,1.0
vari-grip/rust/02-06-2021_DJI_0359_261_8,Ours,Top1,0.7142857142857143
vari-grip/rust/08-06-2021_DJI_0385_421_2,Ours,Top1,0.5714285714285714
vari-grip/rust/08-06-2021_DJI_0385_421_4,Ours,Top1,0.7142857142857143
vari-grip/rust/08-06-2021_DJI_0385_421_6,Ours,Top1,0.8571428571428571
vari-grip/rust/08-06-2021_DJI_0385_422,Ours,Top1,0.5714285714285714
vari-grip/rust/08-06-2021_DJI_0385_422_0,Ours,Top1,0.7142857142857143
vari-grip/rust/08-06-2021_DJI_0385_422_5,Ours,Top1,0.8571428571428571
vari-grip/rust/09-06-2021_DJI_0466_568,Ours,Top1,0.5714285714285714
vari-grip/rust/09-06-2021_DJI_0466_568_6,Ours,Top1,0.5714285714285714
vari-grip/rust/09-06-2021_DJI_0467_570_2,Ours,Top1,0.7142857142857143
vari-grip/rust/09-06-2021_DJI_0467_570_4,Ours,Top1,0.7142857142857143
vari-grip/rust/10-06-2021_DJI_0018_611,Ours,Top1,0.8571428571428571
vari-grip/rust/10-06-2021_DJI_0018_611_1,Ours,Top1,0.8571428571428571
vari-grip/rust/10-06-2021_DJI_0018_611_7,Ours,Top1,0.8571428571428571
vari-grip/rust/10-06-2021_DJI_0019_613_5,Ours,Top1,0.8571428571428571
vari-grip/rust/11-06-2021_DJI_0479_11_6,Ours,Top1,0.8571428571428571
vari-grip/rust/11-06-2021_DJI_0479_11_7,Ours,Top1,0.7142857142857143
vari-grip/rust/11-06-2021_DJI_0479_11_8,Ours,Top1,0.42857142857142855
vari-grip/rust/15-06-2021_DJI_0118_741,Ours,Top1,0.8571428571428571
vari-grip/rust/Fotos 23-10-2020_DJI_0029_vari_grip_745_7,Ours,Top1,1.0
vari-grip/rust/Fotos 23-10-2020_DJI_0031_vari_grip_748_0,Ours,Top1,0.5714285714285714
vari-grip/rust/Fotos 23-10-2020_DJI_0031_vari_grip_748_7,Ours,Top1,0.2857142857142857
vari-grip/rust/Fotos 23-10-2020_DJI_0032_vari_grip_750,Ours,Top1,0.5714285714285714
vari-grip/rust/Fotos 23-10-2020_DJI_0032_vari_grip_750_3,Ours,Top1,0.5714285714285714
vari-grip/rust/Fotos 23-10-2020_DJI_0034_vari_grip_751_0,Ours,Top1,0.8571428571428571
vari-grip/rust/Fotos 23-10-2020_DJI_0034_vari_grip_752,Ours,Top1,0.7142857142857143
vari-grip/rust/Fotos 23-10-2020_DJI_0034_vari_grip_752_7,Ours,Top1,0.5714285714285714
vari-grip/rust/Fotos 23-10-2020_DJI_0035_vari_grip_753_4,Ours,Top1,0.8571428571428571
vari-grip/rust/Fotos 23-10-2020_DJI_0035_vari_grip_753_5,Ours,Top1,0.8571428571428571
vari-grip/rust/Fotos 23-10-2020_DJI_0038_vari_grip_756_1,Ours,Top1,0.14285714285714285
vari-grip/rust/Fotos 23-10-2020_DJI_0038_vari_grip_756_4,Ours,Top1,0.8571428571428571
vari-grip/rust/Fotos 23-10-2020_DJI_0041_vari_grip_757,Ours,Top1,0.7142857142857143
vari-grip/rust/Fotos 23-10-2020_DJI_0043_vari_grip_759,Ours,Top1,0.8571428571428571
vari-grip/rust/Fotos 23-10-2020_DJI_0043_vari_grip_760_5,Ours,Top1,0.8571428571428571
vari-grip/rust/Fotos 23-10-2020_DJI_0043_vari_grip_760_8,Ours,Top1,0.5714285714285714
vari-grip/rust/Fotos 23-10-2020_DJI_0047_vari_grip_763_6,Ours,Top1,0.7142857142857143
vari-grip/rust/Fotos 23-10-2020_DJI_0047_vari_grip_764_0,Ours,Top1,0.8571428571428571
vari-grip/rust/Fotos 23-10-2020_DJI_0047_vari_grip_764_1,Ours,Top1,0.5714285714285714
vari-grip/rust/Fotos 23-10-2020_DJI_0047_vari_grip_764_3,Ours,Top1,0.5714285714285714
vari-grip/rust/Fotos 23-10-2020_DJI_0047_vari_grip_764_5,Ours,Top1,0.8571428571428571
vari-grip/rust/Fotos 23-10-2020_DJI_0048_vari_grip_765,Ours,Top1,0.5714285714285714
vari-grip/rust/Fotos 23-10-2020_DJI_0065_vari_grip_736,Ours,Top1,0.8571428571428571
vari-grip/rust/Fotos 23-10-2020_DJI_0065_vari_grip_736_0,Ours,Top1,0.2857142857142857
vari-grip/rust/Fotos 23-10-2020_DJI_0065_vari_grip_736_5,Ours,Top1,0.0
vari-grip/rust/Fotos 23-10-2020_DJI_0072_vari_grip_737_3,Ours,Top1,0.42857142857142855
vari-grip/rust/Fotos 23-10-2020_DJI_0072_vari_grip_737_4,Ours,Top1,0.8571428571428571
vari-grip/rust/Fotos 23-10-2020_DJI_0072_vari_grip_737_6,Ours,Top1,0.5714285714285714
vari-grip/rust/Fotos 23-10-2020_DJI_0072_vari_grip_737_8,Ours,Top1,0.5714285714285714
vari-grip/rust/Fotos 23-10-2020_DJI_0073_vari_grip_738_1,Ours,Top1,0.5714285714285714
vari-grip/rust/Fotos 23-10-2020_DJI_0073_vari_grip_738_2,Ours,Top1,1.0
vari-grip/rust/Fotos 23-10-2020_DJI_0074_vari_grip_739_0,Ours,Top1,0.8571428571428571
vari-grip/rust/Fotos 23-10-2020_DJI_0074_vari_grip_739_3,Ours,Top1,0.8571428571428571
vari-grip/rust/Fotos 23-10-2020_DJI_0113_vari_grip_743_4,Ours,Top1,0.5714285714285714
vari-grip/rust/Fotos 23-10-2020_DJI_0114_vari_grip_744_1,Ours,Top1,0.7142857142857143
vari-grip/rust/Fotos 23-10-2020_DJI_0114_vari_grip_744_7,Ours,Top1,0.5714285714285714
vari-grip/rust/Fotos 23-10-2020_DJI_0114_vari_grip_744_8,Ours,Top1,0.2857142857142857
vari-grip/bird-nest/08-06-2021_DJI_0089_322,Ours,Cosine,0.9890819191932678
vari-grip/bird-nest/08-06-2021_DJI_0089_322_3,Ours,Cosine,0.9917645624705723
vari-grip/bird-nest/08-06-2021_DJI_0285_392,Ours,Cosine,0.9931021758488247
vari-grip/bird-nest/10-06-2021_DJI_0244_649_2,Ours,Cosine,0.8170868882111141
vari-grip/bird-nest/10-06-2021_DJI_0270_657_5,Ours,Cosine,0.921784051827022
vari-grip/bird-nest/10-06-2021_DJI_0270_657_7,Ours,Cosine,0.9526693224906921
vari-grip/bird-nest/10-06-2021_DJI_0271_658_1,Ours,Cosine,0.9992259740829468
vari-grip/bird-nest/10-06-2021_DJI_0271_658_2,Ours,Cosine,0.9964537705693927
vari-grip/bird-nest/10-06-2021_DJI_0271_658_6,Ours,Cosine,0.99961028780256
vari-grip/bird-nest/10-06-2021_DJI_0271_658_8,Ours,Cosine,0.9869089041437421
vari-grip/bird-nest/11-06-2021_DJI_0121_4_1,Ours,Cosine,0.9972923483167376
vari-grip/bird-nest/11-06-2021_DJI_0121_4_4,Ours,Cosine,0.9958482469831195
vari-grip/bird-nest/11-06-2021_DJI_0121_4_5,Ours,Cosine,0.9937004787581307
vari-grip/bird-nest/11-06-2021_DJI_0132_6_0,Ours,Cosine,0.998890050819942
vari-grip/bird-nest/11-06-2021_DJI_0132_6_6,Ours,Cosine,0.997502999646323
vari-grip/bird-nest/15-06-2021_DJI_0044_726,Ours,Cosine,0.9992806400571551
vari-grip/bird-nest/15-06-2021_DJI_0044_726_6,Ours,Cosine,0.9917838147708348
vari-grip/bird-nest/Fotos 02-12-2020_DJI_0492_vari_grip_56_4,Ours,Cosine,0.9966304387365069
vari-grip/bird-nest/Fotos 02-12-2020_DJI_0492_vari_grip_57_0,Ours,Cosine,0.9989476118768964
vari-grip/bird-nest/Fotos 02-12-2020_DJI_0492_vari_grip_57_4,Ours,Cosine,0.9961843150002616
vari-grip/bird-nest/Fotos 17-11-2020_DJI_0289_vari_grip_478,Ours,Cosine,0.998384850365775
vari-grip/bird-nest/Fotos 17-11-2020_DJI_0303_vari_grip_479_0,Ours,Cosine,0.9660791414124625
vari-grip/bird-nest/Fotos 17-11-2020_DJI_0304_vari_grip_480,Ours,Cosine,0.9929108023643494
vari-grip/bird-nest/Fotos 18-11-2020_DJI_0209_vari_grip_530_0,Ours,Cosine,0.998467036655971
vari-grip/bird-nest/Fotos 18-11-2020_DJI_0209_vari_grip_530_3,Ours,Cosine,0.9744644675936017
vari-grip/bird-nest/Fotos 19-11-2020_DJI_0140_vari_grip_571_3,Ours,Cosine,0.9865202052252633
vari-grip/bird-nest/Fotos 19-11-2020_DJI_0140_vari_grip_571_7,Ours,Cosine,0.9908931340490069
vari-grip/bird-nest/Fotos 19-11-2020_DJI_0149_vari_grip_573_0,Ours,Cosine,0.9705464669636318
vari-grip/bird-nest/Fotos 19-11-2020_DJI_0149_vari_grip_573_4,Ours,Cosine,0.9696251579693386
vari-grip/bird-nest/Fotos 19-11-2020_DJI_0149_vari_grip_573_6,Ours,Cosine,0.9889084441321236
vari-grip/bird-nest/Fotos 19-11-2020_DJI_0150_vari_grip_574_0,Ours,Cosine,0.9950682435716901
vari-grip/bird-nest/Fotos 19-11-2020_DJI_0150_vari_grip_575_1,Ours,Cosine,0.9228163531848362
vari-grip/bird-nest/Fotos 19-11-2020_DJI_0150_vari_grip_575_2,Ours,Cosine,0.9913582801818848
vari-grip/bird-nest/Fotos 19-11-2020_DJI_0151_vari_grip_577_2,Ours,Cosine,0.996927797794342
vari-grip/bird-nest/Fotos 19-11-2020_DJI_0151_vari_grip_577_3,Ours,Cosine,0.9850618243217468
vari-grip/bird-nest/Fotos 19-11-2020_DJI_0151_vari_grip_577_4,Ours,Cosine,0.9913249441555568
vari-grip/bird-nest/Fotos 20-11-2020_DJI_0210_vari_grip_683_2,Ours,Cosine,0.7971773573330471
vari-grip/bird-nest/Fotos 20-11-2020_DJI_0210_vari_grip_683_7,Ours,Cosine,0.9981541378157479
vari-grip/bird-nest/Fotos 23-11-2020_DJI_0279_vari_grip_768_0,Ours,Cosine,0.9983630435807365
vari-grip/bird-nest/Fotos 23-11-2020_DJI_0279_vari_grip_768_2,Ours,Cosine,0.9774350694247654
vari-grip/bird-nest/Fotos 25-11-2020_DJI_0207_vari_grip_861_0,Ours,Cosine,0.9995723707335336
vari-grip/bird-nest/Fotos 25-11-2020_DJI_0207_vari_grip_861_6,Ours,Cosine,0.9978828515325274
vari-grip/bird-nest/Fotos 25-11-2020_DJI_0563_vari_grip_841_0,Ours,Cosine,0.9946682708603996
vari-grip/bird-nest/Fotos 25-11-2020_DJI_0563_vari_grip_841_2,Ours,Cosine,0.9948563405445644
vari-grip/bird-nest/Fotos 25-11-2020_DJI_0563_vari_grip_841_4,Ours,Cosine,0.9909658176558358
vari-grip/bird-nest/Fotos 25-11-2020_DJI_0563_vari_grip_841_7,Ours,Cosine,0.9897741079330444
vari-grip/bird-nest/Fotos 25-11-2020_DJI_0564_vari_grip_843,Ours,Cosine,0.9901976925986153
vari-grip/bird-nest/Fotos 25-11-2020_DJI_0564_vari_grip_843_1,Ours,Cosine,0.9903092469487872
vari-grip/bird-nest/Fotos 25-11-2020_DJI_0564_vari_grip_843_2,Ours,Cosine,0.9936678750174386
vari-grip/bird-nest/Fotos 25-11-2020_DJI_0564_vari_grip_844,Ours,Cosine,0.9926614846502032
vari-grip/bird-nest/Fotos 25-11-2020_DJI_0564_vari_grip_844_4,Ours,Cosine,0.9468345556940351
vari-grip/bird-nest/Fotos 25-11-2020_DJI_0564_vari_grip_844_7,Ours,Cosine,0.9940966538020543
vari-grip/bird-nest/Fotos 25-11-2020_DJI_0564_vari_grip_844_8,Ours,Cosine,0.9917765600340707
vari-grip/bird-nest/Fotos 25-11-2020_DJI_0586_vari_grip_845,Ours,Cosine,0.9991705928530011
vari-grip/bird-nest/Fotos 25-11-2020_DJI_0586_vari_grip_845_2,Ours,Cosine,0.9379357099533081
vari-grip/bird-nest/Fotos 25-11-2020_DJI_0586_vari_grip_845_7,Ours,Cosine,0.950059745992933
vari-grip/bird-nest/Fotos 25-11-2020_DJI_0586_vari_grip_845_8,Ours,Cosine,0.9973319513457162
vari-grip/bird-nest/Fotos 25-11-2020_DJI_0586_vari_grip_846,Ours,Cosine,0.9998418007578168
vari-grip/bird-nest/Fotos 25-11-2020_DJI_0586_vari_grip_846_3,Ours,Cosine,0.9983661770820618
vari-grip/bird-nest/Fotos 25-11-2020_DJI_0586_vari_grip_846_4,Ours,Cosine,0.9994084579604012
vari-grip/bird-nest/Fotos 25-11-2020_DJI_0588_vari_grip_847_1,Ours,Cosine,0.8548272919974157
vari-grip/bird-nest/Fotos 25-11-2020_DJI_0588_vari_grip_847_8,Ours,Cosine,0.9970864398138863
vari-grip/bird-nest/Fotos 26-11-2020_DJI_0214_vari_grip_906_1,Ours,Cosine,0.9868427515029907
vari-grip/bird-nest/Fotos 26-11-2020_DJI_0214_vari_grip_907,Ours,Cosine,0.9903118440083095
vari-grip/bird-nest/Fotos 26-11-2020_DJI_0215_vari_grip_908_3,Ours,Cosine,0.9879462122917175
vari-grip/bird-nest/Fotos 26-11-2020_DJI_0262_vari_grip_910,Ours,Cosine,0.9910778999328613
vari-grip/bird-nest/Fotos 26-11-2020_DJI_0262_vari_grip_911,Ours,Cosine,0.9875368646212986
vari-grip/bird-nest/Fotos 27-11-2020_DJI_0491_vari_grip_933_1,Ours,Cosine,0.9568046075957162
vari-grip/bird-nest/Fotos 27-11-2020_DJI_0491_vari_grip_933_4,Ours,Cosine,0.9905989851270404
vari-grip/bird-nest/Fotos 27-11-2020_DJI_0491_vari_grip_933_8,Ours,Cosine,0.9908931510789054
vari-grip/bird-nest/Fotos 27-11-2020_DJI_0566_vari_grip_924_6,Ours,Cosine,0.9289521319525582
vari-grip/bird-nest/Fotos 27-11-2020_DJI_0566_vari_grip_925,Ours,Cosine,0.9854617544582912
vari-grip/bird-nest/Fotos 27-11-2020_DJI_0566_vari_grip_925_2,Ours,Cosine,0.923368615763528
vari-grip/bird-nest/Fotos 27-11-2020_DJI_0566_vari_grip_925_3,Ours,Cosine,0.940945429461343
vari-grip/bird-nest/Fotos 27-11-2020_DJI_0566_vari_grip_925_6,Ours,Cosine,0.9150567650794983
vari-grip/good/Fotos 01-12-2020_DJI_0079_vari_grip_51,Ours,Cosine,0.9995729497500828
vari-grip/good/Fotos 01-12-2020_DJI_0140_vari_grip_47,Ours,Cosine,0.992302519934518
vari-grip/good/Fotos 01-12-2020_DJI_0199_vari_grip_41,Ours,Cosine,0.9999268310410636
vari-grip/good/Fotos 01-12-2020_DJI_0342_vari_grip_32,Ours,Cosine,0.9976333209446498
vari-grip/good/Fotos 01-12-2020_DJI_0402_vari_grip_29,Ours,Cosine,0.9988587158066886
vari-grip/good/Fotos 01-12-2020_DJI_0457_vari_grip_24,Ours,Cosine,0.9985569204602923
vari-grip/good/Fotos 01-12-2020_DJI_0457_vari_grip_25,Ours,Cosine,0.9919214759554181
vari-grip/good/Fotos 02-12-2020_DJI_0020_vari_grip_94,Ours,Cosine,0.9995626126016889
vari-grip/good/Fotos 02-12-2020_DJI_0132_vari_grip_88,Ours,Cosine,0.9999413575444903
vari-grip/good/Fotos 02-12-2020_DJI_0194_vari_grip_84,Ours,Cosine,0.9995339342526027
vari-grip/good/Fotos 02-12-2020_DJI_0367_vari_grip_65,Ours,Cosine,0.9993705664362226
vari-grip/good/Fotos 02-12-2020_DJI_0368_vari_grip_67,Ours,Cosine,0.9998293348721096
vari-grip/good/Fotos 02-12-2020_DJI_0374_vari_grip_71,Ours,Cosine,0.9898741926465716
vari-grip/good/Fotos 02-12-2020_DJI_0427_vari_grip_61,Ours,Cosine,0.9999528271811349
vari-grip/good/Fotos 03-12-2020_DJI_0149_vari_grip_126,Ours,Cosine,0.9998312507356916
vari-grip/good/Fotos 03-12-2020_DJI_0150_vari_grip_128,Ours,Cosine,0.9999583448682513
vari-grip/good/Fotos 03-12-2020_DJI_0457_vari_grip_110,Ours,Cosine,0.9999431371688843
vari-grip/good/Fotos 03-12-2020_DJI_0561_vari_grip_100,Ours,Cosine,0.9997105257851737
vari-grip/good/Fotos 04-12-2020_DJI_0762_vari_grip_164,Ours,Cosine,0.9999216624668666
vari-grip/good/Fotos 04-12-2020_DJI_0806_vari_grip_160,Ours,Cosine,0.9999693546976361
vari-grip/good/Fotos 04-12-2020_DJI_0902_vari_grip_149,Ours,Cosine,0.9998436229569572
vari-grip/good/Fotos 04-12-2020_DJI_0950_vari_grip_142,Ours,Cosine,0.9998419284820557
vari-grip/good/Fotos 04-12-2020_DJI_0951_vari_grip_145,Ours,Cosine,0.9993204133851188
vari-grip/good/Fotos 04-12-2020_DJI_0954_vari_grip_146,Ours,Cosine,0.9878522753715515
vari-grip/good/Fotos 04-12-2020_DJI_1000 (2)_vari_grip_141,Ours,Cosine,0.9207752474716732
vari-grip/good/Fotos 07-12-2020_DJI_0059_vari_grip_192,Ours,Cosine,0.9999806710651943
vari-grip/good/Fotos 07-12-2020_DJI_0140_vari_grip_183,Ours,Cosine,0.9584244063922337
vari-grip/good/Fotos 07-12-2020_DJI_0141_vari_grip_185,Ours,Cosine,0.9958816426140922
vari-grip/good/Fotos 07-12-2020_DJI_0155_vari_grip_186,Ours,Cosine,0.988979595048087
vari-grip/good/Fotos 07-12-2020_DJI_0187_vari_grip_179,Ours,Cosine,0.9960347584315709
vari-grip/good/Fotos 08-12-2020_DJI_0452_vari_grip_225,Ours,Cosine,0.9996573839868818
vari-grip/good/Fotos 08-12-2020_DJI_0455_vari_grip_229,Ours,Cosine,0.8099608506475177
vari-grip/good/Fotos 08-12-2020_DJI_0538_vari_grip_218,Ours,Cosine,0.9432715262685504
vari-grip/good/Fotos 08-12-2020_DJI_0613_vari_grip_208,Ours,Cosine,0.9996738093239921
vari-grip/good/Fotos 08-12-2020_DJI_0652_vari_grip_204,Ours,Cosine,0.9968952366283962
vari-grip/good/Fotos 09-12-2020_DJI_0017_vari_grip_269,Ours,Cosine,0.9990971343857902
vari-grip/good/Fotos 09-12-2020_DJI_0018_vari_grip_271,Ours,Cosine,0.9817548990249634
vari-grip/good/Fotos 09-12-2020_DJI_0056_vari_grip_263,Ours,Cosine,0.9997757758413043
vari-grip/good/Fotos 09-12-2020_DJI_0102_vari_grip_261,Ours,Cosine,0.9997646297727313
vari-grip/good/Fotos 09-12-2020_DJI_0143_vari_grip_249,Ours,Cosine,0.9995584317616054
vari-grip/good/Fotos 09-12-2020_DJI_0144_vari_grip_252,Ours,Cosine,0.9996734687260219
vari-grip/good/Fotos 09-12-2020_DJI_0310_vari_grip_238,Ours,Cosine,0.9972340549741473
vari-grip/good/Fotos 09-12-2020_DJI_0348_vari_grip_233,Ours,Cosine,0.9878311838422503
vari-grip/good/Fotos 10-12-2020_DJI_0020_vari_grip_327,Ours,Cosine,0.9866741640227181
vari-grip/good/Fotos 10-12-2020_DJI_0024_vari_grip_332,Ours,Cosine,0.9630565387862069
vari-grip/good/Fotos 10-12-2020_DJI_0101_vari_grip_312,Ours,Cosine,0.9993512034416199
vari-grip/good/Fotos 10-12-2020_DJI_0140_vari_grip_300,Ours,Cosine,0.9999033553259713
vari-grip/good/Fotos 10-12-2020_DJI_0182_vari_grip_295,Ours,Cosine,0.9988753880773272
vari-grip/good/Fotos 10-12-2020_DJI_0182_vari_grip_296,Ours,Cosine,0.999961222921099
vari-grip/good/Fotos 10-12-2020_DJI_0184_vari_grip_299,Ours,Cosine,0.9993496366909572
vari-grip/good/Fotos 10-12-2020_DJI_0258_vari_grip_282,Ours,Cosine,0.9999825698988778
vari-grip/good/Fotos 10-12-2020_DJI_0259_vari_grip_283,Ours,Cosine,0.9883556195667812
vari-grip/good/Fotos 10-12-2020_DJI_0262_vari_grip_285,Ours,Cosine,0.926135024854115
vari-grip/good/Fotos 11-12-2020_DJI_0055_vari_grip_379,Ours,Cosine,0.9989347372736249
vari-grip/good/Fotos 11-12-2020_DJI_0290_vari_grip_346,Ours,Cosine,0.9881335922649929
vari-grip/good/Fotos 14-12-2020_DJI_0433_vari_grip_399,Ours,Cosine,0.9878486905779157
vari-grip/good/Fotos 14-12-2020_DJI_0624_vari_grip_392,Ours,Cosine,0.9874587569917951
vari-grip/good/Fotos 16-11-2020_DJI_0110_vari_grip_439,Ours,Cosine,0.9980607884270805
vari-grip/good/Fotos 16-11-2020_DJI_0153_vari_grip_434,Ours,Cosine,0.99229781968253
vari-grip/good/Fotos 16-11-2020_DJI_0157_vari_grip_438,Ours,Cosine,0.994807745729174
vari-grip/good/Fotos 16-12-2020_DJI_0034_vari_grip_475,Ours,Cosine,0.9742032885551453
vari-grip/good/Fotos 16-12-2020_DJI_0188_vari_grip_464,Ours,Cosine,0.9976545912878854
vari-grip/good/Fotos 16-12-2020_DJI_0404_vari_grip_450,Ours,Cosine,0.763805661882673
vari-grip/good/Fotos 17-11-2020_DJI_0106_vari_grip_493,Ours,Cosine,0.9589295387268066
vari-grip/good/Fotos 17-11-2020_DJI_0120_vari_grip_496,Ours,Cosine,0.9765068718365261
vari-grip/good/Fotos 17-11-2020_DJI_0121_vari_grip_497,Ours,Cosine,0.9988614405904498
vari-grip/good/Fotos 17-11-2020_DJI_0206_vari_grip_491,Ours,Cosine,0.9966142773628235
vari-grip/good/Fotos 17-12-2020_DJI_0168_vari_grip_514,Ours,Cosine,0.9992313299860273
vari-grip/good/Fotos 18-11-2020_DJI_0070_vari_grip_548,Ours,Cosine,0.9983248710632324
vari-grip/good/Fotos 18-11-2020_DJI_0109_vari_grip_546,Ours,Cosine,0.9988013080188206
vari-grip/good/Fotos 18-11-2020_DJI_0137_vari_grip_541,Ours,Cosine,0.9967291951179504
vari-grip/good/Fotos 18-11-2020_DJI_0246_vari_grip_528,Ours,Cosine,0.9996448925563267
vari-grip/good/Fotos 19-10-2020_DJI_0045_vari_grip_4,Ours,Cosine,0.9815283417701721
vari-grip/good/Fotos 19-10-2020_DJI_0046_vari_grip_6,Ours,Cosine,0.9744512694222587
vari-grip/good/Fotos 19-10-2020_DJI_0046_vari_grip_7,Ours,Cosine,0.8854347829307828
vari-grip/good/Fotos 19-10-2020_DJI_0083_vari_grip_15,Ours,Cosine,0.9996558768408639
vari-grip/good/Fotos 19-10-2020_DJI_0084_vari_grip_16,Ours,Cosine,0.9982946174485343
vari-grip/good/Fotos 19-11-2020_DJI_0119_vari_grip_578,Ours,Cosine,0.9977274792534965
vari-grip/good/Fotos 19-11-2020_DJI_0199_vari_grip_562,Ours,Cosine,0.9960438694272723
vari-grip/good/Fotos 19-11-2020_DJI_0236_vari_grip_561,Ours,Cosine,0.9856805290494647
vari-grip/good/Fotos 20-10-2020_DJI_0201_vari_grip_613,Ours,Cosine,0.9999000344957624
vari-grip/good/Fotos 20-10-2020_DJI_0205_vari_grip_620,Ours,Cosine,0.9973185403006417
vari-grip/good/Fotos 20-10-2020_DJI_0211_vari_grip_633,Ours,Cosine,0.9840912393161229
vari-grip/good/Fotos 20-10-2020_DJI_0238_vari_grip_641,Ours,Cosine,0.9861665453229632
vari-grip/good/Fotos 20-10-2020_DJI_0243_vari_grip_648,Ours,Cosine,0.9997887696538653
vari-grip/good/Fotos 20-10-2020_DJI_0244_vari_grip_651,Ours,Cosine,0.9981444648333958
vari-grip/good/Fotos 20-10-2020_DJI_0245_vari_grip_653,Ours,Cosine,0.9978842990739005
vari-grip/good/Fotos 20-10-2020_DJI_0255_vari_grip_658,Ours,Cosine,0.9996515342167446
vari-grip/good/Fotos 20-10-2020_DJI_0255_vari_grip_659,Ours,Cosine,0.9981068798473903
vari-grip/good/Fotos 20-10-2020_DJI_0256_vari_grip_660,Ours,Cosine,0.9974808267184666
vari-grip/good/Fotos 20-10-2020_DJI_0265_vari_grip_586,Ours,Cosine,0.998944708279201
vari-grip/good/Fotos 20-10-2020_DJI_0268_vari_grip_589,Ours,Cosine,0.9988040668623788
vari-grip/good/Fotos 20-10-2020_DJI_0282_vari_grip_590,Ours,Cosine,0.9958015084266663
vari-grip/good/Fotos 20-11-2020_DJI_0144_vari_grip_697,Ours,Cosine,0.9918895874704633
vari-grip/good/Fotos 20-11-2020_DJI_0171_vari_grip_687,Ours,Cosine,0.9826793840953282
vari-grip/good/Fotos 20-11-2020_DJI_0172_vari_grip_689,Ours,Cosine,0.9844103796141488
vari-grip/good/Fotos 20-11-2020_DJI_0275_vari_grip_672,Ours,Cosine,0.9993999259812492
vari-grip/good/Fotos 22-10-2020_DJI_0858_vari_grip_718,Ours,Cosine,0.9914590716362
vari-grip/good/Fotos 22-10-2020_DJI_0864_vari_grip_724,Ours,Cosine,0.9966717106955392
vari-grip/good/Fotos 22-10-2020_DJI_0864_vari_grip_725,Ours,Cosine,0.9849947265216282
vari-grip/good/Fotos 22-10-2020_DJI_0880_vari_grip_734,Ours,Cosine,0.9889574306351798
vari-grip/good/Fotos 23-11-2020_DJI_0143_vari_grip_783,Ours,Cosine,0.9933638742991856
vari-grip/good/Fotos 23-11-2020_DJI_0177_vari_grip_782,Ours,Cosine,0.9999433585575649
vari-grip/good/Fotos 23-11-2020_DJI_0209_vari_grip_777,Ours,Cosine,0.9797805377415248
vari-grip/good/Fotos 24-11-2020_DJI_0101_vari_grip_837,Ours,Cosine,0.9954809376171657
vari-grip/good/Fotos 24-11-2020_DJI_0243_vari_grip_827,Ours,Cosine,0.8614292038338525
vari-grip/good/Fotos 24-11-2020_DJI_0244_vari_grip_830,Ours,Cosine,0.9752265555518014
vari-grip/good/Fotos 25-11-2020_DJI_0208_vari_grip_862,Ours,Cosine,0.9993538430758885
vari-grip/good/Fotos 26-11-2020_DJI_0213_vari_grip_904,Ours,Cosine,0.9672463962009975
vari-grip/good/Fotos 26-11-2020_DJI_0213_vari_grip_905,Ours,Cosine,0.9974786809512547
vari-grip/good/Fotos 27-11-2020_DJI_0421_vari_grip_934,Ours,Cosine,0.9926437650408063
vari-grip/good/Fotos 27-11-2020_DJI_0421_vari_grip_935,Ours,Cosine,0.9847883582115173
vari-grip/good/Fotos 27-11-2020_DJI_0422_vari_grip_937,Ours,Cosine,0.9910896250179836
vari-grip/good/Fotos 30-11-2020_DJI_0033_vari_grip_1007,Ours,Cosine,0.9848337428910392
vari-grip/good/Fotos 30-11-2020_DJI_0193_vari_grip_996,Ours,Cosine,0.982843782220568
vari-grip/good/Fotos 30-11-2020_DJI_0437_vari_grip_975,Ours,Cosine,0.999381925378527
vari-grip/good/Fotos 30-11-2020_DJI_0438_vari_grip_976,Ours,Cosine,0.9987598061561584
vari-grip/good/Fotos 30-11-2020_DJI_0501_vari_grip_969,Ours,Cosine,0.9999104738235474
vari-grip/good/Fotos 30-11-2020_DJI_0561_vari_grip_964,Ours,Cosine,0.9994729161262512
vari-grip/rust/01-06-2021_DJI_0030_6_0,Ours,Cosine,0.9655498095921108
vari-grip/rust/01-06-2021_DJI_0030_6_7,Ours,Cosine,0.7321322645459857
vari-grip/rust/01-06-2021_DJI_0146_39_2,Ours,Cosine,0.9055054656096867
vari-grip/rust/01-06-2021_DJI_0146_39_6,Ours,Cosine,0.8205477595329285
vari-grip/rust/01-06-2021_DJI_0146_40_0,Ours,Cosine,0.9784146121570042
vari-grip/rust/01-06-2021_DJI_0162_46_6,Ours,Cosine,0.9994110975946698
vari-grip/rust/02-06-2021_DJI_0359_261_8,Ours,Cosine,0.964167731148856
vari-grip/rust/08-06-2021_DJI_0385_421_2,Ours,Cosine,0.9063115886279515
vari-grip/rust/08-06-2021_DJI_0385_421_4,Ours,Cosine,0.9610296487808228
vari-grip/rust/08-06-2021_DJI_0385_421_6,Ours,Cosine,0.9928980129105704
vari-grip/rust/08-06-2021_DJI_0385_422,Ours,Cosine,0.9604723708970206
vari-grip/rust/08-06-2021_DJI_0385_422_0,Ours,Cosine,0.7601824573108128
vari-grip/rust/08-06-2021_DJI_0385_422_5,Ours,Cosine,0.9962585994175502
vari-grip/rust/09-06-2021_DJI_0466_568,Ours,Cosine,0.9951174940381732
vari-grip/rust/09-06-2021_DJI_0466_568_6,Ours,Cosine,0.9952748758452279
vari-grip/rust/09-06-2021_DJI_0467_570_2,Ours,Cosine,0.9924461671284267
vari-grip/rust/09-06-2021_DJI_0467_570_4,Ours,Cosine,0.9909994517053876
vari-grip/rust/10-06-2021_DJI_0018_611,Ours,Cosine,0.9960654037339347
vari-grip/rust/10-06-2021_DJI_0018_611_1,Ours,Cosine,0.9844383427074977
vari-grip/rust/10-06-2021_DJI_0018_611_7,Ours,Cosine,0.9962742924690247
vari-grip/rust/10-06-2021_DJI_0019_613_5,Ours,Cosine,0.9959578514099121
vari-grip/rust/11-06-2021_DJI_0479_11_6,Ours,Cosine,0.992629885673523
vari-grip/rust/11-06-2021_DJI_0479_11_7,Ours,Cosine,0.9861782022884914
vari-grip/rust/11-06-2021_DJI_0479_11_8,Ours,Cosine,0.9864030310085842
vari-grip/rust/15-06-2021_DJI_0118_741,Ours,Cosine,0.9485843862806048
vari-grip/rust/Fotos 23-10-2020_DJI_0029_vari_grip_745_7,Ours,Cosine,0.9877162490572248
vari-grip/rust/Fotos 23-10-2020_DJI_0031_vari_grip_748_0,Ours,Cosine,0.9823310971260071
vari-grip/rust/Fotos 23-10-2020_DJI_0031_vari_grip_748_7,Ours,Cosine,0.9801859089306423
vari-grip/rust/Fotos 23-10-2020_DJI_0032_vari_grip_750,Ours,Cosine,0.9913624269621713
vari-grip/rust/Fotos 23-10-2020_DJI_0032_vari_grip_750_3,Ours,Cosine,0.9661162495613098
vari-grip/rust/Fotos 23-10-2020_DJI_0034_vari_grip_751_0,Ours,Cosine,0.9969415153775897
vari-grip/rust/Fotos 23-10-2020_DJI_0034_vari_grip_752,Ours,Cosine,0.9971682003566197
vari-grip/rust/Fotos 23-10-2020_DJI_0034_vari_grip_752_7,Ours,Cosine,0.9789044686726162
vari-grip/rust/Fotos 23-10-2020_DJI_0035_vari_grip_753_4,Ours,Cosine,0.9965050135340009
vari-grip/rust/Fotos 23-10-2020_DJI_0035_vari_grip_753_5,Ours,Cosine,0.9982136487960815
vari-grip/rust/Fotos 23-10-2020_DJI_0038_vari_grip_756_1,Ours,Cosine,0.9804576805659703
vari-grip/rust/Fotos 23-10-2020_DJI_0038_vari_grip_756_4,Ours,Cosine,0.9959116322653634
vari-grip/rust/Fotos 23-10-2020_DJI_0041_vari_grip_757,Ours,Cosine,0.952996449811118
vari-grip/rust/Fotos 23-10-2020_DJI_0043_vari_grip_759,Ours,Cosine,0.9919466716902596
vari-grip/rust/Fotos 23-10-2020_DJI_0043_vari_grip_760_5,Ours,Cosine,0.9447154062134879
vari-grip/rust/Fotos 23-10-2020_DJI_0043_vari_grip_760_8,Ours,Cosine,0.8301087782851287
vari-grip/rust/Fotos 23-10-2020_DJI_0047_vari_grip_763_6,Ours,Cosine,0.9929221272468567
vari-grip/rust/Fotos 23-10-2020_DJI_0047_vari_grip_764_0,Ours,Cosine,0.7411019802093506
vari-grip/rust/Fotos 23-10-2020_DJI_0047_vari_grip_764_1,Ours,Cosine,0.9930648037365505
vari-grip/rust/Fotos 23-10-2020_DJI_0047_vari_grip_764_3,Ours,Cosine,0.9485663345881871
vari-grip/rust/Fotos 23-10-2020_DJI_0047_vari_grip_764_5,Ours,Cosine,0.9933562023299081
vari-grip/rust/Fotos 23-10-2020_DJI_0048_vari_grip_765,Ours,Cosine,0.9815021923610142
vari-grip/rust/Fotos 23-10-2020_DJI_0065_vari_grip_736,Ours,Cosine,0.9979426945958819
vari-grip/rust/Fotos 23-10-2020_DJI_0065_vari_grip_736_0,Ours,Cosine,0.9882599030222211
vari-grip/rust/Fotos 23-10-2020_DJI_0065_vari_grip_736_5,Ours,Cosine,0.9908913033349174
vari-grip/rust/Fotos 23-10-2020_DJI_0072_vari_grip_737_3,Ours,Cosine,0.9925719158990043
vari-grip/rust/Fotos 23-10-2020_DJI_0072_vari_grip_737_4,Ours,Cosine,0.9951057348932538
vari-grip/rust/Fotos 23-10-2020_DJI_0072_vari_grip_737_6,Ours,Cosine,0.9937446543148586
vari-grip/rust/Fotos 23-10-2020_DJI_0072_vari_grip_737_8,Ours,Cosine,0.9934086714472089
vari-grip/rust/Fotos 23-10-2020_DJI_0073_vari_grip_738_1,Ours,Cosine,0.9942679405212402
vari-grip/rust/Fotos 23-10-2020_DJI_0073_vari_grip_738_2,Ours,Cosine,0.999804403100695
vari-grip/rust/Fotos 23-10-2020_DJI_0074_vari_grip_739_0,Ours,Cosine,0.998716448034559
vari-grip/rust/Fotos 23-10-2020_DJI_0074_vari_grip_739_3,Ours,Cosine,0.9982453754970005
vari-grip/rust/Fotos 23-10-2020_DJI_0113_vari_grip_743_4,Ours,Cosine,0.7384397472654071
vari-grip/rust/Fotos 23-10-2020_DJI_0114_vari_grip_744_1,Ours,Cosine,0.9971056495394025
vari-grip/rust/Fotos 23-10-2020_DJI_0114_vari_grip_744_7,Ours,Cosine,0.9919261251177106
vari-grip/rust/Fotos 23-10-2020_DJI_0114_vari_grip_744_8,Ours,Cosine,0.9964310697146824
vari-grip/bird-nest/08-06-2021_DJI_0089_322,Ours,Margin,-0.001305265086037772
vari-grip/bird-nest/08-06-2021_DJI_0089_322_3,Ours,Margin,0.016572696822030202
vari-grip/bird-nest/08-06-2021_DJI_0285_392,Ours,Margin,0.02626493147441319
vari-grip/bird-nest/10-06-2021_DJI_0244_649_2,Ours,Margin,-0.015915193728038242
vari-grip/bird-nest/10-06-2021_DJI_0270_657_5,Ours,Margin,-0.010920005185263497
vari-grip/bird-nest/10-06-2021_DJI_0270_657_7,Ours,Margin,-0.009354557309831892
vari-grip/bird-nest/10-06-2021_DJI_0271_658_1,Ours,Margin,-6.32575580051967e-05
vari-grip/bird-nest/10-06-2021_DJI_0271_658_2,Ours,Margin,-0.001893622534615653
vari-grip/bird-nest/10-06-2021_DJI_0271_658_6,Ours,Margin,-6.814513887677873e-05
vari-grip/bird-nest/10-06-2021_DJI_0271_658_8,Ours,Margin,-0.011452530111585344
vari-grip/bird-nest/11-06-2021_DJI_0121_4_1,Ours,Margin,-0.001290900366646903
vari-grip/bird-nest/11-06-2021_DJI_0121_4_4,Ours,Margin,-0.002143902438027518
vari-grip/bird-nest/11-06-2021_DJI_0121_4_5,Ours,Margin,-0.0041880011558532715
vari-grip/bird-nest/11-06-2021_DJI_0132_6_0,Ours,Margin,0.001336353165762765
vari-grip/bird-nest/11-06-2021_DJI_0132_6_6,Ours,Margin,0.0005758404731750488
vari-grip/bird-nest/15-06-2021_DJI_0044_726,Ours,Margin,0.00022838796888078962
vari-grip/bird-nest/15-06-2021_DJI_0044_726_6,Ours,Margin,-0.005448324339730399
vari-grip/bird-nest/Fotos 02-12-2020_DJI_0492_vari_grip_56_4,Ours,Margin,-0.002426717962537493
vari-grip/bird-nest/Fotos 02-12-2020_DJI_0492_vari_grip_57_0,Ours,Margin,-0.0007022193499973842
vari-grip/bird-nest/Fotos 02-12-2020_DJI_0492_vari_grip_57_4,Ours,Margin,-0.002900021416800363
vari-grip/bird-nest/Fotos 17-11-2020_DJI_0289_vari_grip_478,Ours,Margin,-0.0002200007438659668
vari-grip/bird-nest/Fotos 17-11-2020_DJI_0303_vari_grip_479_0,Ours,Margin,-0.02232633318219866
vari-grip/bird-nest/Fotos 17-11-2020_DJI_0304_vari_grip_480,Ours,Margin,-0.005452752113342285
vari-grip/bird-nest/Fotos 18-11-2020_DJI_0209_vari_grip_530_0,Ours,Margin,-0.0007779768535069057
vari-grip/bird-nest/Fotos 18-11-2020_DJI_0209_vari_grip_530_3,Ours,Margin,-0.018481578145708357
vari-grip/bird-nest/Fotos 19-11-2020_DJI_0140_vari_grip_571_3,Ours,Margin,-0.008032509258815221
vari-grip/bird-nest/Fotos 19-11-2020_DJI_0140_vari_grip_571_7,Ours,Margin,-0.007111855915614537
vari-grip/bird-nest/Fotos 19-11-2020_DJI_0149_vari_grip_573_0,Ours,Margin,-0.022950078759874617
vari-grip/bird-nest/Fotos 19-11-2020_DJI_0149_vari_grip_573_4,Ours,Margin,-0.026038944721221924
vari-grip/bird-nest/Fotos 19-11-2020_DJI_0149_vari_grip_573_6,Ours,Margin,-0.006166543279375348
vari-grip/bird-nest/Fotos 19-11-2020_DJI_0150_vari_grip_574_0,Ours,Margin,-0.002344693456377302
vari-grip/bird-nest/Fotos 19-11-2020_DJI_0150_vari_grip_575_1,Ours,Margin,-0.07187657696860177
vari-grip/bird-nest/Fotos 19-11-2020_DJI_0150_vari_grip_575_2,Ours,Margin,-0.0006701690810067314
vari-grip/bird-nest/Fotos 19-11-2020_DJI_0151_vari_grip_577_2,Ours,Margin,0.0019039085933140346
vari-grip/bird-nest/Fotos 19-11-2020_DJI_0151_vari_grip_577_3,Ours,Margin,-0.0013211114065987723
vari-grip/bird-nest/Fotos 19-11-2020_DJI_0151_vari_grip_577_4,Ours,Margin,-0.0023056864738464355
vari-grip/bird-nest/Fotos 20-11-2020_DJI_0210_vari_grip_683_2,Ours,Margin,-0.14725368363516672
vari-grip/bird-nest/Fotos 20-11-2020_DJI_0210_vari_grip_683_7,Ours,Margin,0.0010529245649065291
vari-grip/bird-nest/Fotos 23-11-2020_DJI_0279_vari_grip_768_0,Ours,Margin,0.00034117698669433594
vari-grip/bird-nest/Fotos 23-11-2020_DJI_0279_vari_grip_768_2,Ours,Margin,-0.020203845841544017
vari-grip/bird-nest/Fotos 25-11-2020_DJI_0207_vari_grip_861_0,Ours,Margin,0.0010008641651698522
vari-grip/bird-nest/Fotos 25-11-2020_DJI_0207_vari_grip_861_6,Ours,Margin,0.0021922503198896137
vari-grip/bird-nest/Fotos 25-11-2020_DJI_0563_vari_grip_841_0,Ours,Margin,-0.004114644868033273
vari-grip/bird-nest/Fotos 25-11-2020_DJI_0563_vari_grip_841_2,Ours,Margin,-0.0038535254342215402
vari-grip/bird-nest/Fotos 25-11-2020_DJI_0563_vari_grip_841_4,Ours,Margin,-0.00725815977369036
vari-grip/bird-nest/Fotos 25-11-2020_DJI_0563_vari_grip_841_7,Ours,Margin,-0.008766600063868932
vari-grip/bird-nest/Fotos 25-11-2020_DJI_0564_vari_grip_843,Ours,Margin,-0.006498754024505615
vari-grip/bird-nest/Fotos 25-11-2020_DJI_0564_vari_grip_843_1,Ours,Margin,-0.008434925760541643
vari-grip/bird-nest/Fotos 25-11-2020_DJI_0564_vari_grip_843_2,Ours,Margin,-0.0031776513372148785
vari-grip/bird-nest/Fotos 25-11-2020_DJI_0564_vari_grip_844,Ours,Margin,-8.280788149152483e-05
vari-grip/bird-nest/Fotos 25-11-2020_DJI_0564_vari_grip_844_4,Ours,Margin,-0.04823388372148786
vari-grip/bird-nest/Fotos 25-11-2020_DJI_0564_vari_grip_844_7,Ours,Margin,-0.0007829240390232631
vari-grip/bird-nest/Fotos 25-11-2020_DJI_0564_vari_grip_844_8,Ours,Margin,-0.002151054995400565
vari-grip/bird-nest/Fotos 25-11-2020_DJI_0586_vari_grip_845,Ours,Margin,0.006413911070142474
vari-grip/bird-nest/Fotos 25-11-2020_DJI_0586_vari_grip_845_2,Ours,Margin,-0.04169672727584839
vari-grip/bird-nest/Fotos 25-11-2020_DJI_0586_vari_grip_845_7,Ours,Margin,-0.040264666080474854
vari-grip/bird-nest/Fotos 25-11-2020_DJI_0586_vari_grip_845_8,Ours,Margin,-4.3860503605433875e-05
vari-grip/bird-nest/Fotos 25-11-2020_DJI_0586_vari_grip_846,Ours,Margin,1.9397054399762836e-05
vari-grip/bird-nest/Fotos 25-11-2020_DJI_0586_vari_grip_846_3,Ours,Margin,-0.0012644869940621512
vari-grip/bird-nest/Fotos 25-11-2020_DJI_0586_vari_grip_846_4,Ours,Margin,-2.8380325862339566e-05
vari-grip/bird-nest/Fotos 25-11-2020_DJI_0588_vari_grip_847_1,Ours,Margin,-0.1255161605243172
vari-grip/bird-nest/Fotos 25-11-2020_DJI_0588_vari_grip_847_8,Ours,Margin,-0.001506234918321882
vari-grip/bird-nest/Fotos 26-11-2020_DJI_0214_vari_grip_906_1,Ours,Margin,-0.009339043072291784
vari-grip/bird-nest/Fotos 26-11-2020_DJI_0214_vari_grip_907,Ours,Margin,-0.004175560814993722
vari-grip/bird-nest/Fotos 26-11-2020_DJI_0215_vari_grip_908_3,Ours,Margin,-0.005585517202104841
vari-grip/bird-nest/Fotos 26-11-2020_DJI_0262_vari_grip_910,Ours,Margin,-0.005957433155604771
vari-grip/bird-nest/Fotos 26-11-2020_DJI_0262_vari_grip_911,Ours,Margin,-0.009256243705749512
vari-grip/bird-nest/Fotos 27-11-2020_DJI_0491_vari_grip_933_1,Ours,Margin,-0.038385246481214254
vari-grip/bird-nest/Fotos 27-11-2020_DJI_0491_vari_grip_933_4,Ours,Margin,-0.0061591097286769324
vari-grip/bird-nest/Fotos 27-11-2020_DJI_0491_vari_grip_933_8,Ours,Margin,-0.00369185209274292
vari-grip/bird-nest/Fotos 27-11-2020_DJI_0566_vari_grip_924_6,Ours,Margin,-0.05894884041377476
vari-grip/bird-nest/Fotos 27-11-2020_DJI_0566_vari_grip_925,Ours,Margin,-0.010386347770690918
vari-grip/bird-nest/Fotos 27-11-2020_DJI_0566_vari_grip_925_2,Ours,Margin,-0.06301506076540266
vari-grip/bird-nest/Fotos 27-11-2020_DJI_0566_vari_grip_925_3,Ours,Margin,-0.05099480492728097
vari-grip/bird-nest/Fotos 27-11-2020_DJI_0566_vari_grip_925_6,Ours,Margin,-0.05590823718479702
vari-grip/good/Fotos 01-12-2020_DJI_0079_vari_grip_51,Ours,Margin,0.00349938017981393
vari-grip/good/Fotos 01-12-2020_DJI_0140_vari_grip_47,Ours,Margin,-0.005563642297472272
vari-grip/good/Fotos 01-12-2020_DJI_0199_vari_grip_41,Ours,Margin,9.397097996303014e-05
vari-grip/good/Fotos 01-12-2020_DJI_0342_vari_grip_32,Ours,Margin,-0.001239410468510219
vari-grip/good/Fotos 01-12-2020_DJI_0402_vari_grip_29,Ours,Margin,0.002786006246294294
vari-grip/good/Fotos 01-12-2020_DJI_0457_vari_grip_24,Ours,Margin,-0.0003573468753269741
vari-grip/good/Fotos 01-12-2020_DJI_0457_vari_grip_25,Ours,Margin,-0.006682336330413818
vari-grip/good/Fotos 02-12-2020_DJI_0020_vari_grip_94,Ours,Margin,0.00027702535901750835
vari-grip/good/Fotos 02-12-2020_DJI_0132_vari_grip_88,Ours,Margin,0.0004089815276009696
vari-grip/good/Fotos 02-12-2020_DJI_0194_vari_grip_84,Ours,Margin,0.008452236652374268
vari-grip/good/Fotos 02-12-2020_DJI_0367_vari_grip_65,Ours,Margin,-0.0004832659448896136
vari-grip/good/Fotos 02-12-2020_DJI_0368_vari_grip_67,Ours,Margin,2.1483216966901508e-05
vari-grip/good/Fotos 02-12-2020_DJI_0374_vari_grip_71,Ours,Margin,0.005679317883082798
vari-grip/good/Fotos 02-12-2020_DJI_0427_vari_grip_61,Ours,Margin,0.00018356527600969587
vari-grip/good/Fotos 03-12-2020_DJI_0149_vari_grip_126,Ours,Margin,3.067084721156529e-05
vari-grip/good/Fotos 03-12-2020_DJI_0150_vari_grip_128,Ours,Margin,4.9948692321777344e-05
vari-grip/good/Fotos 03-12-2020_DJI_0457_vari_grip_110,Ours,Margin,0.0002075604030064174
vari-grip/good/Fotos 03-12-2020_DJI_0561_vari_grip_100,Ours,Margin,-0.0001010894775390625
vari-grip/good/Fotos 04-12-2020_DJI_0762_vari_grip_164,Ours,Margin,0.002721224512372698
vari-grip/good/Fotos 04-12-2020_DJI_0806_vari_grip_160,Ours,Margin,0.0002804313387189593
vari-grip/good/Fotos 04-12-2020_DJI_0902_vari_grip_149,Ours,Margin,0.00016224384307861328
vari-grip/good/Fotos 04-12-2020_DJI_0950_vari_grip_142,Ours,Margin,-9.360483714512416e-05
vari-grip/good/Fotos 04-12-2020_DJI_0951_vari_grip_145,Ours,Margin,-0.000507857118334089
vari-grip/good/Fotos 04-12-2020_DJI_0954_vari_grip_146,Ours,Margin,-0.0044926575251988
vari-grip/good/Fotos 04-12-2020_DJI_1000 (2)_vari_grip_141,Ours,Margin,-0.06696933933666774
vari-grip/good/Fotos 07-12-2020_DJI_0059_vari_grip_192,Ours,Margin,0.0007831369127546038
vari-grip/good/Fotos 07-12-2020_DJI_0140_vari_grip_183,Ours,Margin,-0.0306966985974993
vari-grip/good/Fotos 07-12-2020_DJI_0141_vari_grip_185,Ours,Margin,0.0011940598487854004
vari-grip/good/Fotos 07-12-2020_DJI_0155_vari_grip_186,Ours,Margin,-0.006221984113965716
vari-grip/good/Fotos 07-12-2020_DJI_0187_vari_grip_179,Ours,Margin,0.0019437415259225027
vari-grip/good/Fotos 08-12-2020_DJI_0452_vari_grip_225,Ours,Margin,0.008484797818320138
vari-grip/good/Fotos 08-12-2020_DJI_0455_vari_grip_229,Ours,Margin,-0.14491019078663417
vari-grip/good/Fotos 08-12-2020_DJI_0538_vari_grip_218,Ours,Margin,-0.03412143673215594
vari-grip/good/Fotos 08-12-2020_DJI_0613_vari_grip_208,Ours,Margin,0.0003478186471121652
vari-grip/good/Fotos 08-12-2020_DJI_0652_vari_grip_204,Ours,Margin,0.0007941722869873047
vari-grip/good/Fotos 09-12-2020_DJI_0017_vari_grip_269,Ours,Margin,-0.0005242143358503069
vari-grip/good/Fotos 09-12-2020_DJI_0018_vari_grip_271,Ours,Margin,0.040939620562962124
vari-grip/good/Fotos 09-12-2020_DJI_0056_vari_grip_263,Ours,Margin,0.0039950353758675715
vari-grip/good/Fotos 09-12-2020_DJI_0102_vari_grip_261,Ours,Margin,-0.00012689828872680664
vari-grip/good/Fotos 09-12-2020_DJI_0143_vari_grip_249,Ours,Margin,2.882310322352818e-05
vari-grip/good/Fotos 09-12-2020_DJI_0144_vari_grip_252,Ours,Margin,0.0016046932765415736
vari-grip/good/Fotos 09-12-2020_DJI_0310_vari_grip_238,Ours,Margin,-0.0006006530353001186
vari-grip/good/Fotos 09-12-2020_DJI_0348_vari_grip_233,Ours,Margin,-0.00852724484034947
vari-grip/good/Fotos 10-12-2020_DJI_0020_vari_grip_327,Ours,Margin,-0.003475146634238107
vari-grip/good/Fotos 10-12-2020_DJI_0024_vari_grip_332,Ours,Margin,-0.02248450687953404
vari-grip/good/Fotos 10-12-2020_DJI_0101_vari_grip_312,Ours,Margin,0.003982714244297573
vari-grip/good/Fotos 10-12-2020_DJI_0140_vari_grip_300,Ours,Margin,0.00011497735977172852
vari-grip/good/Fotos 10-12-2020_DJI_0182_vari_grip_295,Ours,Margin,0.009102625506264823
vari-grip/good/Fotos 10-12-2020_DJI_0182_vari_grip_296,Ours,Margin,0.00018011672156197683
vari-grip/good/Fotos 10-12-2020_DJI_0184_vari_grip_299,Ours,Margin,0.004024599279676165
vari-grip/good/Fotos 10-12-2020_DJI_0258_vari_grip_282,Ours,Margin,0.00037848949432373047
vari-grip/good/Fotos 10-12-2020_DJI_0259_vari_grip_283,Ours,Margin,-0.0030631848743983676
vari-grip/good/Fotos 10-12-2020_DJI_0262_vari_grip_285,Ours,Margin,-0.04080009034701756
vari-grip/good/Fotos 11-12-2020_DJI_0055_vari_grip_379,Ours,Margin,0.0009258134024483817
vari-grip/good/Fotos 11-12-2020_DJI_0290_vari_grip_346,Ours,Margin,-0.006575644016265869
vari-grip/good/Fotos 14-12-2020_DJI_0433_vari_grip_399,Ours,Margin,-0.009164852755410331
vari-grip/good/Fotos 14-12-2020_DJI_0624_vari_grip_392,Ours,Margin,0.025617871965680803
vari-grip/good/Fotos 16-11-2020_DJI_0110_vari_grip_439,Ours,Margin,0.0007382971899850028
vari-grip/good/Fotos 16-11-2020_DJI_0153_vari_grip_434,Ours,Margin,-0.004824697971343994
vari-grip/good/Fotos 16-11-2020_DJI_0157_vari_grip_438,Ours,Margin,-0.0023791875158037457
vari-grip/good/Fotos 16-12-2020_DJI_0034_vari_grip_475,Ours,Margin,-0.020141771861485074
vari-grip/good/Fotos 16-12-2020_DJI_0188_vari_grip_464,Ours,Margin,0.07991357360567365
vari-grip/good/Fotos 16-12-2020_DJI_0404_vari_grip_450,Ours,Margin,-0.1989719101360866
vari-grip/good/Fotos 17-11-2020_DJI_0106_vari_grip_493,Ours,Margin,-0.0359048673084804
vari-grip/good/Fotos 17-11-2020_DJI_0120_vari_grip_496,Ours,Margin,-0.005918639046805245
vari-grip/good/Fotos 17-11-2020_DJI_0121_vari_grip_497,Ours,Margin,0.0042065126555306575
vari-grip/good/Fotos 17-11-2020_DJI_0206_vari_grip_491,Ours,Margin,-0.0016646810940333775
vari-grip/good/Fotos 17-12-2020_DJI_0168_vari_grip_514,Ours,Margin,0.00034602199281964986
vari-grip/good/Fotos 18-11-2020_DJI_0070_vari_grip_548,Ours,Margin,1.365797860281808e-05
vari-grip/good/Fotos 18-11-2020_DJI_0109_vari_grip_546,Ours,Margin,0.00045298678534371514
vari-grip/good/Fotos 18-11-2020_DJI_0137_vari_grip_541,Ours,Margin,-0.0012865918023245676
vari-grip/good/Fotos 18-11-2020_DJI_0246_vari_grip_528,Ours,Margin,0.0013265865189688547
vari-grip/good/Fotos 19-10-2020_DJI_0045_vari_grip_4,Ours,Margin,-0.009311769689832414
vari-grip/good/Fotos 19-10-2020_DJI_0046_vari_grip_6,Ours,Margin,-0.008548974990844727
vari-grip/good/Fotos 19-10-2020_DJI_0046_vari_grip_7,Ours,Margin,-0.10003796432699476
vari-grip/good/Fotos 19-10-2020_DJI_0083_vari_grip_15,Ours,Margin,0.0008707046508789062
vari-grip/good/Fotos 19-10-2020_DJI_0084_vari_grip_16,Ours,Margin,0.0010525754519871303
vari-grip/good/Fotos 19-11-2020_DJI_0119_vari_grip_578,Ours,Margin,0.0004798429352896554
vari-grip/good/Fotos 19-11-2020_DJI_0199_vari_grip_562,Ours,Margin,-0.0006169506481715611
vari-grip/good/Fotos 19-11-2020_DJI_0236_vari_grip_561,Ours,Margin,-0.012666233948298864
vari-grip/good/Fotos 20-10-2020_DJI_0201_vari_grip_613,Ours,Margin,0.0022903851100376676
vari-grip/good/Fotos 20-10-2020_DJI_0205_vari_grip_620,Ours,Margin,0.004636194024767194
vari-grip/good/Fotos 20-10-2020_DJI_0211_vari_grip_633,Ours,Margin,-0.009972342423030309
vari-grip/good/Fotos 20-10-2020_DJI_0238_vari_grip_641,Ours,Margin,-0.010608536856515067
vari-grip/good/Fotos 20-10-2020_DJI_0243_vari_grip_648,Ours,Margin,0.0020404543195452008
vari-grip/good/Fotos 20-10-2020_DJI_0244_vari_grip_651,Ours,Margin,-0.001011627061026437
vari-grip/good/Fotos 20-10-2020_DJI_0245_vari_grip_653,Ours,Margin,-0.0011974232537405832
vari-grip/good/Fotos 20-10-2020_DJI_0255_vari_grip_658,Ours,Margin,0.0005988904408046178
vari-grip/good/Fotos 20-10-2020_DJI_0255_vari_grip_659,Ours,Margin,0.004280141421726772
vari-grip/good/Fotos 20-10-2020_DJI_0256_vari_grip_660,Ours,Margin,-0.0013504964964730398
vari-grip/good/Fotos 20-10-2020_DJI_0265_vari_grip_586,Ours,Margin,0.00045492819377354214
vari-grip/good/Fotos 20-10-2020_DJI_0268_vari_grip_589,Ours,Margin,-0.00013634136744907925
vari-grip/good/Fotos 20-10-2020_DJI_0282_vari_grip_590,Ours,Margin,-0.0023091009684971403
vari-grip/good/Fotos 20-11-2020_DJI_0144_vari_grip_697,Ours,Margin,-0.005620317799704415
vari-grip/good/Fotos 20-11-2020_DJI_0171_vari_grip_687,Ours,Margin,-0.012732633522578649
vari-grip/good/Fotos 20-11-2020_DJI_0172_vari_grip_689,Ours,Margin,-0.005753730024610247
vari-grip/good/Fotos 20-11-2020_DJI_0275_vari_grip_672,Ours,Margin,0.002537872110094343
vari-grip/good/Fotos 22-10-2020_DJI_0858_vari_grip_718,Ours,Margin,-0.00660724299294608
vari-grip/good/Fotos 22-10-2020_DJI_0864_vari_grip_724,Ours,Margin,0.0018761839185442244
vari-grip/good/Fotos 22-10-2020_DJI_0864_vari_grip_725,Ours,Margin,-0.003247754914419992
vari-grip/good/Fotos 22-10-2020_DJI_0880_vari_grip_734,Ours,Margin,-0.003383406570979527
vari-grip/good/Fotos 23-11-2020_DJI_0143_vari_grip_783,Ours,Margin,0.0034544382776532856
vari-grip/good/Fotos 23-11-2020_DJI_0177_vari_grip_782,Ours,Margin,7.587671279907227e-05
vari-grip/good/Fotos 23-11-2020_DJI_0209_vari_grip_777,Ours,Margin,-0.008769878319331579
vari-grip/good/Fotos 24-11-2020_DJI_0101_vari_grip_837,Ours,Margin,-0.0038674048015049528
vari-grip/good/Fotos 24-11-2020_DJI_0243_vari_grip_827,Ours,Margin,-0.12368944074426379
vari-grip/good/Fotos 24-11-2020_DJI_0244_vari_grip_830,Ours,Margin,-0.018836924007960727
vari-grip/good/Fotos 25-11-2020_DJI_0208_vari_grip_862,Ours,Margin,0.0019940052713666645
vari-grip/good/Fotos 26-11-2020_DJI_0213_vari_grip_904,Ours,Margin,-0.02975000653948103
vari-grip/good/Fotos 26-11-2020_DJI_0213_vari_grip_905,Ours,Margin,0.004837206431797573
vari-grip/good/Fotos 27-11-2020_DJI_0421_vari_grip_934,Ours,Margin,-0.004264099257332938
vari-grip/good/Fotos 27-11-2020_DJI_0421_vari_grip_935,Ours,Margin,-0.00860884359904698
vari-grip/good/Fotos 27-11-2020_DJI_0422_vari_grip_937,Ours,Margin,0.0002534900392804827
vari-grip/good/Fotos 30-11-2020_DJI_0033_vari_grip_1007,Ours,Margin,-0.006295732089451381
vari-grip/good/Fotos 30-11-2020_DJI_0193_vari_grip_996,Ours,Margin,-0.013019587312425886
vari-grip/good/Fotos 30-11-2020_DJI_0437_vari_grip_975,Ours,Margin,0.03663996287754604
vari-grip/good/Fotos 30-11-2020_DJI_0438_vari_grip_976,Ours,Margin,0.016232005187443325
vari-grip/good/Fotos 30-11-2020_DJI_0501_vari_grip_969,Ours,Margin,7.283687591552734e-05
vari-grip/good/Fotos 30-11-2020_DJI_0561_vari_grip_964,Ours,Margin,0.0014544214521135604
vari-grip/rust/01-06-2021_DJI_0030_6_0,Ours,Margin,0.025270053318568637
vari-grip/rust/01-06-2021_DJI_0030_6_7,Ours,Margin,-0.23036869083132064
vari-grip/rust/01-06-2021_DJI_0146_39_2,Ours,Margin,-0.054618780102048604
vari-grip/rust/01-06-2021_DJI_0146_39_6,Ours,Margin,-0.16101803949901036
vari-grip/rust/01-06-2021_DJI_0146_40_0,Ours,Margin,0.05361226626804897
vari-grip/rust/01-06-2021_DJI_0162_46_6,Ours,Margin,0.0020097408975873676
vari-grip/rust/02-06-2021_DJI_0359_261_8,Ours,Margin,-0.02320948668888637
vari-grip/rust/08-06-2021_DJI_0385_421_2,Ours,Margin,-0.04670448814119611
vari-grip/rust/08-06-2021_DJI_0385_421_4,Ours,Margin,-0.013060595308031355
vari-grip/rust/08-06-2021_DJI_0385_421_6,Ours,Margin,0.037508879389081685
vari-grip/rust/08-06-2021_DJI_0385_422,Ours,Margin,0.0018831746918814523
vari-grip/rust/08-06-2021_DJI_0385_422_0,Ours,Margin,-0.2271206889833723
vari-grip/rust/08-06-2021_DJI_0385_422_5,Ours,Margin,0.010100134781428747
vari-grip/rust/09-06-2021_DJI_0466_568,Ours,Margin,-0.0037190488406590055
vari-grip/rust/09-06-2021_DJI_0466_568_6,Ours,Margin,-0.003368147781917027
vari-grip/rust/09-06-2021_DJI_0467_570_2,Ours,Margin,0.005257359572819301
vari-grip/rust/09-06-2021_DJI_0467_570_4,Ours,Margin,0.002046499933515276
vari-grip/rust/10-06-2021_DJI_0018_611,Ours,Margin,0.002629220485687256
vari-grip/rust/10-06-2021_DJI_0018_611_1,Ours,Margin,-0.0014468090874808176
vari-grip/rust/10-06-2021_DJI_0018_611_7,Ours,Margin,0.0017841117722647531
vari-grip/rust/10-06-2021_DJI_0019_613_5,Ours,Margin,0.007176433290754046
vari-grip/rust/11-06-2021_DJI_0479_11_6,Ours,Margin,0.003500793661390032
vari-grip/rust/11-06-2021_DJI_0479_11_7,Ours,Margin,-0.0032152959278651644
vari-grip/rust/11-06-2021_DJI_0479_11_8,Ours,Margin,-0.007459631987980434
vari-grip/rust/15-06-2021_DJI_0118_741,Ours,Margin,0.03728269679205758
vari-grip/rust/Fotos 23-10-2020_DJI_0029_vari_grip_745_7,Ours,Margin,0.012935272284916468
vari-grip/rust/Fotos 23-10-2020_DJI_0031_vari_grip_748_0,Ours,Margin,-0.0093963657106672
vari-grip/rust/Fotos 23-10-2020_DJI_0031_vari_grip_748_7,Ours,Margin,-0.011245599814823695
vari-grip/rust/Fotos 23-10-2020_DJI_0032_vari_grip_750,Ours,Margin,-0.005567686898367745
vari-grip/rust/Fotos 23-10-2020_DJI_0032_vari_grip_750_3,Ours,Margin,-0.013488514082772391
vari-grip/rust/Fotos 23-10-2020_DJI_0034_vari_grip_751_0,Ours,Margin,0.0043201446533203125
vari-grip/rust/Fotos 23-10-2020_DJI_0034_vari_grip_752,Ours,Margin,-0.0010065947260175432
vari-grip/rust/Fotos 23-10-2020_DJI_0034_vari_grip_752_7,Ours,Margin,-0.013227215835026332
vari-grip/rust/Fotos 23-10-2020_DJI_0035_vari_grip_753_4,Ours,Margin,0.001634972436087472
vari-grip/rust/Fotos 23-10-2020_DJI_0035_vari_grip_753_5,Ours,Margin,0.00037865979330880303
vari-grip/rust/Fotos 23-10-2020_DJI_0038_vari_grip_756_1,Ours,Margin,-0.0120412962777274
vari-grip/rust/Fotos 23-10-2020_DJI_0038_vari_grip_756_4,Ours,Margin,-0.00017893314361572266
vari-grip/rust/Fotos 23-10-2020_DJI_0041_vari_grip_757,Ours,Margin,-0.02750462293624878
vari-grip/rust/Fotos 23-10-2020_DJI_0043_vari_grip_759,Ours,Margin,0.011895554406302316
vari-grip/rust/Fotos 23-10-2020_DJI_0043_vari_grip_760_5,Ours,Margin,-0.013575707163129534
vari-grip/rust/Fotos 23-10-2020_DJI_0043_vari_grip_760_8,Ours,Margin,-0.15869841458542006
vari-grip/rust/Fotos 23-10-2020_DJI_0047_vari_grip_763_6,Ours,Margin,0.004110183034624372
vari-grip/rust/Fotos 23-10-2020_DJI_0047_vari_grip_764_0,Ours,Margin,-0.2505022627966745
vari-grip/rust/Fotos 23-10-2020_DJI_0047_vari_grip_764_1,Ours,Margin,0.002877976213182722
vari-grip/rust/Fotos 23-10-2020_DJI_0047_vari_grip_764_3,Ours,Margin,-0.0440283077103751
vari-grip/rust/Fotos 23-10-2020_DJI_0047_vari_grip_764_5,Ours,Margin,0.0034590533801487516
vari-grip/rust/Fotos 23-10-2020_DJI_0048_vari_grip_765,Ours,Margin,-0.012701783861432756
vari-grip/rust/Fotos 23-10-2020_DJI_0065_vari_grip_736,Ours,Margin,-0.0014432753835405623
vari-grip/rust/Fotos 23-10-2020_DJI_0065_vari_grip_736_0,Ours,Margin,-0.010249435901641846
vari-grip/rust/Fotos 23-10-2020_DJI_0065_vari_grip_736_5,Ours,Margin,-0.007749489375523159
vari-grip/rust/Fotos 23-10-2020_DJI_0072_vari_grip_737_3,Ours,Margin,-0.006313502788543701
vari-grip/rust/Fotos 23-10-2020_DJI_0072_vari_grip_737_4,Ours,Margin,0.002798267773219517
vari-grip/rust/Fotos 23-10-2020_DJI_0072_vari_grip_737_6,Ours,Margin,-0.003933651106698173
vari-grip/rust/Fotos 23-10-2020_DJI_0072_vari_grip_737_8,Ours,Margin,-0.0017522488321576799
vari-grip/rust/Fotos 23-10-2020_DJI_0073_vari_grip_738_1,Ours,Margin,-0.004260071686335972
vari-grip/rust/Fotos 23-10-2020_DJI_0073_vari_grip_738_2,Ours,Margin,0.0021006635257175992
vari-grip/rust/Fotos 23-10-2020_DJI_0074_vari_grip_739_0,Ours,Margin,7.764782224382673e-05
vari-grip/rust/Fotos 23-10-2020_DJI_0074_vari_grip_739_3,Ours,Margin,0.005416512489318848
vari-grip/rust/Fotos 23-10-2020_DJI_0113_vari_grip_743_4,Ours,Margin,-0.25706062998090473
vari-grip/rust/Fotos 23-10-2020_DJI_0114_vari_grip_744_1,Ours,Margin,-1.7762184143066406e-05
vari-grip/rust/Fotos 23-10-2020_DJI_0114_vari_grip_744_7,Ours,Margin,-0.0012624263763427734
vari-grip/rust/Fotos 23-10-2020_DJI_0114_vari_grip_744_8,Ours,Margin,-0.0011431234223502023
vari-grip/bird-nest/08-06-2021_DJI_0089_322,Restormer,PSNR,25.94453194172279
vari-grip/bird-nest/08-06-2021_DJI_0089_322_3,Restormer,PSNR,23.484755815042682
vari-grip/bird-nest/08-06-2021_DJI_0285_392,Restormer,PSNR,23.764868243228616
vari-grip/bird-nest/10-06-2021_DJI_0244_649_2,Restormer,PSNR,27.71024683895292
vari-grip/bird-nest/10-06-2021_DJI_0270_657_5,Restormer,PSNR,20.574522618559435
vari-grip/bird-nest/10-06-2021_DJI_0270_657_7,Restormer,PSNR,23.068686918028728
vari-grip/bird-nest/10-06-2021_DJI_0271_658_1,Restormer,PSNR,28.90266429415183
vari-grip/bird-nest/10-06-2021_DJI_0271_658_2,Restormer,PSNR,24.59902538231209
vari-grip/bird-nest/10-06-2021_DJI_0271_658_6,Restormer,PSNR,29.37386903507706
vari-grip/bird-nest/10-06-2021_DJI_0271_658_8,Restormer,PSNR,25.00121237397703
vari-grip/bird-nest/11-06-2021_DJI_0121_4_1,Restormer,PSNR,25.855197808141945
vari-grip/bird-nest/11-06-2021_DJI_0121_4_4,Restormer,PSNR,23.77852831156628
vari-grip/bird-nest/11-06-2021_DJI_0121_4_5,Restormer,PSNR,21.797131500800013
vari-grip/bird-nest/11-06-2021_DJI_0132_6_0,Restormer,PSNR,25.87969839428015
vari-grip/bird-nest/11-06-2021_DJI_0132_6_6,Restormer,PSNR,27.231383304341477
vari-grip/bird-nest/15-06-2021_DJI_0044_726,Restormer,PSNR,25.357665221476566
vari-grip/bird-nest/15-06-2021_DJI_0044_726_6,Restormer,PSNR,22.866813901562885
vari-grip/bird-nest/Fotos 02-12-2020_DJI_0492_vari_grip_56_4,Restormer,PSNR,24.485984555574024
vari-grip/bird-nest/Fotos 02-12-2020_DJI_0492_vari_grip_57_0,Restormer,PSNR,28.200969241830418
vari-grip/bird-nest/Fotos 02-12-2020_DJI_0492_vari_grip_57_4,Restormer,PSNR,23.519344686848616
vari-grip/bird-nest/Fotos 17-11-2020_DJI_0289_vari_grip_478,Restormer,PSNR,32.8981492795275
vari-grip/bird-nest/Fotos 17-11-2020_DJI_0303_vari_grip_479_0,Restormer,PSNR,24.60594667641101
vari-grip/bird-nest/Fotos 17-11-2020_DJI_0304_vari_grip_480,Restormer,PSNR,29.03577941607785
vari-grip/bird-nest/Fotos 18-11-2020_DJI_0209_vari_grip_530_0,Restormer,PSNR,28.778750168948452
vari-grip/bird-nest/Fotos 18-11-2020_DJI_0209_vari_grip_530_3,Restormer,PSNR,23.80723758844156
vari-grip/bird-nest/Fotos 19-11-2020_DJI_0140_vari_grip_571_3,Restormer,PSNR,25.768630700448288
vari-grip/bird-nest/Fotos 19-11-2020_DJI_0140_vari_grip_571_7,Restormer,PSNR,27.16814207789278
vari-grip/bird-nest/Fotos 19-11-2020_DJI_0149_vari_grip_573_0,Restormer,PSNR,27.910118083384496
vari-grip/bird-nest/Fotos 19-11-2020_DJI_0149_vari_grip_573_4,Restormer,PSNR,28.91979639848241
vari-grip/bird-nest/Fotos 19-11-2020_DJI_0149_vari_grip_573_6,Restormer,PSNR,21.521307376857433
vari-grip/bird-nest/Fotos 19-11-2020_DJI_0150_vari_grip_574_0,Restormer,PSNR,24.552295520778006
vari-grip/bird-nest/Fotos 19-11-2020_DJI_0150_vari_grip_575_1,Restormer,PSNR,30.126617022061176
vari-grip/bird-nest/Fotos 19-11-2020_DJI_0150_vari_grip_575_2,Restormer,PSNR,29.36634968398795
vari-grip/bird-nest/Fotos 19-11-2020_DJI_0151_vari_grip_577_2,Restormer,PSNR,26.75559435288434
vari-grip/bird-nest/Fotos 19-11-2020_DJI_0151_vari_grip_577_3,Restormer,PSNR,27.351088280992943
vari-grip/bird-nest/Fotos 19-11-2020_DJI_0151_vari_grip_577_4,Restormer,PSNR,26.16732071461119
vari-grip/bird-nest/Fotos 20-11-2020_DJI_0210_vari_grip_683_2,Restormer,PSNR,24.523410406431587
vari-grip/bird-nest/Fotos 20-11-2020_DJI_0210_vari_grip_683_7,Restormer,PSNR,24.275196899942273
vari-grip/bird-nest/Fotos 23-11-2020_DJI_0279_vari_grip_768_0,Restormer,PSNR,28.585458331124276
vari-grip/bird-nest/Fotos 23-11-2020_DJI_0279_vari_grip_768_2,Restormer,PSNR,22.894311993128753
vari-grip/bird-nest/Fotos 25-11-2020_DJI_0207_vari_grip_861_0,Restormer,PSNR,29.876646783729797
vari-grip/bird-nest/Fotos 25-11-2020_DJI_0207_vari_grip_861_6,Restormer,PSNR,27.80946725606023
vari-grip/bird-nest/Fotos 25-11-2020_DJI_0563_vari_grip_841_0,Restormer,PSNR,26.019277021838843
vari-grip/bird-nest/Fotos 25-11-2020_DJI_0563_vari_grip_841_2,Restormer,PSNR,31.909287278820866
vari-grip/bird-nest/Fotos 25-11-2020_DJI_0563_vari_grip_841_4,Restormer,PSNR,28.40029596776729
vari-grip/bird-nest/Fotos 25-11-2020_DJI_0563_vari_grip_841_7,Restormer,PSNR,29.12526809651498
vari-grip/bird-nest/Fotos 25-11-2020_DJI_0564_vari_grip_843,Restormer,PSNR,27.785862724658777
vari-grip/bird-nest/Fotos 25-11-2020_DJI_0564_vari_grip_843_1,Restormer,PSNR,31.053415819121927
vari-grip/bird-nest/Fotos 25-11-2020_DJI_0564_vari_grip_843_2,Restormer,PSNR,32.078857756738856
vari-grip/bird-nest/Fotos 25-11-2020_DJI_0564_vari_grip_844,Restormer,PSNR,30.199623389394414
vari-grip/bird-nest/Fotos 25-11-2020_DJI_0564_vari_grip_844_4,Restormer,PSNR,29.026304243458082
vari-grip/bird-nest/Fotos 25-11-2020_DJI_0564_vari_grip_844_7,Restormer,PSNR,31.097237638674994
vari-grip/bird-nest/Fotos 25-11-2020_DJI_0564_vari_grip_844_8,Restormer,PSNR,25.93669078926379
vari-grip/bird-nest/Fotos 25-11-2020_DJI_0586_vari_grip_845,Restormer,PSNR,29.639557878025734
vari-grip/bird-nest/Fotos 25-11-2020_DJI_0586_vari_grip_845_2,Restormer,PSNR,24.884615960939843
vari-grip/bird-nest/Fotos 25-11-2020_DJI_0586_vari_grip_845_7,Restormer,PSNR,22.864177461360686
vari-grip/bird-nest/Fotos 25-11-2020_DJI_0586_vari_grip_845_8,Restormer,PSNR,28.05321275732419
vari-grip/bird-nest/Fotos 25-11-2020_DJI_0586_vari_grip_846,Restormer,PSNR,28.556206395469747
vari-grip/bird-nest/Fotos 25-11-2020_DJI_0586_vari_grip_846_3,Restormer,PSNR,27.862108735115296
vari-grip/bird-nest/Fotos 25-11-2020_DJI_0586_vari_grip_846_4,Restormer,PSNR,29.318308303577393
vari-grip/bird-nest/Fotos 25-11-2020_DJI_0588_vari_grip_847_1,Restormer,PSNR,24.072511031193493
vari-grip/bird-nest/Fotos 25-11-2020_DJI_0588_vari_grip_847_8,Restormer,PSNR,25.105324074516577
vari-grip/bird-nest/Fotos 26-11-2020_DJI_0214_vari_grip_906_1,Restormer,PSNR,23.38630158699029
vari-grip/bird-nest/Fotos 26-11-2020_DJI_0214_vari_grip_907,Restormer,PSNR,29.291406545792256
vari-grip/bird-nest/Fotos 26-11-2020_DJI_0215_vari_grip_908_3,Restormer,PSNR,27.470833179433573
vari-grip/bird-nest/Fotos 26-11-2020_DJI_0262_vari_grip_910,Restormer,PSNR,28.225543169471226
vari-grip/bird-nest/Fotos 26-11-2020_DJI_0262_vari_grip_911,Restormer,PSNR,28.699119787027012
vari-grip/bird-nest/Fotos 27-11-2020_DJI_0491_vari_grip_933_1,Restormer,PSNR,24.55994172164277
vari-grip/bird-nest/Fotos 27-11-2020_DJI_0491_vari_grip_933_4,Restormer,PSNR,29.687997000100925
vari-grip/bird-nest/Fotos 27-11-2020_DJI_0491_vari_grip_933_8,Restormer,PSNR,23.486629833643892
vari-grip/bird-nest/Fotos 27-11-2020_DJI_0566_vari_grip_924_6,Restormer,PSNR,28.160820846595247
vari-grip/bird-nest/Fotos 27-11-2020_DJI_0566_vari_grip_925,Restormer,PSNR,32.266274087963346
vari-grip/bird-nest/Fotos 27-11-2020_DJI_0566_vari_grip_925_2,Restormer,PSNR,29.022948679256178
vari-grip/bird-nest/Fotos 27-11-2020_DJI_0566_vari_grip_925_3,Restormer,PSNR,27.906376347775076
vari-grip/bird-nest/Fotos 27-11-2020_DJI_0566_vari_grip_925_6,Restormer,PSNR,29.930864698416293
vari-grip/good/Fotos 01-12-2020_DJI_0079_vari_grip_51,Restormer,PSNR,27.445335754655186
vari-grip/good/Fotos 01-12-2020_DJI_0140_vari_grip_47,Restormer,PSNR,27.744520599634804
vari-grip/good/Fotos 01-12-2020_DJI_0199_vari_grip_41,Restormer,PSNR,29.32489427370158
vari-grip/good/Fotos 01-12-2020_DJI_0342_vari_grip_32,Restormer,PSNR,28.364747218063904
vari-grip/good/Fotos 01-12-2020_DJI_0402_vari_grip_29,Restormer,PSNR,31.608136881600025
vari-grip/good/Fotos 01-12-2020_DJI_0457_vari_grip_24,Restormer,PSNR,26.940532407769837
vari-grip/good/Fotos 01-12-2020_DJI_0457_vari_grip_25,Restormer,PSNR,27.47158222108944
vari-grip/good/Fotos 02-12-2020_DJI_0020_vari_grip_94,Restormer,PSNR,28.335577663394986
vari-grip/good/Fotos 02-12-2020_DJI_0132_vari_grip_88,Restormer,PSNR,33.18431625079365
vari-grip/good/Fotos 02-12-2020_DJI_0194_vari_grip_84,Restormer,PSNR,29.009627065090864
vari-grip/good/Fotos 02-12-2020_DJI_0367_vari_grip_65,Restormer,PSNR,29.55617840110271
vari-grip/good/Fotos 02-12-2020_DJI_0368_vari_grip_67,Restormer,PSNR,28.023116096779184
vari-grip/good/Fotos 02-12-2020_DJI_0374_vari_grip_71,Restormer,PSNR,21.61634839637185
vari-grip/good/Fotos 02-12-2020_DJI_0427_vari_grip_61,Restormer,PSNR,30.41985039529386
vari-grip/good/Fotos 03-12-2020_DJI_0149_vari_grip_126,Restormer,PSNR,29.464213240888288
vari-grip/good/Fotos 03-12-2020_DJI_0150_vari_grip_128,Restormer,PSNR,32.21414842614638
vari-grip/good/Fotos 03-12-2020_DJI_0457_vari_grip_110,Restormer,PSNR,32.53634217235717
vari-grip/good/Fotos 03-12-2020_DJI_0561_vari_grip_100,Restormer,PSNR,30.91674981589122
vari-grip/good/Fotos 04-12-2020_DJI_0762_vari_grip_164,Restormer,PSNR,29.96633311566947
vari-grip/good/Fotos 04-12-2020_DJI_0806_vari_grip_160,Restormer,PSNR,31.932854215819194
vari-grip/good/Fotos 04-12-2020_DJI_0902_vari_grip_149,Restormer,PSNR,34.530560503545665
vari-grip/good/Fotos 04-12-2020_DJI_0950_vari_grip_142,Restormer,PSNR,30.86894464288165
vari-grip/good/Fotos 04-12-2020_DJI_0951_vari_grip_145,Restormer,PSNR,30.577511320260715
vari-grip/good/Fotos 04-12-2020_DJI_0954_vari_grip_146,Restormer,PSNR,25.50448809597379
vari-grip/good/Fotos 04-12-2020_DJI_1000 (2)_vari_grip_141,Restormer,PSNR,29.546162253639274
vari-grip/good/Fotos 07-12-2020_DJI_0059_vari_grip_192,Restormer,PSNR,31.66891315977446
vari-grip/good/Fotos 07-12-2020_DJI_0140_vari_grip_183,Restormer,PSNR,29.240589578052624
vari-grip/good/Fotos 07-12-2020_DJI_0141_vari_grip_185,Restormer,PSNR,32.956157341003795
vari-grip/good/Fotos 07-12-2020_DJI_0155_vari_grip_186,Restormer,PSNR,28.310835413059102
vari-grip/good/Fotos 07-12-2020_DJI_0187_vari_grip_179,Restormer,PSNR,32.13679908484087
vari-grip/good/Fotos 08-12-2020_DJI_0452_vari_grip_225,Restormer,PSNR,30.01137904755733
vari-grip/good/Fotos 08-12-2020_DJI_0455_vari_grip_229,Restormer,PSNR,20.922146626763567
vari-grip/good/Fotos 08-12-2020_DJI_0538_vari_grip_218,Restormer,PSNR,20.872475969181938
vari-grip/good/Fotos 08-12-2020_DJI_0613_vari_grip_208,Restormer,PSNR,32.210379504919715
vari-grip/good/Fotos 08-12-2020_DJI_0652_vari_grip_204,Restormer,PSNR,28.92840000620385
vari-grip/good/Fotos 09-12-2020_DJI_0017_vari_grip_269,Restormer,PSNR,32.99947780492497
vari-grip/good/Fotos 09-12-2020_DJI_0018_vari_grip_271,Restormer,PSNR,27.331928950838442
vari-grip/good/Fotos 09-12-2020_DJI_0056_vari_grip_263,Restormer,PSNR,31.936370262565383
vari-grip/good/Fotos 09-12-2020_DJI_0102_vari_grip_261,Restormer,PSNR,32.658831114708015
vari-grip/good/Fotos 09-12-2020_DJI_0143_vari_grip_249,Restormer,PSNR,29.89144974191672
vari-grip/good/Fotos 09-12-2020_DJI_0144_vari_grip_252,Restormer,PSNR,27.43654515367655
vari-grip/good/Fotos 09-12-2020_DJI_0310_vari_grip_238,Restormer,PSNR,30.41943654220292
vari-grip/good/Fotos 09-12-2020_DJI_0348_vari_grip_233,Restormer,PSNR,28.78194003579046
vari-grip/good/Fotos 10-12-2020_DJI_0020_vari_grip_327,Restormer,PSNR,29.90949603528253
vari-grip/good/Fotos 10-12-2020_DJI_0024_vari_grip_332,Restormer,PSNR,22.955012384595555
vari-grip/good/Fotos 10-12-2020_DJI_0101_vari_grip_312,Restormer,PSNR,30.6770403900416
vari-grip/good/Fotos 10-12-2020_DJI_0140_vari_grip_300,Restormer,PSNR,33.00715973376558
vari-grip/good/Fotos 10-12-2020_DJI_0182_vari_grip_295,Restormer,PSNR,30.810231048647932
vari-grip/good/Fotos 10-12-2020_DJI_0182_vari_grip_296,Restormer,PSNR,31.843523627718458
vari-grip/good/Fotos 10-12-2020_DJI_0184_vari_grip_299,Restormer,PSNR,30.143116634401004
vari-grip/good/Fotos 10-12-2020_DJI_0258_vari_grip_282,Restormer,PSNR,35.20825674389311
vari-grip/good/Fotos 10-12-2020_DJI_0259_vari_grip_283,Restormer,PSNR,29.769190428330976
vari-grip/good/Fotos 10-12-2020_DJI_0262_vari_grip_285,Restormer,PSNR,25.3486418382796
vari-grip/good/Fotos 11-12-2020_DJI_0055_vari_grip_379,Restormer,PSNR,30.797059266368905
vari-grip/good/Fotos 11-12-2020_DJI_0290_vari_grip_346,Restormer,PSNR,25.801861960735067
vari-grip/good/Fotos 14-12-2020_DJI_0433_vari_grip_399,Restormer,PSNR,29.127768778355858
vari-grip/good/Fotos 14-12-2020_DJI_0624_vari_grip_392,Restormer,PSNR,28.63180083003125
vari-grip/good/Fotos 16-11-2020_DJI_0110_vari_grip_439,Restormer,PSNR,27.840405901596828
vari-grip/good/Fotos 16-11-2020_DJI_0153_vari_grip_434,Restormer,PSNR,30.24854577243128
vari-grip/good/Fotos 16-11-2020_DJI_0157_vari_grip_438,Restormer,PSNR,31.176307480366155
vari-grip/good/Fotos 16-12-2020_DJI_0034_vari_grip_475,Restormer,PSNR,30.111672601132344
vari-grip/good/Fotos 16-12-2020_DJI_0188_vari_grip_464,Restormer,PSNR,30.70647925649161
vari-grip/good/Fotos 16-12-2020_DJI_0404_vari_grip_450,Restormer,PSNR,25.547962751473328
vari-grip/good/Fotos 17-11-2020_DJI_0106_vari_grip_493,Restormer,PSNR,29.837716445897836
vari-grip/good/Fotos 17-11-2020_DJI_0120_vari_grip_496,Restormer,PSNR,30.61379120346201
vari-grip/good/Fotos 17-11-2020_DJI_0121_vari_grip_497,Restormer,PSNR,29.31421445490606
vari-grip/good/Fotos 17-11-2020_DJI_0206_vari_grip_491,Restormer,PSNR,27.516503192269607
vari-grip/good/Fotos 17-12-2020_DJI_0168_vari_grip_514,Restormer,PSNR,29.880744532273344
vari-grip/good/Fotos 18-11-2020_DJI_0070_vari_grip_548,Restormer,PSNR,29.426554285842883
vari-grip/good/Fotos 18-11-2020_DJI_0109_vari_grip_546,Restormer,PSNR,28.393931634422945
vari-grip/good/Fotos 18-11-2020_DJI_0137_vari_grip_541,Restormer,PSNR,29.53987170950523
vari-grip/good/Fotos 18-11-2020_DJI_0246_vari_grip_528,Restormer,PSNR,31.78386306950686
vari-grip/good/Fotos 19-10-2020_DJI_0045_vari_grip_4,Restormer,PSNR,28.40762837603832
vari-grip/good/Fotos 19-10-2020_DJI_0046_vari_grip_6,Restormer,PSNR,30.588116533214126
vari-grip/good/Fotos 19-10-2020_DJI_0046_vari_grip_7,Restormer,PSNR,28.957122100149803
vari-grip/good/Fotos 19-10-2020_DJI_0083_vari_grip_15,Restormer,PSNR,28.00309636143828
vari-grip/good/Fotos 19-10-2020_DJI_0084_vari_grip_16,Restormer,PSNR,25.96270703836932
vari-grip/good/Fotos 19-11-2020_DJI_0119_vari_grip_578,Restormer,PSNR,30.127060212986322
vari-grip/good/Fotos 19-11-2020_DJI_0199_vari_grip_562,Restormer,PSNR,31.957545313328314
vari-grip/good/Fotos 19-11-2020_DJI_0236_vari_grip_561,Restormer,PSNR,29.953770797481045
vari-grip/good/Fotos 20-10-2020_DJI_0201_vari_grip_613,Restormer,PSNR,30.44016467506012
vari-grip/good/Fotos 20-10-2020_DJI_0205_vari_grip_620,Restormer,PSNR,29.306299264642572
vari-grip/good/Fotos 20-10-2020_DJI_0211_vari_grip_633,Restormer,PSNR,26.896178421390655
vari-grip/good/Fotos 20-10-2020_DJI_0238_vari_grip_641,Restormer,PSNR,29.95318010319391
vari-grip/good/Fotos 20-10-2020_DJI_0243_vari_grip_648,Restormer,PSNR,30.27178120019093
vari-grip/good/Fotos 20-10-2020_DJI_0244_vari_grip_651,Restormer,PSNR,28.351067972422555
vari-grip/good/Fotos 20-10-2020_DJI_0245_vari_grip_653,Restormer,PSNR,28.685423864218745
vari-grip/good/Fotos 20-10-2020_DJI_0255_vari_grip_658,Restormer,PSNR,31.01077154799952
vari-grip/good/Fotos 20-10-2020_DJI_0255_vari_grip_659,Restormer,PSNR,31.00933873183204
vari-grip/good/Fotos 20-10-2020_DJI_0256_vari_grip_660,Restormer,PSNR,29.772585904787075
vari-grip/good/Fotos 20-10-2020_DJI_0265_vari_grip_586,Restormer,PSNR,29.159385178378916
vari-grip/good/Fotos 20-10-2020_DJI_0268_vari_grip_589,Restormer,PSNR,31.481839426188568
vari-grip/good/Fotos 20-10-2020_DJI_0282_vari_grip_590,Restormer,PSNR,30.51132278877746
vari-grip/good/Fotos 20-11-2020_DJI_0144_vari_grip_697,Restormer,PSNR,28.978018970505506
vari-grip/good/Fotos 20-11-2020_DJI_0171_vari_grip_687,Restormer,PSNR,28.266124618940147
vari-grip/good/Fotos 20-11-2020_DJI_0172_vari_grip_689,Restormer,PSNR,29.714846504176627
vari-grip/good/Fotos 20-11-2020_DJI_0275_vari_grip_672,Restormer,PSNR,28.81358361784971
vari-grip/good/Fotos 22-10-2020_DJI_0858_vari_grip_718,Restormer,PSNR,32.124644752160584
vari-grip/good/Fotos 22-10-2020_DJI_0864_vari_grip_724,Restormer,PSNR,31.368184851372238
vari-grip/good/Fotos 22-10-2020_DJI_0864_vari_grip_725,Restormer,PSNR,28.301890920589727
vari-grip/good/Fotos 22-10-2020_DJI_0880_vari_grip_734,Restormer,PSNR,30.506389909609368
vari-grip/good/Fotos 23-11-2020_DJI_0143_vari_grip_783,Restormer,PSNR,29.594326253873938
vari-grip/good/Fotos 23-11-2020_DJI_0177_vari_grip_782,Restormer,PSNR,30.02990974327385
vari-grip/good/Fotos 23-11-2020_DJI_0209_vari_grip_777,Restormer,PSNR,29.64850206984132
vari-grip/good/Fotos 24-11-2020_DJI_0101_vari_grip_837,Restormer,PSNR,27.16178038199737
vari-grip/good/Fotos 24-11-2020_DJI_0243_vari_grip_827,Restormer,PSNR,29.573752405011692
vari-grip/good/Fotos 24-11-2020_DJI_0244_vari_grip_830,Restormer,PSNR,29.85108519056073
vari-grip/good/Fotos 25-11-2020_DJI_0208_vari_grip_862,Restormer,PSNR,31.58820141339345
vari-grip/good/Fotos 26-11-2020_DJI_0213_vari_grip_904,Restormer,PSNR,30.488091330102645
vari-grip/good/Fotos 26-11-2020_DJI_0213_vari_grip_905,Restormer,PSNR,29.75634616941571
vari-grip/good/Fotos 27-11-2020_DJI_0421_vari_grip_934,Restormer,PSNR,28.34022214844924
vari-grip/good/Fotos 27-11-2020_DJI_0421_vari_grip_935,Restormer,PSNR,30.378037604761044
vari-grip/good/Fotos 27-11-2020_DJI_0422_vari_grip_937,Restormer,PSNR,30.688942353432733
vari-grip/good/Fotos 30-11-2020_DJI_0033_vari_grip_1007,Restormer,PSNR,29.032890145365275
vari-grip/good/Fotos 30-11-2020_DJI_0193_vari_grip_996,Restormer,PSNR,28.945252146958044
vari-grip/good/Fotos 30-11-2020_DJI_0437_vari_grip_975,Restormer,PSNR,27.762693302366642
vari-grip/good/Fotos 30-11-2020_DJI_0438_vari_grip_976,Restormer,PSNR,29.968340429139747
vari-grip/good/Fotos 30-11-2020_DJI_0501_vari_grip_969,Restormer,PSNR,31.291071150400338
vari-grip/good/Fotos 30-11-2020_DJI_0561_vari_grip_964,Restormer,PSNR,28.447758235862555
vari-grip/rust/01-06-2021_DJI_0030_6_0,Restormer,PSNR,29.71715749856975
vari-grip/rust/01-06-2021_DJI_0030_6_7,Restormer,PSNR,28.45107968356157
vari-grip/rust/01-06-2021_DJI_0146_39_2,Restormer,PSNR,27.97816474388211
vari-grip/rust/01-06-2021_DJI_0146_39_6,Restormer,PSNR,26.453162120186313
vari-grip/rust/01-06-2021_DJI_0146_40_0,Restormer,PSNR,29.744455184941398
vari-grip/rust/01-06-2021_DJI_0162_46_6,Restormer,PSNR,26.353898733109848
vari-grip/rust/02-06-2021_DJI_0359_261_8,Restormer,PSNR,27.301665813502503
vari-grip/rust/08-06-2021_DJI_0385_421_2,Restormer,PSNR,31.109321012853915
vari-grip/rust/08-06-2021_DJI_0385_421_4,Restormer,PSNR,31.18094117515944
vari-grip/rust/08-06-2021_DJI_0385_421_6,Restormer,PSNR,27.28088038046522
vari-grip/rust/08-06-2021_DJI_0385_422,Restormer,PSNR,29.793937644742932
vari-grip/rust/08-06-2021_DJI_0385_422_0,Restormer,PSNR,29.224306697673622
vari-grip/rust/08-06-2021_DJI_0385_422_5,Restormer,PSNR,28.075271140446734
vari-grip/rust/09-06-2021_DJI_0466_568,Restormer,PSNR,30.661440502127704
vari-grip/rust/09-06-2021_DJI_0466_568_6,Restormer,PSNR,31.838658861749078
vari-grip/rust/09-06-2021_DJI_0467_570_2,Restormer,PSNR,20.956399656054792
vari-grip/rust/09-06-2021_DJI_0467_570_4,Restormer,PSNR,21.56680928565336
vari-grip/rust/10-06-2021_DJI_0018_611,Restormer,PSNR,28.361520208762517
vari-grip/rust/10-06-2021_DJI_0018_611_1,Restormer,PSNR,27.073428673332398
vari-grip/rust/10-06-2021_DJI_0018_611_7,Restormer,PSNR,26.71750317038447
vari-grip/rust/10-06-2021_DJI_0019_613_5,Restormer,PSNR,23.960257324751232
vari-grip/rust/11-06-2021_DJI_0479_11_6,Restormer,PSNR,26.622335440550547
vari-grip/rust/11-06-2021_DJI_0479_11_7,Restormer,PSNR,21.609309233469258
vari-grip/rust/11-06-2021_DJI_0479_11_8,Restormer,PSNR,27.823689313530117
vari-grip/rust/15-06-2021_DJI_0118_741,Restormer,PSNR,31.26831104594675
vari-grip/rust/Fotos 23-10-2020_DJI_0029_vari_grip_745_7,Restormer,PSNR,19.864850390638022
vari-grip/rust/Fotos 23-10-2020_DJI_0031_vari_grip_748_0,Restormer,PSNR,18.5548292449666
vari-grip/rust/Fotos 23-10-2020_DJI_0031_vari_grip_748_7,Restormer,PSNR,19.185167692010587
vari-grip/rust/Fotos 23-10-2020_DJI_0032_vari_grip_750,Restormer,PSNR,27.174709443904998
vari-grip/rust/Fotos 23-10-2020_DJI_0032_vari_grip_750_3,Restormer,PSNR,24.159897974511896
vari-grip/rust/Fotos 23-10-2020_DJI_0034_vari_grip_751_0,Restormer,PSNR,24.828192998180317
vari-grip/rust/Fotos 23-10-2020_DJI_0034_vari_grip_752,Restormer,PSNR,27.62007858651015
vari-grip/rust/Fotos 23-10-2020_DJI_0034_vari_grip_752_7,Restormer,PSNR,23.40611748791139
vari-grip/rust/Fotos 23-10-2020_DJI_0035_vari_grip_753_4,Restormer,PSNR,27.641114964288334
vari-grip/rust/Fotos 23-10-2020_DJI_0035_vari_grip_753_5,Restormer,PSNR,26.133773390709155
vari-grip/rust/Fotos 23-10-2020_DJI_0038_vari_grip_756_1,Restormer,PSNR,25.880385121226237
vari-grip/rust/Fotos 23-10-2020_DJI_0038_vari_grip_756_4,Restormer,PSNR,29.624642953059638
vari-grip/rust/Fotos 23-10-2020_DJI_0041_vari_grip_757,Restormer,PSNR,28.850208971279475
vari-grip/rust/Fotos 23-10-2020_DJI_0043_vari_grip_759,Restormer,PSNR,28.805435811035444
vari-grip/rust/Fotos 23-10-2020_DJI_0043_vari_grip_760_5,Restormer,PSNR,27.806343127527413
vari-grip/rust/Fotos 23-10-2020_DJI_0043_vari_grip_760_8,Restormer,PSNR,28.958092654086975
vari-grip/rust/Fotos 23-10-2020_DJI_0047_vari_grip_763_6,Restormer,PSNR,28.501202452796413
vari-grip/rust/Fotos 23-10-2020_DJI_0047_vari_grip_764_0,Restormer,PSNR,22.376911192722257
vari-grip/rust/Fotos 23-10-2020_DJI_0047_vari_grip_764_1,Restormer,PSNR,25.91166993249854
vari-grip/rust/Fotos 23-10-2020_DJI_0047_vari_grip_764_3,Restormer,PSNR,24.346655707993353
vari-grip/rust/Fotos 23-10-2020_DJI_0047_vari_grip_764_5,Restormer,PSNR,24.478978402125296
vari-grip/rust/Fotos 23-10-2020_DJI_0048_vari_grip_765,Restormer,PSNR,25.608953681654302
vari-grip/rust/Fotos 23-10-2020_DJI_0065_vari_grip_736,Restormer,PSNR,29.869188886645947
vari-grip/rust/Fotos 23-10-2020_DJI_0065_vari_grip_736_0,Restormer,PSNR,24.152730316370302
vari-grip/rust/Fotos 23-10-2020_DJI_0065_vari_grip_736_5,Restormer,PSNR,27.999456939929384
vari-grip/rust/Fotos 23-10-2020_DJI_0072_vari_grip_737_3,Restormer,PSNR,26.136193411762086
vari-grip/rust/Fotos 23-10-2020_DJI_0072_vari_grip_737_4,Restormer,PSNR,26.226945763253372
vari-grip/rust/Fotos 23-10-2020_DJI_0072_vari_grip_737_6,Restormer,PSNR,25.491435467656895
vari-grip/rust/Fotos 23-10-2020_DJI_0072_vari_grip_737_8,Restormer,PSNR,25.065738388929077
vari-grip/rust/Fotos 23-10-2020_DJI_0073_vari_grip_738_1,Restormer,PSNR,26.733175992517516
vari-grip/rust/Fotos 23-10-2020_DJI_0073_vari_grip_738_2,Restormer,PSNR,29.823918269501103
vari-grip/rust/Fotos 23-10-2020_DJI_0074_vari_grip_739_0,Restormer,PSNR,30.00619661323447
vari-grip/rust/Fotos 23-10-2020_DJI_0074_vari_grip_739_3,Restormer,PSNR,25.777515905837646
vari-grip/rust/Fotos 23-10-2020_DJI_0113_vari_grip_743_4,Restormer,PSNR,26.273722059213572
vari-grip/rust/Fotos 23-10-2020_DJI_0114_vari_grip_744_1,Restormer,PSNR,28.957877312838892
vari-grip/rust/Fotos 23-10-2020_DJI_0114_vari_grip_744_7,Restormer,PSNR,28.044594042016673
vari-grip/rust/Fotos 23-10-2020_DJI_0114_vari_grip_744_8,Restormer,PSNR,30.97349213973439
vari-grip/bird-nest/08-06-2021_DJI_0089_322,Restormer,SSIM,0.9655386975833348
vari-grip/bird-nest/08-06-2021_DJI_0089_322_3,Restormer,SSIM,0.945072489125388
vari-grip/bird-nest/08-06-2021_DJI_0285_392,Restormer,SSIM,0.9244923847062247
vari-grip/bird-nest/10-06-2021_DJI_0244_649_2,Restormer,SSIM,0.9100974457604545
vari-grip/bird-nest/10-06-2021_DJI_0270_657_5,Restormer,SSIM,0.8683997818401882
vari-grip/bird-nest/10-06-2021_DJI_0270_657_7,Restormer,SSIM,0.9421716928482056
vari-grip/bird-nest/10-06-2021_DJI_0271_658_1,Restormer,SSIM,0.9754678351538522
vari-grip/bird-nest/10-06-2021_DJI_0271_658_2,Restormer,SSIM,0.9603977203369141
vari-grip/bird-nest/10-06-2021_DJI_0271_658_6,Restormer,SSIM,0.9825025456292289
vari-grip/bird-nest/10-06-2021_DJI_0271_658_8,Restormer,SSIM,0.967279851436615
vari-grip/bird-nest/11-06-2021_DJI_0121_4_1,Restormer,SSIM,0.9798090628215245
vari-grip/bird-nest/11-06-2021_DJI_0121_4_4,Restormer,SSIM,0.9699646234512329
vari-grip/bird-nest/11-06-2021_DJI_0121_4_5,Restormer,SSIM,0.9461815016610282
vari-grip/bird-nest/11-06-2021_DJI_0132_6_0,Restormer,SSIM,0.9751870121274676
vari-grip/bird-nest/11-06-2021_DJI_0132_6_6,Restormer,SSIM,0.9787472145898002
vari-grip/bird-nest/15-06-2021_DJI_0044_726,Restormer,SSIM,0.9822456325803485
vari-grip/bird-nest/15-06-2021_DJI_0044_726_6,Restormer,SSIM,0.942590023790087
vari-grip/bird-nest/Fotos 02-12-2020_DJI_0492_vari_grip_56_4,Restormer,SSIM,0.9597349507468087
vari-grip/bird-nest/Fotos 02-12-2020_DJI_0492_vari_grip_57_0,Restormer,SSIM,0.9768941913332257
vari-grip/bird-nest/Fotos 02-12-2020_DJI_0492_vari_grip_57_4,Restormer,SSIM,0.9537072692598615
vari-grip/bird-nest/Fotos 17-11-2020_DJI_0289_vari_grip_478,Restormer,SSIM,0.9445998668670654
vari-grip/bird-nest/Fotos 17-11-2020_DJI_0303_vari_grip_479_0,Restormer,SSIM,0.8927140576498849
vari-grip/bird-nest/Fotos 17-11-2020_DJI_0304_vari_grip_480,Restormer,SSIM,0.8891680325780597
vari-grip/bird-nest/Fotos 18-11-2020_DJI_0209_vari_grip_530_0,Restormer,SSIM,0.9314712371144976
vari-grip/bird-nest/Fotos 18-11-2020_DJI_0209_vari_grip_530_3,Restormer,SSIM,0.8837922045162746
vari-grip/bird-nest/Fotos 19-11-2020_DJI_0140_vari_grip_571_3,Restormer,SSIM,0.9290968264852252
vari-grip/bird-nest/Fotos 19-11-2020_DJI_0140_vari_grip_571_7,Restormer,SSIM,0.9015707629067558
vari-grip/bird-nest/Fotos 19-11-2020_DJI_0149_vari_grip_573_0,Restormer,SSIM,0.8516126275062561
vari-grip/bird-nest/Fotos 19-11-2020_DJI_0149_vari_grip_573_4,Restormer,SSIM,0.837291249207088
vari-grip/bird-nest/Fotos 19-11-2020_DJI_0149_vari_grip_573_6,Restormer,SSIM,0.7699303073542458
vari-grip/bird-nest/Fotos 19-11-2020_DJI_0150_vari_grip_574_0,Restormer,SSIM,0.8927915436880929
vari-grip/bird-nest/Fotos 19-11-2020_DJI_0150_vari_grip_575_1,Restormer,SSIM,0.8759333321026394
vari-grip/bird-nest/Fotos 19-11-2020_DJI_0150_vari_grip_575_2,Restormer,SSIM,0.9380114844867161
vari-grip/bird-nest/Fotos 19-11-2020_DJI_0151_vari_grip_577_2,Restormer,SSIM,0.937442021710532
vari-grip/bird-nest/Fotos 19-11-2020_DJI_0151_vari_grip_577_3,Restormer,SSIM,0.9150473560605731
vari-grip/bird-nest/Fotos 19-11-2020_DJI_0151_vari_grip_577_4,Restormer,SSIM,0.9008647203445435
vari-grip/bird-nest/Fotos 20-11-2020_DJI_0210_vari_grip_683_2,Restormer,SSIM,0.9179056371961322
vari-grip/bird-nest/Fotos 20-11-2020_DJI_0210_vari_grip_683_7,Restormer,SSIM,0.9701016885893685
vari-grip/bird-nest/Fotos 23-11-2020_DJI_0279_vari_grip_768_0,Restormer,SSIM,0.9318989515304565
vari-grip/bird-nest/Fotos 23-11-2020_DJI_0279_vari_grip_768_2,Restormer,SSIM,0.8348233444350106
vari-grip/bird-nest/Fotos 25-11-2020_DJI_0207_vari_grip_861_0,Restormer,SSIM,0.950487528528486
vari-grip/bird-nest/Fotos 25-11-2020_DJI_0207_vari_grip_861_6,Restormer,SSIM,0.9396865878786359
vari-grip/bird-nest/Fotos 25-11-2020_DJI_0563_vari_grip_841_0,Restormer,SSIM,0.8623418467385429
vari-grip/bird-nest/Fotos 25-11-2020_DJI_0563_vari_grip_841_2,Restormer,SSIM,0.9469383614403861
vari-grip/bird-nest/Fotos 25-11-2020_DJI_0563_vari_grip_841_4,Restormer,SSIM,0.9120359931673322
vari-grip/bird-nest/Fotos 25-11-2020_DJI_0563_vari_grip_841_7,Restormer,SSIM,0.9116448674883161
vari-grip/bird-nest/Fotos 25-11-2020_DJI_0564_vari_grip_843,Restormer,SSIM,0.9167109898158482
vari-grip/bird-nest/Fotos 25-11-2020_DJI_0564_vari_grip_843_1,Restormer,SSIM,0.9453938433102199
vari-grip/bird-nest/Fotos 25-11-2020_DJI_0564_vari_grip_843_2,Restormer,SSIM,0.9544352122715541
vari-grip/bird-nest/Fotos 25-11-2020_DJI_0564_vari_grip_844,Restormer,SSIM,0.975652311529432
vari-grip/bird-nest/Fotos 25-11-2020_DJI_0564_vari_grip_844_4,Restormer,SSIM,0.932781594140189
vari-grip/bird-nest/Fotos 25-11-2020_DJI_0564_vari_grip_844_7,Restormer,SSIM,0.9539270145552499
vari-grip/bird-nest/Fotos 25-11-2020_DJI_0564_vari_grip_844_8,Restormer,SSIM,0.9429096494402204
vari-grip/bird-nest/Fotos 25-11-2020_DJI_0586_vari_grip_845,Restormer,SSIM,0.9926061970846993
vari-grip/bird-nest/Fotos 25-11-2020_DJI_0586_vari_grip_845_2,Restormer,SSIM,0.9595838274274554
vari-grip/bird-nest/Fotos 25-11-2020_DJI_0586_vari_grip_845_7,Restormer,SSIM,0.9481066635676793
vari-grip/bird-nest/Fotos 25-11-2020_DJI_0586_vari_grip_845_8,Restormer,SSIM,0.9836039628301348
vari-grip/bird-nest/Fotos 25-11-2020_DJI_0586_vari_grip_846,Restormer,SSIM,0.9855641382081168
vari-grip/bird-nest/Fotos 25-11-2020_DJI_0586_vari_grip_846_3,Restormer,SSIM,0.976868748664856
vari-grip/bird-nest/Fotos 25-11-2020_DJI_0586_vari_grip_846_4,Restormer,SSIM,0.9897647840636117
vari-grip/bird-nest/Fotos 25-11-2020_DJI_0588_vari_grip_847_1,Restormer,SSIM,0.9335637603487287
vari-grip/bird-nest/Fotos 25-11-2020_DJI_0588_vari_grip_847_8,Restormer,SSIM,0.9749445744923183
vari-grip/bird-nest/Fotos 26-11-2020_DJI_0214_vari_grip_906_1,Restormer,SSIM,0.7896646090916225
vari-grip/bird-nest/Fotos 26-11-2020_DJI_0214_vari_grip_907,Restormer,SSIM,0.8351642233984811
vari-grip/bird-nest/Fotos 26-11-2020_DJI_0215_vari_grip_908_3,Restormer,SSIM,0.8898937020983014
vari-grip/bird-nest/Fotos 26-11-2020_DJI_0262_vari_grip_910,Restormer,SSIM,0.8802505305835179
vari-grip/bird-nest/Fotos 26-11-2020_DJI_0262_vari_grip_911,Restormer,SSIM,0.8876061950411115
vari-grip/bird-nest/Fotos 27-11-2020_DJI_0491_vari_grip_933_1,Restormer,SSIM,0.8256886771747044
vari-grip/bird-nest/Fotos 27-11-2020_DJI_0491_vari_grip_933_4,Restormer,SSIM,0.9376887083053589
vari-grip/bird-nest/Fotos 27-11-2020_DJI_0491_vari_grip_933_8,Restormer,SSIM,0.9158993022782462
vari-grip/bird-nest/Fotos 27-11-2020_DJI_0566_vari_grip_924_6,Restormer,SSIM,0.9232158149991717
vari-grip/bird-nest/Fotos 27-11-2020_DJI_0566_vari_grip_925,Restormer,SSIM,0.9669709290776934
vari-grip/bird-nest/Fotos 27-11-2020_DJI_0566_vari_grip_925_2,Restormer,SSIM,0.9179382239069257
vari-grip/bird-nest/Fotos 27-11-2020_DJI_0566_vari_grip_925_3,Restormer,SSIM,0.9387133887835911
vari-grip/bird-nest/Fotos 27-11-2020_DJI_0566_vari_grip_925_6,Restormer,SSIM,0.9022077577454704
vari-grip/good/Fotos 01-12-2020_DJI_0079_vari_grip_51,Restormer,SSIM,0.9876448852675301
vari-grip/good/Fotos 01-12-2020_DJI_0140_vari_grip_47,Restormer,SSIM,0.9722722257886615
vari-grip/good/Fotos 01-12-2020_DJI_0199_vari_grip_41,Restormer,SSIM,0.9832385778427124
vari-grip/good/Fotos 01-12-2020_DJI_0342_vari_grip_32,Restormer,SSIM,0.9850323796272278
vari-grip/good/Fotos 01-12-2020_DJI_0402_vari_grip_29,Restormer,SSIM,0.9933166589055743
vari-grip/good/Fotos 01-12-2020_DJI_0457_vari_grip_24,Restormer,SSIM,0.9822672946112496
vari-grip/good/Fotos 01-12-2020_DJI_0457_vari_grip_25,Restormer,SSIM,0.9777331011635917
vari-grip/good/Fotos 02-12-2020_DJI_0020_vari_grip_94,Restormer,SSIM,0.9910126413617816
vari-grip/good/Fotos 02-12-2020_DJI_0132_vari_grip_88,Restormer,SSIM,0.9868979794638497
vari-grip/good/Fotos 02-12-2020_DJI_0194_vari_grip_84,Restormer,SSIM,0.9728053723062787
vari-grip/good/Fotos 02-12-2020_DJI_0367_vari_grip_65,Restormer,SSIM,0.982426106929779
vari-grip/good/Fotos 02-12-2020_DJI_0368_vari_grip_67,Restormer,SSIM,0.9819354500089373
vari-grip/good/Fotos 02-12-2020_DJI_0374_vari_grip_71,Restormer,SSIM,0.9523270981652396
vari-grip/good/Fotos 02-12-2020_DJI_0427_vari_grip_61,Restormer,SSIM,0.9908527561596462
vari-grip/good/Fotos 03-12-2020_DJI_0149_vari_grip_126,Restormer,SSIM,0.9912473899977547
vari-grip/good/Fotos 03-12-2020_DJI_0150_vari_grip_128,Restormer,SSIM,0.9908862709999084
vari-grip/good/Fotos 03-12-2020_DJI_0457_vari_grip_110,Restormer,SSIM,0.9928070817674909
vari-grip/good/Fotos 03-12-2020_DJI_0561_vari_grip_100,Restormer,SSIM,0.9883156248501369
vari-grip/good/Fotos 04-12-2020_DJI_0762_vari_grip_164,Restormer,SSIM,0.9929135697228568
vari-grip/good/Fotos 04-12-2020_DJI_0806_vari_grip_160,Restormer,SSIM,0.9918947219848633
vari-grip/good/Fotos 04-12-2020_DJI_0902_vari_grip_149,Restormer,SSIM,0.9967038801738194
vari-grip/good/Fotos 04-12-2020_DJI_0950_vari_grip_142,Restormer,SSIM,0.992875303540911
vari-grip/good/Fotos 04-12-2020_DJI_0951_vari_grip_145,Restormer,SSIM,0.9867009179932731
vari-grip/good/Fotos 04-12-2020_DJI_0954_vari_grip_146,Restormer,SSIM,0.8780640108244759
vari-grip/good/Fotos 04-12-2020_DJI_1000 (2)_vari_grip_141,Restormer,SSIM,0.9152225852012634
vari-grip/good/Fotos 07-12-2020_DJI_0059_vari_grip_192,Restormer,SSIM,0.9914977209908622
vari-grip/good/Fotos 07-12-2020_DJI_0140_vari_grip_183,Restormer,SSIM,0.9380769899913243
vari-grip/good/Fotos 07-12-2020_DJI_0141_vari_grip_185,Restormer,SSIM,0.9572896957397461
vari-grip/good/Fotos 07-12-2020_DJI_0155_vari_grip_186,Restormer,SSIM,0.9518510443823678
vari-grip/good/Fotos 07-12-2020_DJI_0187_vari_grip_179,Restormer,SSIM,0.9708214231899807
vari-grip/good/Fotos 08-12-2020_DJI_0452_vari_grip_225,Restormer,SSIM,0.9893447927066258
vari-grip/good/Fotos 08-12-2020_DJI_0455_vari_grip_229,Restormer,SSIM,0.8419209378106254
vari-grip/good/Fotos 08-12-2020_DJI_0538_vari_grip_218,Restormer,SSIM,0.8599829077720642
vari-grip/good/Fotos 08-12-2020_DJI_0613_vari_grip_208,Restormer,SSIM,0.9895213842391968
vari-grip/good/Fotos 08-12-2020_DJI_0652_vari_grip_204,Restormer,SSIM,0.9901194061551776
vari-grip/good/Fotos 09-12-2020_DJI_0017_vari_grip_269,Restormer,SSIM,0.9914968184062413
vari-grip/good/Fotos 09-12-2020_DJI_0018_vari_grip_271,Restormer,SSIM,0.974337773663657
vari-grip/good/Fotos 09-12-2020_DJI_0056_vari_grip_263,Restormer,SSIM,0.9934081179755074
vari-grip/good/Fotos 09-12-2020_DJI_0102_vari_grip_261,Restormer,SSIM,0.9893368397440229
vari-grip/good/Fotos 09-12-2020_DJI_0143_vari_grip_249,Restormer,SSIM,0.984300604888371
vari-grip/good/Fotos 09-12-2020_DJI_0144_vari_grip_252,Restormer,SSIM,0.9885755521910531
vari-grip/good/Fotos 09-12-2020_DJI_0310_vari_grip_238,Restormer,SSIM,0.9906516756330218
vari-grip/good/Fotos 09-12-2020_DJI_0348_vari_grip_233,Restormer,SSIM,0.9741482819829669
vari-grip/good/Fotos 10-12-2020_DJI_0020_vari_grip_327,Restormer,SSIM,0.9803496939795358
vari-grip/good/Fotos 10-12-2020_DJI_0024_vari_grip_332,Restormer,SSIM,0.8772243942533221
vari-grip/good/Fotos 10-12-2020_DJI_0101_vari_grip_312,Restormer,SSIM,0.9938819323267255
vari-grip/good/Fotos 10-12-2020_DJI_0140_vari_grip_300,Restormer,SSIM,0.991981531892504
vari-grip/good/Fotos 10-12-2020_DJI_0182_vari_grip_295,Restormer,SSIM,0.9915122219494411
vari-grip/good/Fotos 10-12-2020_DJI_0182_vari_grip_296,Restormer,SSIM,0.9910230125699725
vari-grip/good/Fotos 10-12-2020_DJI_0184_vari_grip_299,Restormer,SSIM,0.9520713516644069
vari-grip/good/Fotos 10-12-2020_DJI_0258_vari_grip_282,Restormer,SSIM,0.9937902859279087
vari-grip/good/Fotos 10-12-2020_DJI_0259_vari_grip_283,Restormer,SSIM,0.9759089010102409
vari-grip/good/Fotos 10-12-2020_DJI_0262_vari_grip_285,Restormer,SSIM,0.9695010440690177
vari-grip/good/Fotos 11-12-2020_DJI_0055_vari_grip_379,Restormer,SSIM,0.9891865423747471
vari-grip/good/Fotos 11-12-2020_DJI_0290_vari_grip_346,Restormer,SSIM,0.8540469748633248
vari-grip/good/Fotos 14-12-2020_DJI_0433_vari_grip_399,Restormer,SSIM,0.9145127705165318
vari-grip/good/Fotos 14-12-2020_DJI_0624_vari_grip_392,Restormer,SSIM,0.9521664977073669
vari-grip/good/Fotos 16-11-2020_DJI_0110_vari_grip_439,Restormer,SSIM,0.8769963468824115
vari-grip/good/Fotos 16-11-2020_DJI_0153_vari_grip_434,Restormer,SSIM,0.9222368938582284
vari-grip/good/Fotos 16-11-2020_DJI_0157_vari_grip_438,Restormer,SSIM,0.9294478041785104
vari-grip/good/Fotos 16-12-2020_DJI_0034_vari_grip_475,Restormer,SSIM,0.9746249403272357
vari-grip/good/Fotos 16-12-2020_DJI_0188_vari_grip_464,Restormer,SSIM,0.9911343370165143
vari-grip/good/Fotos 16-12-2020_DJI_0404_vari_grip_450,Restormer,SSIM,0.9380537697247097
vari-grip/good/Fotos 17-11-2020_DJI_0106_vari_grip_493,Restormer,SSIM,0.9345747658184597
vari-grip/good/Fotos 17-11-2020_DJI_0120_vari_grip_496,Restormer,SSIM,0.896023907831737
vari-grip/good/Fotos 17-11-2020_DJI_0121_vari_grip_497,Restormer,SSIM,0.9476193955966404
vari-grip/good/Fotos 17-11-2020_DJI_0206_vari_grip_491,Restormer,SSIM,0.9069799525397164
vari-grip/good/Fotos 17-12-2020_DJI_0168_vari_grip_514,Restormer,SSIM,0.9679008807454791
vari-grip/good/Fotos 18-11-2020_DJI_0070_vari_grip_548,Restormer,SSIM,0.9418567589351109
vari-grip/good/Fotos 18-11-2020_DJI_0109_vari_grip_546,Restormer,SSIM,0.9585652266229902
vari-grip/good/Fotos 18-11-2020_DJI_0137_vari_grip_541,Restormer,SSIM,0.9115944760186332
vari-grip/good/Fotos 18-11-2020_DJI_0246_vari_grip_528,Restormer,SSIM,0.9634888938495091
vari-grip/good/Fotos 19-10-2020_DJI_0045_vari_grip_4,Restormer,SSIM,0.9630256124905178
vari-grip/good/Fotos 19-10-2020_DJI_0046_vari_grip_6,Restormer,SSIM,0.9660827432359967
vari-grip/good/Fotos 19-10-2020_DJI_0046_vari_grip_7,Restormer,SSIM,0.9467944162232536
vari-grip/good/Fotos 19-10-2020_DJI_0083_vari_grip_15,Restormer,SSIM,0.9544301799365452
vari-grip/good/Fotos 19-10-2020_DJI_0084_vari_grip_16,Restormer,SSIM,0.9454630102430072
vari-grip/good/Fotos 19-11-2020_DJI_0119_vari_grip_578,Restormer,SSIM,0.9643710255622864
vari-grip/good/Fotos 19-11-2020_DJI_0199_vari_grip_562,Restormer,SSIM,0.9508066773414612
vari-grip/good/Fotos 19-11-2020_DJI_0236_vari_grip_561,Restormer,SSIM,0.9317129594939095
vari-grip/good/Fotos 20-10-2020_DJI_0201_vari_grip_613,Restormer,SSIM,0.9931979605129787
vari-grip/good/Fotos 20-10-2020_DJI_0205_vari_grip_620,Restormer,SSIM,0.9758036136627197
vari-grip/good/Fotos 20-10-2020_DJI_0211_vari_grip_633,Restormer,SSIM,0.9740714515958514
vari-grip/good/Fotos 20-10-2020_DJI_0238_vari_grip_641,Restormer,SSIM,0.9365511281149728
vari-grip/good/Fotos 20-10-2020_DJI_0243_vari_grip_648,Restormer,SSIM,0.9526504448481968
vari-grip/good/Fotos 20-10-2020_DJI_0244_vari_grip_651,Restormer,SSIM,0.9105291962623596
vari-grip/good/Fotos 20-10-2020_DJI_0245_vari_grip_653,Restormer,SSIM,0.9262731501034328
vari-grip/good/Fotos 20-10-2020_DJI_0255_vari_grip_658,Restormer,SSIM,0.9759424499103001
vari-grip/good/Fotos 20-10-2020_DJI_0255_vari_grip_659,Restormer,SSIM,0.9661370260374886
vari-grip/good/Fotos 20-10-2020_DJI_0256_vari_grip_660,Restormer,SSIM,0.9657454916409084
vari-grip/good/Fotos 20-10-2020_DJI_0265_vari_grip_586,Restormer,SSIM,0.9367374777793884
vari-grip/good/Fotos 20-10-2020_DJI_0268_vari_grip_589,Restormer,SSIM,0.9570455465997968
vari-grip/good/Fotos 20-10-2020_DJI_0282_vari_grip_590,Restormer,SSIM,0.9385205336979457
vari-grip/good/Fotos 20-11-2020_DJI_0144_vari_grip_697,Restormer,SSIM,0.8764543788773673
vari-grip/good/Fotos 20-11-2020_DJI_0171_vari_grip_687,Restormer,SSIM,0.9596189515931266
vari-grip/good/Fotos 20-11-2020_DJI_0172_vari_grip_689,Restormer,SSIM,0.9719097869736808
vari-grip/good/Fotos 20-11-2020_DJI_0275_vari_grip_672,Restormer,SSIM,0.9911258220672607
vari-grip/good/Fotos 22-10-2020_DJI_0858_vari_grip_718,Restormer,SSIM,0.9357546482767377
vari-grip/good/Fotos 22-10-2020_DJI_0864_vari_grip_724,Restormer,SSIM,0.9467280847685677
vari-grip/good/Fotos 22-10-2020_DJI_0864_vari_grip_725,Restormer,SSIM,0.9286501067025321
vari-grip/good/Fotos 22-10-2020_DJI_0880_vari_grip_734,Restormer,SSIM,0.9551527670451573
vari-grip/good/Fotos 23-11-2020_DJI_0143_vari_grip_783,Restormer,SSIM,0.9778873154095241
vari-grip/good/Fotos 23-11-2020_DJI_0177_vari_grip_782,Restormer,SSIM,0.9920704364776611
vari-grip/good/Fotos 23-11-2020_DJI_0209_vari_grip_777,Restormer,SSIM,0.9641169650214059
vari-grip/good/Fotos 24-11-2020_DJI_0101_vari_grip_837,Restormer,SSIM,0.982283183506557
vari-grip/good/Fotos 24-11-2020_DJI_0243_vari_grip_827,Restormer,SSIM,0.9303696496146066
vari-grip/good/Fotos 24-11-2020_DJI_0244_vari_grip_830,Restormer,SSIM,0.8811605146953038
vari-grip/good/Fotos 25-11-2020_DJI_0208_vari_grip_862,Restormer,SSIM,0.970282861164638
vari-grip/good/Fotos 26-11-2020_DJI_0213_vari_grip_904,Restormer,SSIM,0.8959951485906329
vari-grip/good/Fotos 26-11-2020_DJI_0213_vari_grip_905,Restormer,SSIM,0.9424998930522374
vari-grip/good/Fotos 27-11-2020_DJI_0421_vari_grip_934,Restormer,SSIM,0.9013939585004535
vari-grip/good/Fotos 27-11-2020_DJI_0421_vari_grip_935,Restormer,SSIM,0.9077951737812587
vari-grip/good/Fotos 27-11-2020_DJI_0422_vari_grip_937,Restormer,SSIM,0.9233643668038505
vari-grip/good/Fotos 30-11-2020_DJI_0033_vari_grip_1007,Restormer,SSIM,0.9908281224114555
vari-grip/good/Fotos 30-11-2020_DJI_0193_vari_grip_996,Restormer,SSIM,0.9822428056171962
vari-grip/good/Fotos 30-11-2020_DJI_0437_vari_grip_975,Restormer,SSIM,0.9908577118601117
vari-grip/good/Fotos 30-11-2020_DJI_0438_vari_grip_976,Restormer,SSIM,0.9931269288063049
vari-grip/good/Fotos 30-11-2020_DJI_0501_vari_grip_969,Restormer,SSIM,0.9910831536565509
vari-grip/good/Fotos 30-11-2020_DJI_0561_vari_grip_964,Restormer,SSIM,0.991707614489964
vari-grip/rust/01-06-2021_DJI_0030_6_0,Restormer,SSIM,0.9600260598318917
vari-grip/rust/01-06-2021_DJI_0030_6_7,Restormer,SSIM,0.9394829613821847
vari-grip/rust/01-06-2021_DJI_0146_39_2,Restormer,SSIM,0.9544154064995902
vari-grip/rust/01-06-2021_DJI_0146_39_6,Restormer,SSIM,0.9358869194984436
vari-grip/rust/01-06-2021_DJI_0146_40_0,Restormer,SSIM,0.9783390249524798
vari-grip/rust/01-06-2021_DJI_0162_46_6,Restormer,SSIM,0.9772695899009705
vari-grip/rust/02-06-2021_DJI_0359_261_8,Restormer,SSIM,0.9274010743413653
vari-grip/rust/08-06-2021_DJI_0385_421_2,Restormer,SSIM,0.974357375076839
vari-grip/rust/08-06-2021_DJI_0385_421_4,Restormer,SSIM,0.9700466564723423
vari-grip/rust/08-06-2021_DJI_0385_421_6,Restormer,SSIM,0.9586041740008763
vari-grip/rust/08-06-2021_DJI_0385_422,Restormer,SSIM,0.9666666303362165
vari-grip/rust/08-06-2021_DJI_0385_422_0,Restormer,SSIM,0.9363269209861755
vari-grip/rust/08-06-2021_DJI_0385_422_5,Restormer,SSIM,0.9491456491606576
vari-grip/rust/09-06-2021_DJI_0466_568,Restormer,SSIM,0.9779378856931414
vari-grip/rust/09-06-2021_DJI_0466_568_6,Restormer,SSIM,0.9799636091504779
vari-grip/rust/09-06-2021_DJI_0467_570_2,Restormer,SSIM,0.9244930573872158
vari-grip/rust/09-06-2021_DJI_0467_570_4,Restormer,SSIM,0.9206708669662476
vari-grip/rust/10-06-2021_DJI_0018_611,Restormer,SSIM,0.9510194829532078
vari-grip/rust/10-06-2021_DJI_0018_611_1,Restormer,SSIM,0.9049568005970546
vari-grip/rust/10-06-2021_DJI_0018_611_7,Restormer,SSIM,0.9452707086290631
vari-grip/rust/10-06-2021_DJI_0019_613_5,Restormer,SSIM,0.9438719579151699
vari-grip/rust/11-06-2021_DJI_0479_11_6,Restormer,SSIM,0.9544540984289986
vari-grip/rust/11-06-2021_DJI_0479_11_7,Restormer,SSIM,0.9090036238942828
vari-grip/rust/11-06-2021_DJI_0479_11_8,Restormer,SSIM,0.9345021588461739
vari-grip/rust/15-06-2021_DJI_0118_741,Restormer,SSIM,0.9724596994263786
vari-grip/rust/Fotos 23-10-2020_DJI_0029_vari_grip_745_7,Restormer,SSIM,0.8732640062059674
vari-grip/rust/Fotos 23-10-2020_DJI_0031_vari_grip_748_0,Restormer,SSIM,0.8052613479750497
vari-grip/rust/Fotos 23-10-2020_DJI_0031_vari_grip_748_7,Restormer,SSIM,0.7838747756821769
vari-grip/rust/Fotos 23-10-2020_DJI_0032_vari_grip_750,Restormer,SSIM,0.9226631096431187
vari-grip/rust/Fotos 23-10-2020_DJI_0032_vari_grip_750_3,Restormer,SSIM,0.8685961067676544
vari-grip/rust/Fotos 23-10-2020_DJI_0034_vari_grip_751_0,Restormer,SSIM,0.9416626010622297
vari-grip/rust/Fotos 23-10-2020_DJI_0034_vari_grip_752,Restormer,SSIM,0.9624171682766506
vari-grip/rust/Fotos 23-10-2020_DJI_0034_vari_grip_752_7,Restormer,SSIM,0.9259117671421596
vari-grip/rust/Fotos 23-10-2020_DJI_0035_vari_grip_753_4,Restormer,SSIM,0.9438274928501674
vari-grip/rust/Fotos 23-10-2020_DJI_0035_vari_grip_753_5,Restormer,SSIM,0.9294990641730172
vari-grip/rust/Fotos 23-10-2020_DJI_0038_vari_grip_756_1,Restormer,SSIM,0.966214622770037
vari-grip/rust/Fotos 23-10-2020_DJI_0038_vari_grip_756_4,Restormer,SSIM,0.9682079638753619
vari-grip/rust/Fotos 23-10-2020_DJI_0041_vari_grip_757,Restormer,SSIM,0.9480445810726711
vari-grip/rust/Fotos 23-10-2020_DJI_0043_vari_grip_759,Restormer,SSIM,0.9672604884420123
vari-grip/rust/Fotos 23-10-2020_DJI_0043_vari_grip_760_5,Restormer,SSIM,0.9637379135404315
vari-grip/rust/Fotos 23-10-2020_DJI_0043_vari_grip_760_8,Restormer,SSIM,0.9521277972630092
vari-grip/rust/Fotos 23-10-2020_DJI_0047_vari_grip_763_6,Restormer,SSIM,0.9636814253670829
vari-grip/rust/Fotos 23-10-2020_DJI_0047_vari_grip_764_0,Restormer,SSIM,0.8423875144549778
vari-grip/rust/Fotos 23-10-2020_DJI_0047_vari_grip_764_1,Restormer,SSIM,0.9232932499476841
vari-grip/rust/Fotos 23-10-2020_DJI_0047_vari_grip_764_3,Restormer,SSIM,0.8685052607740674
vari-grip/rust/Fotos 23-10-2020_DJI_0047_vari_grip_764_5,Restormer,SSIM,0.9151450906481061
vari-grip/rust/Fotos 23-10-2020_DJI_0048_vari_grip_765,Restormer,SSIM,0.916278966835567
vari-grip/rust/Fotos 23-10-2020_DJI_0065_vari_grip_736,Restormer,SSIM,0.9641213161604745
vari-grip/rust/Fotos 23-10-2020_DJI_0065_vari_grip_736_0,Restormer,SSIM,0.8469659004892621
vari-grip/rust/Fotos 23-10-2020_DJI_0065_vari_grip_736_5,Restormer,SSIM,0.9267310585294452
vari-grip/rust/Fotos 23-10-2020_DJI_0072_vari_grip_737_3,Restormer,SSIM,0.9057178156716483
vari-grip/rust/Fotos 23-10-2020_DJI_0072_vari_grip_737_4,Restormer,SSIM,0.941787702696664
vari-grip/rust/Fotos 23-10-2020_DJI_0072_vari_grip_737_6,Restormer,SSIM,0.9203369702611651
vari-grip/rust/Fotos 23-10-2020_DJI_0072_vari_grip_737_8,Restormer,SSIM,0.9086706382887704
vari-grip/rust/Fotos 23-10-2020_DJI_0073_vari_grip_738_1,Restormer,SSIM,0.9325355802263532
vari-grip/rust/Fotos 23-10-2020_DJI_0073_vari_grip_738_2,Restormer,SSIM,0.9705419199807304
vari-grip/rust/Fotos 23-10-2020_DJI_0074_vari_grip_739_0,Restormer,SSIM,0.9790543828691755
vari-grip/rust/Fotos 23-10-2020_DJI_0074_vari_grip_739_3,Restormer,SSIM,0.9678136791501727
vari-grip/rust/Fotos 23-10-2020_DJI_0113_vari_grip_743_4,Restormer,SSIM,0.8478720273290362
vari-grip/rust/Fotos 23-10-2020_DJI_0114_vari_grip_744_1,Restormer,SSIM,0.9322464466094971
vari-grip/rust/Fotos 23-10-2020_DJI_0114_vari_grip_744_7,Restormer,SSIM,0.9234938451222011
vari-grip/rust/Fotos 23-10-2020_DJI_0114_vari_grip_744_8,Restormer,SSIM,0.9488953607422965
vari-grip/bird-nest/08-06-2021_DJI_0089_322,Restormer,LPIPS,0.15687004370348795
vari-grip/bird-nest/08-06-2021_DJI_0089_322_3,Restormer,LPIPS,0.14793717754738672
vari-grip/bird-nest/08-06-2021_DJI_0285_392,Restormer,LPIPS,0.1750713972640889
vari-grip/bird-nest/10-06-2021_DJI_0244_649_2,Restormer,LPIPS,0.14896024018526077
vari-grip/bird-nest/10-06-2021_DJI_0270_657_5,Restormer,LPIPS,0.22354567609727383
vari-grip/bird-nest/10-06-2021_DJI_0270_657_7,Restormer,LPIPS,0.2023602303649698
vari-grip/bird-nest/10-06-2021_DJI_0271_658_1,Restormer,LPIPS,0.1396214131798063
vari-grip/bird-nest/10-06-2021_DJI_0271_658_2,Restormer,LPIPS,0.11421375295945577
vari-grip/bird-nest/10-06-2021_DJI_0271_658_6,Restormer,LPIPS,0.1060205160507134
vari-grip/bird-nest/10-06-2021_DJI_0271_658_8,Restormer,LPIPS,0.13444879837334156
vari-grip/bird-nest/11-06-2021_DJI_0121_4_1,Restormer,LPIPS,0.14075499294059618
vari-grip/bird-nest/11-06-2021_DJI_0121_4_4,Restormer,LPIPS,0.13900718625102723
vari-grip/bird-nest/11-06-2021_DJI_0121_4_5,Restormer,LPIPS,0.1617821284702846
vari-grip/bird-nest/11-06-2021_DJI_0132_6_0,Restormer,LPIPS,0.15939459098236902
vari-grip/bird-nest/11-06-2021_DJI_0132_6_6,Restormer,LPIPS,0.14588553618107522
vari-grip/bird-nest/15-06-2021_DJI_0044_726,Restormer,LPIPS,0.08793177269399166
vari-grip/bird-nest/15-06-2021_DJI_0044_726_6,Restormer,LPIPS,0.18579997441598348
vari-grip/bird-nest/Fotos 02-12-2020_DJI_0492_vari_grip_56_4,Restormer,LPIPS,0.13858102368456976
vari-grip/bird-nest/Fotos 02-12-2020_DJI_0492_vari_grip_57_0,Restormer,LPIPS,0.11562043854168483
vari-grip/bird-nest/Fotos 02-12-2020_DJI_0492_vari_grip_57_4,Restormer,LPIPS,0.15148389339447021
vari-grip/bird-nest/Fotos 17-11-2020_DJI_0289_vari_grip_478,Restormer,LPIPS,0.12303981610706874
vari-grip/bird-nest/Fotos 17-11-2020_DJI_0303_vari_grip_479_0,Restormer,LPIPS,0.13904983576919352
vari-grip/bird-nest/Fotos 17-11-2020_DJI_0304_vari_grip_480,Restormer,LPIPS,0.14148142082350595
vari-grip/bird-nest/Fotos 18-11-2020_DJI_0209_vari_grip_530_0,Restormer,LPIPS,0.16324254125356674
vari-grip/bird-nest/Fotos 18-11-2020_DJI_0209_vari_grip_530_3,Restormer,LPIPS,0.16400620500956262
vari-grip/bird-nest/Fotos 19-11-2020_DJI_0140_vari_grip_571_3,Restormer,LPIPS,0.1778008086340768
vari-grip/bird-nest/Fotos 19-11-2020_DJI_0140_vari_grip_571_7,Restormer,LPIPS,0.21668467351368495
vari-grip/bird-nest/Fotos 19-11-2020_DJI_0149_vari_grip_573_0,Restormer,LPIPS,0.2703284536089216
vari-grip/bird-nest/Fotos 19-11-2020_DJI_0149_vari_grip_573_4,Restormer,LPIPS,0.21869401101555144
vari-grip/bird-nest/Fotos 19-11-2020_DJI_0149_vari_grip_573_6,Restormer,LPIPS,0.2684857355696814
vari-grip/bird-nest/Fotos 19-11-2020_DJI_0150_vari_grip_574_0,Restormer,LPIPS,0.25909398921898436
vari-grip/bird-nest/Fotos 19-11-2020_DJI_0150_vari_grip_575_1,Restormer,LPIPS,0.2572221521820341
vari-grip/bird-nest/Fotos 19-11-2020_DJI_0150_vari_grip_575_2,Restormer,LPIPS,0.1522055466526321
vari-grip/bird-nest/Fotos 19-11-2020_DJI_0151_vari_grip_577_2,Restormer,LPIPS,0.10891622411353248
vari-grip/bird-nest/Fotos 19-11-2020_DJI_0151_vari_grip_577_3,Restormer,LPIPS,0.2332253051655633
vari-grip/bird-nest/Fotos 19-11-2020_DJI_0151_vari_grip_577_4,Restormer,LPIPS,0.18358333235872643
vari-grip/bird-nest/Fotos 20-11-2020_DJI_0210_vari_grip_683_2,Restormer,LPIPS,0.1958887523838452
vari-grip/bird-nest/Fotos 20-11-2020_DJI_0210_vari_grip_683_7,Restormer,LPIPS,0.18231008308274405
vari-grip/bird-nest/Fotos 23-11-2020_DJI_0279_vari_grip_768_0,Restormer,LPIPS,0.1236192477600915
vari-grip/bird-nest/Fotos 23-11-2020_DJI_0279_vari_grip_768_2,Restormer,LPIPS,0.19053528298224723
vari-grip/bird-nest/Fotos 25-11-2020_DJI_0207_vari_grip_861_0,Restormer,LPIPS,0.10937448590993881
vari-grip/bird-nest/Fotos 25-11-2020_DJI_0207_vari_grip_861_6,Restormer,LPIPS,0.13278484770229884
vari-grip/bird-nest/Fotos 25-11-2020_DJI_0563_vari_grip_841_0,Restormer,LPIPS,0.18989486300519534
vari-grip/bird-nest/Fotos 25-11-2020_DJI_0563_vari_grip_841_2,Restormer,LPIPS,0.14618817477353982
vari-grip/bird-nest/Fotos 25-11-2020_DJI_0563_vari_grip_841_4,Restormer,LPIPS,0.2133706472814083
vari-grip/bird-nest/Fotos 25-11-2020_DJI_0563_vari_grip_841_7,Restormer,LPIPS,0.19005502866847174
vari-grip/bird-nest/Fotos 25-11-2020_DJI_0564_vari_grip_843,Restormer,LPIPS,0.19920863530465535
vari-grip/bird-nest/Fotos 25-11-2020_DJI_0564_vari_grip_843_1,Restormer,LPIPS,0.11699860729277134
vari-grip/bird-nest/Fotos 25-11-2020_DJI_0564_vari_grip_843_2,Restormer,LPIPS,0.19448938540049962
vari-grip/bird-nest/Fotos 25-11-2020_DJI_0564_vari_grip_844,Restormer,LPIPS,0.12613520292299135
vari-grip/bird-nest/Fotos 25-11-2020_DJI_0564_vari_grip_844_4,Restormer,LPIPS,0.2205750665494374
vari-grip/bird-nest/Fotos 25-11-2020_DJI_0564_vari_grip_844_7,Restormer,LPIPS,0.12687671051493712
vari-grip/bird-nest/Fotos 25-11-2020_DJI_0564_vari_grip_844_8,Restormer,LPIPS,0.134535870381764
vari-grip/bird-nest/Fotos 25-11-2020_DJI_0586_vari_grip_845,Restormer,LPIPS,0.07121250618781362
vari-grip/bird-nest/Fotos 25-11-2020_DJI_0586_vari_grip_845_2,Restormer,LPIPS,0.1522809783262866
vari-grip/bird-nest/Fotos 25-11-2020_DJI_0586_vari_grip_845_7,Restormer,LPIPS,0.19429572618433408
vari-grip/bird-nest/Fotos 25-11-2020_DJI_0586_vari_grip_845_8,Restormer,LPIPS,0.1181803076927151
vari-grip/bird-nest/Fotos 25-11-2020_DJI_0586_vari_grip_846,Restormer,LPIPS,0.07729753851890564
vari-grip/bird-nest/Fotos 25-11-2020_DJI_0586_vari_grip_846_3,Restormer,LPIPS,0.11214940915150302
vari-grip/bird-nest/Fotos 25-11-2020_DJI_0586_vari_grip_846_4,Restormer,LPIPS,0.0737573288913284
vari-grip/bird-nest/Fotos 25-11-2020_DJI_0588_vari_grip_847_1,Restormer,LPIPS,0.1869482355458396
vari-grip/bird-nest/Fotos 25-11-2020_DJI_0588_vari_grip_847_8,Restormer,LPIPS,0.15898412891796657
vari-grip/bird-nest/Fotos 26-11-2020_DJI_0214_vari_grip_906_1,Restormer,LPIPS,0.2041885464319161
vari-grip/bird-nest/Fotos 26-11-2020_DJI_0214_vari_grip_907,Restormer,LPIPS,0.19513378771288054
vari-grip/bird-nest/Fotos 26-11-2020_DJI_0215_vari_grip_908_3,Restormer,LPIPS,0.18222139163741044
vari-grip/bird-nest/Fotos 26-11-2020_DJI_0262_vari_grip_910,Restormer,LPIPS,0.24132863219295228
vari-grip/bird-nest/Fotos 26-11-2020_DJI_0262_vari_grip_911,Restormer,LPIPS,0.15270727181008883
vari-grip/bird-nest/Fotos 27-11-2020_DJI_0491_vari_grip_933_1,Restormer,LPIPS,0.19148980187518255
vari-grip/bird-nest/Fotos 27-11-2020_DJI_0491_vari_grip_933_4,Restormer,LPIPS,0.13613346165844373
vari-grip/bird-nest/Fotos 27-11-2020_DJI_0491_vari_grip_933_8,Restormer,LPIPS,0.1465693467429706
vari-grip/bird-nest/Fotos 27-11-2020_DJI_0566_vari_grip_924_6,Restormer,LPIPS,0.1547535594020571
vari-grip/bird-nest/Fotos 27-11-2020_DJI_0566_vari_grip_925,Restormer,LPIPS,0.07009577338716813
vari-grip/bird-nest/Fotos 27-11-2020_DJI_0566_vari_grip_925_2,Restormer,LPIPS,0.167364380721535
vari-grip/bird-nest/Fotos 27-11-2020_DJI_0566_vari_grip_925_3,Restormer,LPIPS,0.13052392697760037
vari-grip/bird-nest/Fotos 27-11-2020_DJI_0566_vari_grip_925_6,Restormer,LPIPS,0.15802559815347195
vari-grip/good/Fotos 01-12-2020_DJI_0079_vari_grip_51,Restormer,LPIPS,0.14852946251630783
vari-grip/good/Fotos 01-12-2020_DJI_0140_vari_grip_47,Restormer,LPIPS,0.1736648151917117
vari-grip/good/Fotos 01-12-2020_DJI_0199_vari_grip_41,Restormer,LPIPS,0.1125818102487496
vari-grip/good/Fotos 01-12-2020_DJI_0342_vari_grip_32,Restormer,LPIPS,0.12090616353920527
vari-grip/good/Fotos 01-12-2020_DJI_0402_vari_grip_29,Restormer,LPIPS,0.0697052005146231
vari-grip/good/Fotos 01-12-2020_DJI_0457_vari_grip_24,Restormer,LPIPS,0.16109622056995118
vari-grip/good/Fotos 01-12-2020_DJI_0457_vari_grip_25,Restormer,LPIPS,0.1583407281764916
vari-grip/good/Fotos 02-12-2020_DJI_0020_vari_grip_94,Restormer,LPIPS,0.0913128951298339
vari-grip/good/Fotos 02-12-2020_DJI_0132_vari_grip_88,Restormer,LPIPS,0.07584493181535176
vari-grip/good/Fotos 02-12-2020_DJI_0194_vari_grip_84,Restormer,LPIPS,0.17392835247197322
vari-grip/good/Fotos 02-12-2020_DJI_0367_vari_grip_65,Restormer,LPIPS,0.09895575152976173
vari-grip/good/Fotos 02-12-2020_DJI_0368_vari_grip_67,Restormer,LPIPS,0.07336012114371572
vari-grip/good/Fotos 02-12-2020_DJI_0374_vari_grip_71,Restormer,LPIPS,0.2208664140530995
vari-grip/good/Fotos 02-12-2020_DJI_0427_vari_grip_61,Restormer,LPIPS,0.07196835016033479
vari-grip/good/Fotos 03-12-2020_DJI_0149_vari_grip_126,Restormer,LPIPS,0.07992833799549512
vari-grip/good/Fotos 03-12-2020_DJI_0150_vari_grip_128,Restormer,LPIPS,0.07016532921365329
vari-grip/good/Fotos 03-12-2020_DJI_0457_vari_grip_110,Restormer,LPIPS,0.06974541768431664
vari-grip/good/Fotos 03-12-2020_DJI_0561_vari_grip_100,Restormer,LPIPS,0.09143026166462473
vari-grip/good/Fotos 04-12-2020_DJI_0762_vari_grip_164,Restormer,LPIPS,0.08349192887544632
vari-grip/good/Fotos 04-12-2020_DJI_0806_vari_grip_160,Restormer,LPIPS,0.09396779550505537
vari-grip/good/Fotos 04-12-2020_DJI_0902_vari_grip_149,Restormer,LPIPS,0.034869977672185214
vari-grip/good/Fotos 04-12-2020_DJI_0950_vari_grip_142,Restormer,LPIPS,0.07105277478694916
vari-grip/good/Fotos 04-12-2020_DJI_0951_vari_grip_145,Restormer,LPIPS,0.09024683598961149
vari-grip/good/Fotos 04-12-2020_DJI_0954_vari_grip_146,Restormer,LPIPS,0.29738306786332813
vari-grip/good/Fotos 04-12-2020_DJI_1000 (2)_vari_grip_141,Restormer,LPIPS,0.20523294221077645
vari-grip/good/Fotos 07-12-2020_DJI_0059_vari_grip_192,Restormer,LPIPS,0.0753312488751752
vari-grip/good/Fotos 07-12-2020_DJI_0140_vari_grip_183,Restormer,LPIPS,0.16871616563626698
vari-grip/good/Fotos 07-12-2020_DJI_0141_vari_grip_185,Restormer,LPIPS,0.14697918907872268
vari-grip/good/Fotos 07-12-2020_DJI_0155_vari_grip_186,Restormer,LPIPS,0.10348253164972578
vari-grip/good/Fotos 07-12-2020_DJI_0187_vari_grip_179,Restormer,LPIPS,0.12191704979964665
vari-grip/good/Fotos 08-12-2020_DJI_0452_vari_grip_225,Restormer,LPIPS,0.08068760271583285
vari-grip/good/Fotos 08-12-2020_DJI_0455_vari_grip_229,Restormer,LPIPS,0.27692836842366625
vari-grip/good/Fotos 08-12-2020_DJI_0538_vari_grip_218,Restormer,LPIPS,0.31246916790093693
vari-grip/good/Fotos 08-12-2020_DJI_0613_vari_grip_208,Restormer,LPIPS,0.07474286907485553
vari-grip/good/Fotos 08-12-2020_DJI_0652_vari_grip_204,Restormer,LPIPS,0.07234552023666245
vari-grip/good/Fotos 09-12-2020_DJI_0017_vari_grip_269,Restormer,LPIPS,0.07499871988381658
vari-grip/good/Fotos 09-12-2020_DJI_0018_vari_grip_271,Restormer,LPIPS,0.17321862812553132
vari-grip/good/Fotos 09-12-2020_DJI_0056_vari_grip_263,Restormer,LPIPS,0.07656755218548435
vari-grip/good/Fotos 09-12-2020_DJI_0102_vari_grip_261,Restormer,LPIPS,0.08489108458161354
vari-grip/good/Fotos 09-12-2020_DJI_0143_vari_grip_249,Restormer,LPIPS,0.12786833835499628
vari-grip/good/Fotos 09-12-2020_DJI_0144_vari_grip_252,Restormer,LPIPS,0.11397479793855123
vari-grip/good/Fotos 09-12-2020_DJI_0310_vari_grip_238,Restormer,LPIPS,0.08555083083254951
vari-grip/good/Fotos 09-12-2020_DJI_0348_vari_grip_233,Restormer,LPIPS,0.10726577948246684
vari-grip/good/Fotos 10-12-2020_DJI_0020_vari_grip_327,Restormer,LPIPS,0.09721198465142931
vari-grip/good/Fotos 10-12-2020_DJI_0024_vari_grip_332,Restormer,LPIPS,0.303465978375503
vari-grip/good/Fotos 10-12-2020_DJI_0101_vari_grip_312,Restormer,LPIPS,0.11158259745155062
vari-grip/good/Fotos 10-12-2020_DJI_0140_vari_grip_300,Restormer,LPIPS,0.06017819672290768
vari-grip/good/Fotos 10-12-2020_DJI_0182_vari_grip_295,Restormer,LPIPS,0.10096171711172376
vari-grip/good/Fotos 10-12-2020_DJI_0182_vari_grip_296,Restormer,LPIPS,0.11006220722837108
vari-grip/good/Fotos 10-12-2020_DJI_0184_vari_grip_299,Restormer,LPIPS,0.18927736580371857
vari-grip/good/Fotos 10-12-2020_DJI_0258_vari_grip_282,Restormer,LPIPS,0.059849272082958906
vari-grip/good/Fotos 10-12-2020_DJI_0259_vari_grip_283,Restormer,LPIPS,0.12963575444051198
vari-grip/good/Fotos 10-12-2020_DJI_0262_vari_grip_285,Restormer,LPIPS,0.13917311919587
vari-grip/good/Fotos 11-12-2020_DJI_0055_vari_grip_379,Restormer,LPIPS,0.07481248397380114
vari-grip/good/Fotos 11-12-2020_DJI_0290_vari_grip_346,Restormer,LPIPS,0.2452239766716957
vari-grip/good/Fotos 14-12-2020_DJI_0433_vari_grip_399,Restormer,LPIPS,0.17570095296416963
vari-grip/good/Fotos 14-12-2020_DJI_0624_vari_grip_392,Restormer,LPIPS,0.16837999650410243
vari-grip/good/Fotos 16-11-2020_DJI_0110_vari_grip_439,Restormer,LPIPS,0.14681887653257167
vari-grip/good/Fotos 16-11-2020_DJI_0153_vari_grip_434,Restormer,LPIPS,0.148360689835889
vari-grip/good/Fotos 16-11-2020_DJI_0157_vari_grip_438,Restormer,LPIPS,0.16082001637135232
vari-grip/good/Fotos 16-12-2020_DJI_0034_vari_grip_475,Restormer,LPIPS,0.16115759180060454
vari-grip/good/Fotos 16-12-2020_DJI_0188_vari_grip_464,Restormer,LPIPS,0.0829711604331221
vari-grip/good/Fotos 16-12-2020_DJI_0404_vari_grip_450,Restormer,LPIPS,0.19999753258058003
vari-grip/good/Fotos 17-11-2020_DJI_0106_vari_grip_493,Restormer,LPIPS,0.17645969880478724
vari-grip/good/Fotos 17-11-2020_DJI_0120_vari_grip_496,Restormer,LPIPS,0.09781046664076191
vari-grip/good/Fotos 17-11-2020_DJI_0121_vari_grip_497,Restormer,LPIPS,0.13704106956720352
vari-grip/good/Fotos 17-11-2020_DJI_0206_vari_grip_491,Restormer,LPIPS,0.192082374223641
vari-grip/good/Fotos 17-12-2020_DJI_0168_vari_grip_514,Restormer,LPIPS,0.1470983661711216
vari-grip/good/Fotos 18-11-2020_DJI_0070_vari_grip_548,Restormer,LPIPS,0.14039150306156703
vari-grip/good/Fotos 18-11-2020_DJI_0109_vari_grip_546,Restormer,LPIPS,0.18615844420024327
vari-grip/good/Fotos 18-11-2020_DJI_0137_vari_grip_541,Restormer,LPIPS,0.22080626019409724
vari-grip/good/Fotos 18-11-2020_DJI_0246_vari_grip_528,Restormer,LPIPS,0.13034154075597013
vari-grip/good/Fotos 19-10-2020_DJI_0045_vari_grip_4,Restormer,LPIPS,0.15395800982202804
vari-grip/good/Fotos 19-10-2020_DJI_0046_vari_grip_6,Restormer,LPIPS,0.12501222613666738
vari-grip/good/Fotos 19-10-2020_DJI_0046_vari_grip_7,Restormer,LPIPS,0.1471488954765456
vari-grip/good/Fotos 19-10-2020_DJI_0083_vari_grip_15,Restormer,LPIPS,0.13749152049422264
vari-grip/good/Fotos 19-10-2020_DJI_0084_vari_grip_16,Restormer,LPIPS,0.20658272079059056
vari-grip/good/Fotos 19-11-2020_DJI_0119_vari_grip_578,Restormer,LPIPS,0.1323600954243115
vari-grip/good/Fotos 19-11-2020_DJI_0199_vari_grip_562,Restormer,LPIPS,0.16292272614581244
vari-grip/good/Fotos 19-11-2020_DJI_0236_vari_grip_561,Restormer,LPIPS,0.18211492097803525
vari-grip/good/Fotos 20-10-2020_DJI_0201_vari_grip_613,Restormer,LPIPS,0.06420039438775607
vari-grip/good/Fotos 20-10-2020_DJI_0205_vari_grip_620,Restormer,LPIPS,0.09440102162105697
vari-grip/good/Fotos 20-10-2020_DJI_0211_vari_grip_633,Restormer,LPIPS,0.1968970357307366
vari-grip/good/Fotos 20-10-2020_DJI_0238_vari_grip_641,Restormer,LPIPS,0.15192473041159765
vari-grip/good/Fotos 20-10-2020_DJI_0243_vari_grip_648,Restormer,LPIPS,0.12390679706420217
vari-grip/good/Fotos 20-10-2020_DJI_0244_vari_grip_651,Restormer,LPIPS,0.15459145552345685
vari-grip/good/Fotos 20-10-2020_DJI_0245_vari_grip_653,Restormer,LPIPS,0.17289036512374878
vari-grip/good/Fotos 20-10-2020_DJI_0255_vari_grip_658,Restormer,LPIPS,0.11185511254838534
vari-grip/good/Fotos 20-10-2020_DJI_0255_vari_grip_659,Restormer,LPIPS,0.10088123487574714
vari-grip/good/Fotos 20-10-2020_DJI_0256_vari_grip_660,Restormer,LPIPS,0.1471093057521752
vari-grip/good/Fotos 20-10-2020_DJI_0265_vari_grip_586,Restormer,LPIPS,0.20183277715529716
vari-grip/good/Fotos 20-10-2020_DJI_0268_vari_grip_589,Restormer,LPIPS,0.13784095751387732
vari-grip/good/Fotos 20-10-2020_DJI_0282_vari_grip_590,Restormer,LPIPS,0.20193941359009063
vari-grip/good/Fotos 20-11-2020_DJI_0144_vari_grip_697,Restormer,LPIPS,0.2589217626622745
vari-grip/good/Fotos 20-11-2020_DJI_0171_vari_grip_687,Restormer,LPIPS,0.14809646989618028
vari-grip/good/Fotos 20-11-2020_DJI_0172_vari_grip_689,Restormer,LPIPS,0.13732197508215904
vari-grip/good/Fotos 20-11-2020_DJI_0275_vari_grip_672,Restormer,LPIPS,0.09378123549478394
vari-grip/good/Fotos 22-10-2020_DJI_0858_vari_grip_718,Restormer,LPIPS,0.12822076438793115
vari-grip/good/Fotos 22-10-2020_DJI_0864_vari_grip_724,Restormer,LPIPS,0.12213506123849324
vari-grip/good/Fotos 22-10-2020_DJI_0864_vari_grip_725,Restormer,LPIPS,0.18429508060216904
vari-grip/good/Fotos 22-10-2020_DJI_0880_vari_grip_734,Restormer,LPIPS,0.17272724796618735
vari-grip/good/Fotos 23-11-2020_DJI_0143_vari_grip_783,Restormer,LPIPS,0.1367946964289461
vari-grip/good/Fotos 23-11-2020_DJI_0177_vari_grip_782,Restormer,LPIPS,0.11203406817678895
vari-grip/good/Fotos 23-11-2020_DJI_0209_vari_grip_777,Restormer,LPIPS,0.17115803914410727
vari-grip/good/Fotos 24-11-2020_DJI_0101_vari_grip_837,Restormer,LPIPS,0.17456131162387983
vari-grip/good/Fotos 24-11-2020_DJI_0243_vari_grip_827,Restormer,LPIPS,0.12045891636184283
vari-grip/good/Fotos 24-11-2020_DJI_0244_vari_grip_830,Restormer,LPIPS,0.27407580906791346
vari-grip/good/Fotos 25-11-2020_DJI_0208_vari_grip_862,Restormer,LPIPS,0.07547388505190611
vari-grip/good/Fotos 26-11-2020_DJI_0213_vari_grip_904,Restormer,LPIPS,0.20872290113142558
vari-grip/good/Fotos 26-11-2020_DJI_0213_vari_grip_905,Restormer,LPIPS,0.18538165198905127
vari-grip/good/Fotos 27-11-2020_DJI_0421_vari_grip_934,Restormer,LPIPS,0.1964261308312416
vari-grip/good/Fotos 27-11-2020_DJI_0421_vari_grip_935,Restormer,LPIPS,0.17645406244056566
vari-grip/good/Fotos 27-11-2020_DJI_0422_vari_grip_937,Restormer,LPIPS,0.16907870982374465
vari-grip/good/Fotos 30-11-2020_DJI_0033_vari_grip_1007,Restormer,LPIPS,0.08810003367917878
vari-grip/good/Fotos 30-11-2020_DJI_0193_vari_grip_996,Restormer,LPIPS,0.1509543119796685
vari-grip/good/Fotos 30-11-2020_DJI_0437_vari_grip_975,Restormer,LPIPS,0.09687447947050844
vari-grip/good/Fotos 30-11-2020_DJI_0438_vari_grip_976,Restormer,LPIPS,0.11374192844544138
vari-grip/good/Fotos 30-11-2020_DJI_0501_vari_grip_969,Restormer,LPIPS,0.08975238140140261
vari-grip/good/Fotos 30-11-2020_DJI_0561_vari_grip_964,Restormer,LPIPS,0.13395126802580698
vari-grip/rust/01-06-2021_DJI_0030_6_0,Restormer,LPIPS,0.11636491146470819
vari-grip/rust/01-06-2021_DJI_0030_6_7,Restormer,LPIPS,0.16837690132004873
vari-grip/rust/01-06-2021_DJI_0146_39_2,Restormer,LPIPS,0.15080241273556436
vari-grip/rust/01-06-2021_DJI_0146_39_6,Restormer,LPIPS,0.12453429986323629
vari-grip/rust/01-06-2021_DJI_0146_40_0,Restormer,LPIPS,0.04262554379446166
vari-grip/rust/01-06-2021_DJI_0162_46_6,Restormer,LPIPS,0.12235184971775327
vari-grip/rust/02-06-2021_DJI_0359_261_8,Restormer,LPIPS,0.14326648281088897
vari-grip/rust/08-06-2021_DJI_0385_421_2,Restormer,LPIPS,0.10653994285634585
vari-grip/rust/08-06-2021_DJI_0385_421_4,Restormer,LPIPS,0.09913064486214093
vari-grip/rust/08-06-2021_DJI_0385_421_6,Restormer,LPIPS,0.08572697705988373
vari-grip/rust/08-06-2021_DJI_0385_422,Restormer,LPIPS,0.1537025443145207
vari-grip/rust/08-06-2021_DJI_0385_422_0,Restormer,LPIPS,0.12903633394411632
vari-grip/rust/08-06-2021_DJI_0385_422_5,Restormer,LPIPS,0.13191415316292218
vari-grip/rust/09-06-2021_DJI_0466_568,Restormer,LPIPS,0.1021978993500982
vari-grip/rust/09-06-2021_DJI_0466_568_6,Restormer,LPIPS,0.11865924085889544
vari-grip/rust/09-06-2021_DJI_0467_570_2,Restormer,LPIPS,0.1216937324830464
vari-grip/rust/09-06-2021_DJI_0467_570_4,Restormer,LPIPS,0.1457579992711544
vari-grip/rust/10-06-2021_DJI_0018_611,Restormer,LPIPS,0.13634061587176152
vari-grip/rust/10-06-2021_DJI_0018_611_1,Restormer,LPIPS,0.17380305459456785
vari-grip/rust/10-06-2021_DJI_0018_611_7,Restormer,LPIPS,0.11343567851664764
vari-grip/rust/10-06-2021_DJI_0019_613_5,Restormer,LPIPS,0.16946563869714737
vari-grip/rust/11-06-2021_DJI_0479_11_6,Restormer,LPIPS,0.11636042754564967
vari-grip/rust/11-06-2021_DJI_0479_11_7,Restormer,LPIPS,0.1934004005576883
vari-grip/rust/11-06-2021_DJI_0479_11_8,Restormer,LPIPS,0.1929002861891474
vari-grip/rust/15-06-2021_DJI_0118_741,Restormer,LPIPS,0.0918757835669177
vari-grip/rust/Fotos 23-10-2020_DJI_0029_vari_grip_745_7,Restormer,LPIPS,0.26983705695186344
vari-grip/rust/Fotos 23-10-2020_DJI_0031_vari_grip_748_0,Restormer,LPIPS,0.25686171650886536
vari-grip/rust/Fotos 23-10-2020_DJI_0031_vari_grip_748_7,Restormer,LPIPS,0.25291819125413895
vari-grip/rust/Fotos 23-10-2020_DJI_0032_vari_grip_750,Restormer,LPIPS,0.19338644375758512
vari-grip/rust/Fotos 23-10-2020_DJI_0032_vari_grip_750_3,Restormer,LPIPS,0.22026649237211263
vari-grip/rust/Fotos 23-10-2020_DJI_0034_vari_grip_751_0,Restormer,LPIPS,0.14367445132562093
vari-grip/rust/Fotos 23-10-2020_DJI_0034_vari_grip_752,Restormer,LPIPS,0.16425191557833127
vari-grip/rust/Fotos 23-10-2020_DJI_0034_vari_grip_752_7,Restormer,LPIPS,0.16620855538972787
vari-grip/rust/Fotos 23-10-2020_DJI_0035_vari_grip_753_4,Restormer,LPIPS,0.15401319840124675
vari-grip/rust/Fotos 23-10-2020_DJI_0035_vari_grip_753_5,Restormer,LPIPS,0.17814690193959645
vari-grip/rust/Fotos 23-10-2020_DJI_0038_vari_grip_756_1,Restormer,LPIPS,0.1662392094731331
vari-grip/rust/Fotos 23-10-2020_DJI_0038_vari_grip_756_4,Restormer,LPIPS,0.1224171274474689
vari-grip/rust/Fotos 23-10-2020_DJI_0041_vari_grip_757,Restormer,LPIPS,0.1459214070013591
vari-grip/rust/Fotos 23-10-2020_DJI_0043_vari_grip_759,Restormer,LPIPS,0.1843188458255359
vari-grip/rust/Fotos 23-10-2020_DJI_0043_vari_grip_760_5,Restormer,LPIPS,0.12081431916781835
vari-grip/rust/Fotos 23-10-2020_DJI_0043_vari_grip_760_8,Restormer,LPIPS,0.19601486516850336
vari-grip/rust/Fotos 23-10-2020_DJI_0047_vari_grip_763_6,Restormer,LPIPS,0.1162253272320543
vari-grip/rust/Fotos 23-10-2020_DJI_0047_vari_grip_764_0,Restormer,LPIPS,0.21043745641197478
vari-grip/rust/Fotos 23-10-2020_DJI_0047_vari_grip_764_1,Restormer,LPIPS,0.21991249626236303
vari-grip/rust/Fotos 23-10-2020_DJI_0047_vari_grip_764_3,Restormer,LPIPS,0.23620285519531795
vari-grip/rust/Fotos 23-10-2020_DJI_0047_vari_grip_764_5,Restormer,LPIPS,0.16922380243028914
vari-grip/rust/Fotos 23-10-2020_DJI_0048_vari_grip_765,Restormer,LPIPS,0.17667648089783533
vari-grip/rust/Fotos 23-10-2020_DJI_0065_vari_grip_736,Restormer,LPIPS,0.08694928724850927
vari-grip/rust/Fotos 23-10-2020_DJI_0065_vari_grip_736_0,Restormer,LPIPS,0.240742384323052
vari-grip/rust/Fotos 23-10-2020_DJI_0065_vari_grip_736_5,Restormer,LPIPS,0.1564303780240672
vari-grip/rust/Fotos 23-10-2020_DJI_0072_vari_grip_737_3,Restormer,LPIPS,0.1844767608812877
vari-grip/rust/Fotos 23-10-2020_DJI_0072_vari_grip_737_4,Restormer,LPIPS,0.13494242115744523
vari-grip/rust/Fotos 23-10-2020_DJI_0072_vari_grip_737_6,Restormer,LPIPS,0.14292324813348906
vari-grip/rust/Fotos 23-10-2020_DJI_0072_vari_grip_737_8,Restormer,LPIPS,0.171978019710098
vari-grip/rust/Fotos 23-10-2020_DJI_0073_vari_grip_738_1,Restormer,LPIPS,0.1543127249128052
vari-grip/rust/Fotos 23-10-2020_DJI_0073_vari_grip_738_2,Restormer,LPIPS,0.10296056419610977
vari-grip/rust/Fotos 23-10-2020_DJI_0074_vari_grip_739_0,Restormer,LPIPS,0.0874465314139213
vari-grip/rust/Fotos 23-10-2020_DJI_0074_vari_grip_739_3,Restormer,LPIPS,0.12111106461712293
vari-grip/rust/Fotos 23-10-2020_DJI_0113_vari_grip_743_4,Restormer,LPIPS,0.20295101297753199
vari-grip/rust/Fotos 23-10-2020_DJI_0114_vari_grip_744_1,Restormer,LPIPS,0.18272886638130462
vari-grip/rust/Fotos 23-10-2020_DJI_0114_vari_grip_744_7,Restormer,LPIPS,0.2425171849983079
vari-grip/rust/Fotos 23-10-2020_DJI_0114_vari_grip_744_8,Restormer,LPIPS,0.11604889189558369
vari-grip/bird-nest/08-06-2021_DJI_0089_322,Restormer,Top1,0.7142857142857143
vari-grip/bird-nest/08-06-2021_DJI_0089_322_3,Restormer,Top1,0.5714285714285714
vari-grip/bird-nest/08-06-2021_DJI_0285_392,Restormer,Top1,0.8571428571428571
vari-grip/bird-nest/10-06-2021_DJI_0244_649_2,Restormer,Top1,0.5714285714285714
vari-grip/bird-nest/10-06-2021_DJI_0270_657_5,Restormer,Top1,0.5714285714285714
vari-grip/bird-nest/10-06-2021_DJI_0270_657_7,Restormer,Top1,0.5714285714285714
vari-grip/bird-nest/10-06-2021_DJI_0271_658_1,Restormer,Top1,0.5714285714285714
vari-grip/bird-nest/10-06-2021_DJI_0271_658_2,Restormer,Top1,0.42857142857142855
vari-grip/bird-nest/10-06-2021_DJI_0271_658_6,Restormer,Top1,0.5714285714285714
vari-grip/bird-nest/10-06-2021_DJI_0271_658_8,Restormer,Top1,0.14285714285714285
vari-grip/bird-nest/11-06-2021_DJI_0121_4_1,Restormer,Top1,0.42857142857142855
vari-grip/bird-nest/11-06-2021_DJI_0121_4_4,Restormer,Top1,0.14285714285714285
vari-grip/bird-nest/11-06-2021_DJI_0121_4_5,Restormer,Top1,0.2857142857142857
vari-grip/bird-nest/11-06-2021_DJI_0132_6_0,Restormer,Top1,0.8571428571428571
vari-grip/bird-nest/11-06-2021_DJI_0132_6_6,Restormer,Top1,0.8571428571428571
vari-grip/bird-nest/15-06-2021_DJI_0044_726,Restormer,Top1,1.0
vari-grip/bird-nest/15-06-2021_DJI_0044_726_6,Restormer,Top1,0.2857142857142857
vari-grip/bird-nest/Fotos 02-12-2020_DJI_0492_vari_grip_56_4,Restormer,Top1,0.42857142857142855
vari-grip/bird-nest/Fotos 02-12-2020_DJI_0492_vari_grip_57_0,Restormer,Top1,0.5714285714285714
vari-grip/bird-nest/Fotos 02-12-2020_DJI_0492_vari_grip_57_4,Restormer,Top1,0.42857142857142855
vari-grip/bird-nest/Fotos 17-11-2020_DJI_0289_vari_grip_478,Restormer,Top1,0.8571428571428571
vari-grip/bird-nest/Fotos 17-11-2020_DJI_0303_vari_grip_479_0,Restormer,Top1,0.7142857142857143
vari-grip/bird-nest/Fotos 17-11-2020_DJI_0304_vari_grip_480,Restormer,Top1,0.5714285714285714
vari-grip/bird-nest/Fotos 18-11-2020_DJI_0209_vari_grip_530_0,Restormer,Top1,0.5714285714285714
vari-grip/bird-nest/Fotos 18-11-2020_DJI_0209_vari_grip_530_3,Restormer,Top1,0.5714285714285714
vari-grip/bird-nest/Fotos 19-11-2020_DJI_0140_vari_grip_571_3,Restormer,Top1,0.7142857142857143
vari-grip/bird-nest/Fotos 19-11-2020_DJI_0140_vari_grip_571_7,Restormer,Top1,0.42857142857142855
vari-grip/bird-nest/Fotos 19-11-2020_DJI_0149_vari_grip_573_0,Restormer,Top1,0.0
vari-grip/bird-nest/Fotos 19-11-2020_DJI_0149_vari_grip_573_4,Restormer,Top1,0.14285714285714285
vari-grip/bird-nest/Fotos 19-11-2020_DJI_0149_vari_grip_573_6,Restormer,Top1,0.2857142857142857
vari-grip/bird-nest/Fotos 19-11-2020_DJI_0150_vari_grip_574_0,Restormer,Top1,0.8571428571428571
vari-grip/bird-nest/Fotos 19-11-2020_DJI_0150_vari_grip_575_1,Restormer,Top1,0.2857142857142857
vari-grip/bird-nest/Fotos 19-11-2020_DJI_0150_vari_grip_575_2,Restormer,Top1,0.7142857142857143
vari-grip/bird-nest/Fotos 19-11-2020_DJI_0151_vari_grip_577_2,Restormer,Top1,0.7142857142857143
vari-grip/bird-nest/Fotos 19-11-2020_DJI_0151_vari_grip_577_3,Restormer,Top1,0.7142857142857143
vari-grip/bird-nest/Fotos 19-11-2020_DJI_0151_vari_grip_577_4,Restormer,Top1,0.2857142857142857
vari-grip/bird-nest/Fotos 20-11-2020_DJI_0210_vari_grip_683_2,Restormer,Top1,0.5714285714285714
vari-grip/bird-nest/Fotos 20-11-2020_DJI_0210_vari_grip_683_7,Restormer,Top1,0.7142857142857143
vari-grip/bird-nest/Fotos 23-11-2020_DJI_0279_vari_grip_768_0,Restormer,Top1,0.8571428571428571
vari-grip/bird-nest/Fotos 23-11-2020_DJI_0279_vari_grip_768_2,Restormer,Top1,0.5714285714285714
vari-grip/bird-nest/Fotos 25-11-2020_DJI_0207_vari_grip_861_0,Restormer,Top1,0.8571428571428571
vari-grip/bird-nest/Fotos 25-11-2020_DJI_0207_vari_grip_861_6,Restormer,Top1,0.8571428571428571
vari-grip/bird-nest/Fotos 25-11-2020_DJI_0563_vari_grip_841_0,Restormer,Top1,0.2857142857142857
vari-grip/bird-nest/Fotos 25-11-2020_DJI_0563_vari_grip_841_2,Restormer,Top1,0.7142857142857143
vari-grip/bird-nest/Fotos 25-11-2020_DJI_0563_vari_grip_841_4,Restormer,Top1,0.42857142857142855
vari-grip/bird-nest/Fotos 25-11-2020_DJI_0563_vari_grip_841_7,Restormer,Top1,0.5714285714285714
vari-grip/bird-nest/Fotos 25-11-2020_DJI_0564_vari_grip_843,Restormer,Top1,0.14285714285714285
vari-grip/bird-nest/Fotos 25-11-2020_DJI_0564_vari_grip_843_1,Restormer,Top1,0.42857142857142855
vari-grip/bird-nest/Fotos 25-11-2020_DJI_0564_vari_grip_843_2,Restormer,Top1,0.42857142857142855
vari-grip/bird-nest/Fotos 25-11-2020_DJI_0564_vari_grip_844,Restormer,Top1,1.0
vari-grip/bird-nest/Fotos 25-11-2020_DJI_0564_vari_grip_844_4,Restormer,Top1,0.42857142857142855
vari-grip/bird-nest/Fotos 25-11-2020_DJI_0564_vari_grip_844_7,Restormer,Top1,0.7142857142857143
vari-grip/bird-nest/Fotos 25-11-2020_DJI_0564_vari_grip_844_8,Restormer,Top1,0.7142857142857143
vari-grip/bird-nest/Fotos 25-11-2020_DJI_0586_vari_grip_845,Restormer,Top1,1.0
vari-grip/bird-nest/Fotos 25-11-2020_DJI_0586_vari_grip_845_2,Restormer,Top1,0.42857142857142855
vari-grip/bird-nest/Fotos 25-11-2020_DJI_0586_vari_grip_845_7,Restormer,Top1,0.5714285714285714
vari-grip/bird-nest/Fotos 25-11-2020_DJI_0586_vari_grip_845_8,Restormer,Top1,0.7142857142857143
vari-grip/bird-nest/Fotos 25-11-2020_DJI_0586_vari_grip_846,Restormer,Top1,0.7142857142857143
vari-grip/bird-nest/Fotos 25-11-2020_DJI_0586_vari_grip_846_3,Restormer,Top1,0.2857142857142857
vari-grip/bird-nest/Fotos 25-11-2020_DJI_0586_vari_grip_846_4,Restormer,Top1,0.7142857142857143
vari-grip/bird-nest/Fotos 25-11-2020_DJI_0588_vari_grip_847_1,Restormer,Top1,0.7142857142857143
vari-grip/bird-nest/Fotos 25-11-2020_DJI_0588_vari_grip_847_8,Restormer,Top1,0.42857142857142855
vari-grip/bird-nest/Fotos 26-11-2020_DJI_0214_vari_grip_906_1,Restormer,Top1,0.2857142857142857
vari-grip/bird-nest/Fotos 26-11-2020_DJI_0214_vari_grip_907,Restormer,Top1,0.42857142857142855
vari-grip/bird-nest/Fotos 26-11-2020_DJI_0215_vari_grip_908_3,Restormer,Top1,0.7142857142857143
vari-grip/bird-nest/Fotos 26-11-2020_DJI_0262_vari_grip_910,Restormer,Top1,0.5714285714285714
vari-grip/bird-nest/Fotos 26-11-2020_DJI_0262_vari_grip_911,Restormer,Top1,0.42857142857142855
vari-grip/bird-nest/Fotos 27-11-2020_DJI_0491_vari_grip_933_1,Restormer,Top1,0.42857142857142855
vari-grip/bird-nest/Fotos 27-11-2020_DJI_0491_vari_grip_933_4,Restormer,Top1,0.42857142857142855
vari-grip/bird-nest/Fotos 27-11-2020_DJI_0491_vari_grip_933_8,Restormer,Top1,0.42857142857142855
vari-grip/bird-nest/Fotos 27-11-2020_DJI_0566_vari_grip_924_6,Restormer,Top1,0.42857142857142855
vari-grip/bird-nest/Fotos 27-11-2020_DJI_0566_vari_grip_925,Restormer,Top1,0.5714285714285714
vari-grip/bird-nest/Fotos 27-11-2020_DJI_0566_vari_grip_925_2,Restormer,Top1,0.42857142857142855
vari-grip/bird-nest/Fotos 27-11-2020_DJI_0566_vari_grip_925_3,Restormer,Top1,0.0
vari-grip/bird-nest/Fotos 27-11-2020_DJI_0566_vari_grip_925_6,Restormer,Top1,0.42857142857142855
vari-grip/good/Fotos 01-12-2020_DJI_0079_vari_grip_51,Restormer,Top1,1.0
vari-grip/good/Fotos 01-12-2020_DJI_0140_vari_grip_47,Restormer,Top1,0.5714285714285714
vari-grip/good/Fotos 01-12-2020_DJI_0199_vari_grip_41,Restormer,Top1,0.7142857142857143
vari-grip/good/Fotos 01-12-2020_DJI_0342_vari_grip_32,Restormer,Top1,0.5714285714285714
vari-grip/good/Fotos 01-12-2020_DJI_0402_vari_grip_29,Restormer,Top1,0.8571428571428571
vari-grip/good/Fotos 01-12-2020_DJI_0457_vari_grip_24,Restormer,Top1,0.5714285714285714
vari-grip/good/Fotos 01-12-2020_DJI_0457_vari_grip_25,Restormer,Top1,0.7142857142857143
vari-grip/good/Fotos 02-12-2020_DJI_0020_vari_grip_94,Restormer,Top1,0.7142857142857143
vari-grip/good/Fotos 02-12-2020_DJI_0132_vari_grip_88,Restormer,Top1,1.0
vari-grip/good/Fotos 02-12-2020_DJI_0194_vari_grip_84,Restormer,Top1,1.0
vari-grip/good/Fotos 02-12-2020_DJI_0367_vari_grip_65,Restormer,Top1,0.7142857142857143
vari-grip/good/Fotos 02-12-2020_DJI_0368_vari_grip_67,Restormer,Top1,0.7142857142857143
vari-grip/good/Fotos 02-12-2020_DJI_0374_vari_grip_71,Restormer,Top1,0.5714285714285714
vari-grip/good/Fotos 02-12-2020_DJI_0427_vari_grip_61,Restormer,Top1,0.8571428571428571
vari-grip/good/Fotos 03-12-2020_DJI_0149_vari_grip_126,Restormer,Top1,0.7142857142857143
vari-grip/good/Fotos 03-12-2020_DJI_0150_vari_grip_128,Restormer,Top1,0.7142857142857143
vari-grip/good/Fotos 03-12-2020_DJI_0457_vari_grip_110,Restormer,Top1,0.8571428571428571
vari-grip/good/Fotos 03-12-2020_DJI_0561_vari_grip_100,Restormer,Top1,0.8571428571428571
vari-grip/good/Fotos 04-12-2020_DJI_0762_vari_grip_164,Restormer,Top1,1.0
vari-grip/good/Fotos 04-12-2020_DJI_0806_vari_grip_160,Restormer,Top1,0.8571428571428571
vari-grip/good/Fotos 04-12-2020_DJI_0902_vari_grip_149,Restormer,Top1,0.8571428571428571
vari-grip/good/Fotos 04-12-2020_DJI_0950_vari_grip_142,Restormer,Top1,0.2857142857142857
vari-grip/good/Fotos 04-12-2020_DJI_0951_vari_grip_145,Restormer,Top1,0.5714285714285714
vari-grip/good/Fotos 04-12-2020_DJI_0954_vari_grip_146,Restormer,Top1,0.42857142857142855
vari-grip/good/Fotos 04-12-2020_DJI_1000 (2)_vari_grip_141,Restormer,Top1,0.7142857142857143
vari-grip/good/Fotos 07-12-2020_DJI_0059_vari_grip_192,Restormer,Top1,1.0
vari-grip/good/Fotos 07-12-2020_DJI_0140_vari_grip_183,Restormer,Top1,0.5714285714285714
vari-grip/good/Fotos 07-12-2020_DJI_0141_vari_grip_185,Restormer,Top1,0.8571428571428571
vari-grip/good/Fotos 07-12-2020_DJI_0155_vari_grip_186,Restormer,Top1,0.7142857142857143
vari-grip/good/Fotos 07-12-2020_DJI_0187_vari_grip_179,Restormer,Top1,0.8571428571428571
vari-grip/good/Fotos 08-12-2020_DJI_0452_vari_grip_225,Restormer,Top1,1.0
vari-grip/good/Fotos 08-12-2020_DJI_0455_vari_grip_229,Restormer,Top1,0.2857142857142857
vari-grip/good/Fotos 08-12-2020_DJI_0538_vari_grip_218,Restormer,Top1,0.42857142857142855
vari-grip/good/Fotos 08-12-2020_DJI_0613_vari_grip_208,Restormer,Top1,0.8571428571428571
vari-grip/good/Fotos 08-12-2020_DJI_0652_vari_grip_204,Restormer,Top1,0.8571428571428571
vari-grip/good/Fotos 09-12-2020_DJI_0017_vari_grip_269,Restormer,Top1,0.5714285714285714
vari-grip/good/Fotos 09-12-2020_DJI_0018_vari_grip_271,Restormer,Top1,1.0
vari-grip/good/Fotos 09-12-2020_DJI_0056_vari_grip_263,Restormer,Top1,1.0
vari-grip/good/Fotos 09-12-2020_DJI_0102_vari_grip_261,Restormer,Top1,0.8571428571428571
vari-grip/good/Fotos 09-12-2020_DJI_0143_vari_grip_249,Restormer,Top1,0.8571428571428571
vari-grip/good/Fotos 09-12-2020_DJI_0144_vari_grip_252,Restormer,Top1,1.0
vari-grip/good/Fotos 09-12-2020_DJI_0310_vari_grip_238,Restormer,Top1,1.0
vari-grip/good/Fotos 09-12-2020_DJI_0348_vari_grip_233,Restormer,Top1,0.7142857142857143
vari-grip/good/Fotos 10-12-2020_DJI_0020_vari_grip_327,Restormer,Top1,0.7142857142857143
vari-grip/good/Fotos 10-12-2020_DJI_0024_vari_grip_332,Restormer,Top1,0.5714285714285714
vari-grip/good/Fotos 10-12-2020_DJI_0101_vari_grip_312,Restormer,Top1,1.0
vari-grip/good/Fotos 10-12-2020_DJI_0140_vari_grip_300,Restormer,Top1,1.0
vari-grip/good/Fotos 10-12-2020_DJI_0182_vari_grip_295,Restormer,Top1,0.8571428571428571
vari-grip/good/Fotos 10-12-2020_DJI_0182_vari_grip_296,Restormer,Top1,1.0
vari-grip/good/Fotos 10-12-2020_DJI_0184_vari_grip_299,Restormer,Top1,0.8571428571428571
vari-grip/good/Fotos 10-12-2020_DJI_0258_vari_grip_282,Restormer,Top1,1.0
vari-grip/good/Fotos 10-12-2020_DJI_0259_vari_grip_283,Restormer,Top1,0.8571428571428571
vari-grip/good/Fotos 10-12-2020_DJI_0262_vari_grip_285,Restormer,Top1,0.8571428571428571
vari-grip/good/Fotos 11-12-2020_DJI_0055_vari_grip_379,Restormer,Top1,0.7142857142857143
vari-grip/good/Fotos 11-12-2020_DJI_0290_vari_grip_346,Restormer,Top1,0.7142857142857143
vari-grip/good/Fotos 14-12-2020_DJI_0433_vari_grip_399,Restormer,Top1,0.8571428571428571
vari-grip/good/Fotos 14-12-2020_DJI_0624_vari_grip_392,Restormer,Top1,0.7142857142857143
vari-grip/good/Fotos 16-11-2020_DJI_0110_vari_grip_439,Restormer,Top1,0.7142857142857143
vari-grip/good/Fotos 16-11-2020_DJI_0153_vari_grip_434,Restormer,Top1,0.8571428571428571
vari-grip/good/Fotos 16-11-2020_DJI_0157_vari_grip_438,Restormer,Top1,0.7142857142857143
vari-grip/good/Fotos 16-12-2020_DJI_0034_vari_grip_475,Restormer,Top1,0.7142857142857143
vari-grip/good/Fotos 16-12-2020_DJI_0188_vari_grip_464,Restormer,Top1,1.0
vari-grip/good/Fotos 16-12-2020_DJI_0404_vari_grip_450,Restormer,Top1,0.2857142857142857
vari-grip/good/Fotos 17-11-2020_DJI_0106_vari_grip_493,Restormer,Top1,0.5714285714285714
vari-grip/good/Fotos 17-11-2020_DJI_0120_vari_grip_496,Restormer,Top1,0.7142857142857143
vari-grip/good/Fotos 17-11-2020_DJI_0121_vari_grip_497,Restormer,Top1,0.8571428571428571
vari-grip/good/Fotos 17-11-2020_DJI_0206_vari_grip_491,Restormer,Top1,0.5714285714285714
vari-grip/good/Fotos 17-12-2020_DJI_0168_vari_grip_514,Restormer,Top1,0.5714285714285714
vari-grip/good/Fotos 18-11-2020_DJI_0070_vari_grip_548,Restormer,Top1,0.8571428571428571
vari-grip/good/Fotos 18-11-2020_DJI_0109_vari_grip_546,Restormer,Top1,0.5714285714285714
vari-grip/good/Fotos 18-11-2020_DJI_0137_vari_grip_541,Restormer,Top1,0.7142857142857143
vari-grip/good/Fotos 18-11-2020_DJI_0246_vari_grip_528,Restormer,Top1,1.0
vari-grip/good/Fotos 19-10-2020_DJI_0045_vari_grip_4,Restormer,Top1,0.7142857142857143
vari-grip/good/Fotos 19-10-2020_DJI_0046_vari_grip_6,Restormer,Top1,0.5714285714285714
vari-grip/good/Fotos 19-10-2020_DJI_0046_vari_grip_7,Restormer,Top1,0.8571428571428571
vari-grip/good/Fotos 19-10-2020_DJI_0083_vari_grip_15,Restormer,Top1,0.7142857142857143
vari-grip/good/Fotos 19-10-2020_DJI_0084_vari_grip_16,Restormer,Top1,0.7142857142857143
vari-grip/good/Fotos 19-11-2020_DJI_0119_vari_grip_578,Restormer,Top1,0.7142857142857143
vari-grip/good/Fotos 19-11-2020_DJI_0199_vari_grip_562,Restormer,Top1,0.7142857142857143
vari-grip/good/Fotos 19-11-2020_DJI_0236_vari_grip_561,Restormer,Top1,0.5714285714285714
vari-grip/good/Fotos 20-10-2020_DJI_0201_vari_grip_613,Restormer,Top1,1.0
vari-grip/good/Fotos 20-10-2020_DJI_0205_vari_grip_620,Restormer,Top1,0.8571428571428571
vari-grip/good/Fotos 20-10-2020_DJI_0211_vari_grip_633,Restormer,Top1,0.5714285714285714
vari-grip/good/Fotos 20-10-2020_DJI_0238_vari_grip_641,Restormer,Top1,0.42857142857142855
vari-grip/good/Fotos 20-10-2020_DJI_0243_vari_grip_648,Restormer,Top1,0.8571428571428571
vari-grip/good/Fotos 20-10-2020_DJI_0244_vari_grip_651,Restormer,Top1,0.7142857142857143
vari-grip/good/Fotos 20-10-2020_DJI_0245_vari_grip_653,Restormer,Top1,0.5714285714285714
vari-grip/good/Fotos 20-10-2020_DJI_0255_vari_grip_658,Restormer,Top1,0.7142857142857143
vari-grip/good/Fotos 20-10-2020_DJI_0255_vari_grip_659,Restormer,Top1,0.8571428571428571
vari-grip/good/Fotos 20-10-2020_DJI_0256_vari_grip_660,Restormer,Top1,0.8571428571428571
vari-grip/good/Fotos 20-10-2020_DJI_0265_vari_grip_586,Restormer,Top1,0.8571428571428571
vari-grip/good/Fotos 20-10-2020_DJI_0268_vari_grip_589,Restormer,Top1,0.7142857142857143
vari-grip/good/Fotos 20-10-2020_DJI_0282_vari_grip_590,Restormer,Top1,0.42857142857142855
vari-grip/good/Fotos 20-11-2020_DJI_0144_vari_grip_697,Restormer,Top1,0.42857142857142855
vari-grip/good/Fotos 20-11-2020_DJI_0171_vari_grip_687,Restormer,Top1,0.5714285714285714
vari-grip/good/Fotos 20-11-2020_DJI_0172_vari_grip_689,Restormer,Top1,0.7142857142857143
vari-grip/good/Fotos 20-11-2020_DJI_0275_vari_grip_672,Restormer,Top1,0.8571428571428571
vari-grip/good/Fotos 22-10-2020_DJI_0858_vari_grip_718,Restormer,Top1,0.5714285714285714
vari-grip/good/Fotos 22-10-2020_DJI_0864_vari_grip_724,Restormer,Top1,0.8571428571428571
vari-grip/good/Fotos 22-10-2020_DJI_0864_vari_grip_725,Restormer,Top1,0.5714285714285714
vari-grip/good/Fotos 22-10-2020_DJI_0880_vari_grip_734,Restormer,Top1,0.7142857142857143
vari-grip/good/Fotos 23-11-2020_DJI_0143_vari_grip_783,Restormer,Top1,0.7142857142857143
vari-grip/good/Fotos 23-11-2020_DJI_0177_vari_grip_782,Restormer,Top1,0.7142857142857143
vari-grip/good/Fotos 23-11-2020_DJI_0209_vari_grip_777,Restormer,Top1,0.8571428571428571
vari-grip/good/Fotos 24-11-2020_DJI_0101_vari_grip_837,Restormer,Top1,0.7142857142857143
vari-grip/good/Fotos 24-11-2020_DJI_0243_vari_grip_827,Restormer,Top1,0.7142857142857143
vari-grip/good/Fotos 24-11-2020_DJI_0244_vari_grip_830,Restormer,Top1,0.5714285714285714
vari-grip/good/Fotos 25-11-2020_DJI_0208_vari_grip_862,Restormer,Top1,0.8571428571428571
vari-grip/good/Fotos 26-11-2020_DJI_0213_vari_grip_904,Restormer,Top1,0.7142857142857143
vari-grip/good/Fotos 26-11-2020_DJI_0213_vari_grip_905,Restormer,Top1,0.8571428571428571
vari-grip/good/Fotos 27-11-2020_DJI_0421_vari_grip_934,Restormer,Top1,0.7142857142857143
vari-grip/good/Fotos 27-11-2020_DJI_0421_vari_grip_935,Restormer,Top1,0.8571428571428571
vari-grip/good/Fotos 27-11-2020_DJI_0422_vari_grip_937,Restormer,Top1,0.5714285714285714
vari-grip/good/Fotos 30-11-2020_DJI_0033_vari_grip_1007,Restormer,Top1,0.8571428571428571
vari-grip/good/Fotos 30-11-2020_DJI_0193_vari_grip_996,Restormer,Top1,0.7142857142857143
vari-grip/good/Fotos 30-11-2020_DJI_0437_vari_grip_975,Restormer,Top1,1.0
vari-grip/good/Fotos 30-11-2020_DJI_0438_vari_grip_976,Restormer,Top1,1.0
vari-grip/good/Fotos 30-11-2020_DJI_0501_vari_grip_969,Restormer,Top1,0.7142857142857143
vari-grip/good/Fotos 30-11-2020_DJI_0561_vari_grip_964,Restormer,Top1,0.8571428571428571
vari-grip/rust/01-06-2021_DJI_0030_6_0,Restormer,Top1,0.7142857142857143
vari-grip/rust/01-06-2021_DJI_0030_6_7,Restormer,Top1,0.5714285714285714
vari-grip/rust/01-06-2021_DJI_0146_39_2,Restormer,Top1,0.42857142857142855
vari-grip/rust/01-06-2021_DJI_0146_39_6,Restormer,Top1,0.42857142857142855
vari-grip/rust/01-06-2021_DJI_0146_40_0,Restormer,Top1,0.8571428571428571
vari-grip/rust/01-06-2021_DJI_0162_46_6,Restormer,Top1,0.7142857142857143
vari-grip/rust/02-06-2021_DJI_0359_261_8,Restormer,Top1,0.5714285714285714
vari-grip/rust/08-06-2021_DJI_0385_421_2,Restormer,Top1,0.42857142857142855
vari-grip/rust/08-06-2021_DJI_0385_421_4,Restormer,Top1,0.5714285714285714
vari-grip/rust/08-06-2021_DJI_0385_421_6,Restormer,Top1,0.8571428571428571
vari-grip/rust/08-06-2021_DJI_0385_422,Restormer,Top1,0.42857142857142855
vari-grip/rust/08-06-2021_DJI_0385_422_0,Restormer,Top1,0.2857142857142857
vari-grip/rust/08-06-2021_DJI_0385_422_5,Restormer,Top1,0.5714285714285714
vari-grip/rust/09-06-2021_DJI_0466_568,Restormer,Top1,0.7142857142857143
vari-grip/rust/09-06-2021_DJI_0466_568_6,Restormer,Top1,0.5714285714285714
vari-grip/rust/09-06-2021_DJI_0467_570_2,Restormer,Top1,0.5714285714285714
vari-grip/rust/09-06-2021_DJI_0467_570_4,Restormer,Top1,0.5714285714285714
vari-grip/rust/10-06-2021_DJI_0018_611,Restormer,Top1,0.8571428571428571
vari-grip/rust/10-06-2021_DJI_0018_611_1,Restormer,Top1,0.7142857142857143
vari-grip/rust/10-06-2021_DJI_0018_611_7,Restormer,Top1,0.7142857142857143
vari-grip/rust/10-06-2021_DJI_0019_613_5,Restormer,Top1,0.7142857142857143
vari-grip/rust/11-06-2021_DJI_0479_11_6,Restormer,Top1,0.7142857142857143
vari-grip/rust/11-06-2021_DJI_0479_11_7,Restormer,Top1,0.42857142857142855
vari-grip/rust/11-06-2021_DJI_0479_11_8,Restormer,Top1,0.7142857142857143
vari-grip/rust/15-06-2021_DJI_0118_741,Restormer,Top1,0.7142857142857143
vari-grip/rust/Fotos 23-10-2020_DJI_0029_vari_grip_745_7,Restormer,Top1,0.8571428571428571
vari-grip/rust/Fotos 23-10-2020_DJI_0031_vari_grip_748_0,Restormer,Top1,0.5714285714285714
vari-grip/rust/Fotos 23-10-2020_DJI_0031_vari_grip_748_7,Restormer,Top1,0.2857142857142857
vari-grip/rust/Fotos 23-10-2020_DJI_0032_vari_grip_750,Restormer,Top1,0.5714285714285714
vari-grip/rust/Fotos 23-10-2020_DJI_0032_vari_grip_750_3,Restormer,Top1,0.5714285714285714
vari-grip/rust/Fotos 23-10-2020_DJI_0034_vari_grip_751_0,Restormer,Top1,0.8571428571428571
vari-grip/rust/Fotos 23-10-2020_DJI_0034_vari_grip_752,Restormer,Top1,0.7142857142857143
vari-grip/rust/Fotos 23-10-2020_DJI_0034_vari_grip_752_7,Restormer,Top1,0.7142857142857143
vari-grip/rust/Fotos 23-10-2020_DJI_0035_vari_grip_753_4,Restormer,Top1,0.7142857142857143
vari-grip/rust/Fotos 23-10-2020_DJI_0035_vari_grip_753_5,Restormer,Top1,0.5714285714285714
vari-grip/rust/Fotos 23-10-2020_DJI_0038_vari_grip_756_1,Restormer,Top1,0.14285714285714285
vari-grip/rust/Fotos 23-10-2020_DJI_0038_vari_grip_756_4,Restormer,Top1,0.7142857142857143
vari-grip/rust/Fotos 23-10-2020_DJI_0041_vari_grip_757,Restormer,Top1,0.42857142857142855
vari-grip/rust/Fotos 23-10-2020_DJI_0043_vari_grip_759,Restormer,Top1,0.7142857142857143
vari-grip/rust/Fotos 23-10-2020_DJI_0043_vari_grip_760_5,Restormer,Top1,0.8571428571428571
vari-grip/rust/Fotos 23-10-2020_DJI_0043_vari_grip_760_8,Restormer,Top1,0.7142857142857143
vari-grip/rust/Fotos 23-10-2020_DJI_0047_vari_grip_763_6,Restormer,Top1,0.8571428571428571
vari-grip/rust/Fotos 23-10-2020_DJI_0047_vari_grip_764_0,Restormer,Top1,0.8571428571428571
vari-grip/rust/Fotos 23-10-2020_DJI_0047_vari_grip_764_1,Restormer,Top1,0.7142857142857143
vari-grip/rust/Fotos 23-10-2020_DJI_0047_vari_grip_764_3,Restormer,Top1,0.42857142857142855
vari-grip/rust/Fotos 23-10-2020_DJI_0047_vari_grip_764_5,Restormer,Top1,0.7142857142857143
vari-grip/rust/Fotos 23-10-2020_DJI_0048_vari_grip_765,Restormer,Top1,0.5714285714285714
vari-grip/rust/Fotos 23-10-2020_DJI_0065_vari_grip_736,Restormer,Top1,0.8571428571428571
vari-grip/rust/Fotos 23-10-2020_DJI_0065_vari_grip_736_0,Restormer,Top1,0.2857142857142857
vari-grip/rust/Fotos 23-10-2020_DJI_0065_vari_grip_736_5,Restormer,Top1,0.0
vari-grip/rust/Fotos 23-10-2020_DJI_0072_vari_grip_737_3,Restormer,Top1,0.42857142857142855
vari-grip/rust/Fotos 23-10-2020_DJI_0072_vari_grip_737_4,Restormer,Top1,0.7142857142857143
vari-grip/rust/Fotos 23-10-2020_DJI_0072_vari_grip_737_6,Restormer,Top1,0.5714285714285714
vari-grip/rust/Fotos 23-10-2020_DJI_0072_vari_grip_737_8,Restormer,Top1,0.5714285714285714
vari-grip/rust/Fotos 23-10-2020_DJI_0073_vari_grip_738_1,Restormer,Top1,0.7142857142857143
vari-grip/rust/Fotos 23-10-2020_DJI_0073_vari_grip_738_2,Restormer,Top1,0.8571428571428571
vari-grip/rust/Fotos 23-10-2020_DJI_0074_vari_grip_739_0,Restormer,Top1,0.7142857142857143
vari-grip/rust/Fotos 23-10-2020_DJI_0074_vari_grip_739_3,Restormer,Top1,0.7142857142857143
vari-grip/rust/Fotos 23-10-2020_DJI_0113_vari_grip_743_4,Restormer,Top1,0.5714285714285714
vari-grip/rust/Fotos 23-10-2020_DJI_0114_vari_grip_744_1,Restormer,Top1,0.14285714285714285
vari-grip/rust/Fotos 23-10-2020_DJI_0114_vari_grip_744_7,Restormer,Top1,0.8571428571428571
vari-grip/rust/Fotos 23-10-2020_DJI_0114_vari_grip_744_8,Restormer,Top1,0.14285714285714285
vari-grip/bird-nest/08-06-2021_DJI_0089_322,Restormer,Cosine,0.9821785773549762
vari-grip/bird-nest/08-06-2021_DJI_0089_322_3,Restormer,Cosine,0.9895596929958889
vari-grip/bird-nest/08-06-2021_DJI_0285_392,Restormer,Cosine,0.9908690708024162
vari-grip/bird-nest/10-06-2021_DJI_0244_649_2,Restormer,Cosine,0.8387236424854824
vari-grip/bird-nest/10-06-2021_DJI_0270_657_5,Restormer,Cosine,0.9248015880584717
vari-grip/bird-nest/10-06-2021_DJI_0270_657_7,Restormer,Cosine,0.933345982006618
vari-grip/bird-nest/10-06-2021_DJI_0271_658_1,Restormer,Cosine,0.9970281549862453
vari-grip/bird-nest/10-06-2021_DJI_0271_658_2,Restormer,Cosine,0.9921971133777073
vari-grip/bird-nest/10-06-2021_DJI_0271_658_6,Restormer,Cosine,0.998399555683136
vari-grip/bird-nest/10-06-2021_DJI_0271_658_8,Restormer,Cosine,0.9972858684403556
vari-grip/bird-nest/11-06-2021_DJI_0121_4_1,Restormer,Cosine,0.9978045225143433
vari-grip/bird-nest/11-06-2021_DJI_0121_4_4,Restormer,Cosine,0.9952623418399266
vari-grip/bird-nest/11-06-2021_DJI_0121_4_5,Restormer,Cosine,0.9847671815327236
vari-grip/bird-nest/11-06-2021_DJI_0132_6_0,Restormer,Cosine,0.9981593489646912
vari-grip/bird-nest/11-06-2021_DJI_0132_6_6,Restormer,Cosine,0.9956744994435992
vari-grip/bird-nest/15-06-2021_DJI_0044_726,Restormer,Cosine,0.9996416994503566
vari-grip/bird-nest/15-06-2021_DJI_0044_726_6,Restormer,Cosine,0.9780784675053188
vari-grip/bird-nest/Fotos 02-12-2020_DJI_0492_vari_grip_56_4,Restormer,Cosine,0.9974636009761265
vari-grip/bird-nest/Fotos 02-12-2020_DJI_0492_vari_grip_57_0,Restormer,Cosine,0.9994600330080304
vari-grip/bird-nest/Fotos 02-12-2020_DJI_0492_vari_grip_57_4,Restormer,Cosine,0.9947847383362907
vari-grip/bird-nest/Fotos 17-11-2020_DJI_0289_vari_grip_478,Restormer,Cosine,0.9952357070786613
vari-grip/bird-nest/Fotos 17-11-2020_DJI_0303_vari_grip_479_0,Restormer,Cosine,0.968849241733551
vari-grip/bird-nest/Fotos 17-11-2020_DJI_0304_vari_grip_480,Restormer,Cosine,0.9865917222840446
vari-grip/bird-nest/Fotos 18-11-2020_DJI_0209_vari_grip_530_0,Restormer,Cosine,0.9974180119378226
vari-grip/bird-nest/Fotos 18-11-2020_DJI_0209_vari_grip_530_3,Restormer,Cosine,0.9849623952593122
vari-grip/bird-nest/Fotos 19-11-2020_DJI_0140_vari_grip_571_3,Restormer,Cosine,0.9834864905902317
vari-grip/bird-nest/Fotos 19-11-2020_DJI_0140_vari_grip_571_7,Restormer,Cosine,0.9912495953696114
vari-grip/bird-nest/Fotos 19-11-2020_DJI_0149_vari_grip_573_0,Restormer,Cosine,0.9383405276707241
vari-grip/bird-nest/Fotos 19-11-2020_DJI_0149_vari_grip_573_4,Restormer,Cosine,0.8815894339765821
vari-grip/bird-nest/Fotos 19-11-2020_DJI_0149_vari_grip_573_6,Restormer,Cosine,0.9044409564563206
vari-grip/bird-nest/Fotos 19-11-2020_DJI_0150_vari_grip_574_0,Restormer,Cosine,0.990645272391183
vari-grip/bird-nest/Fotos 19-11-2020_DJI_0150_vari_grip_575_1,Restormer,Cosine,0.9193029446261269
vari-grip/bird-nest/Fotos 19-11-2020_DJI_0150_vari_grip_575_2,Restormer,Cosine,0.9854036484445844
vari-grip/bird-nest/Fotos 19-11-2020_DJI_0151_vari_grip_577_2,Restormer,Cosine,0.9933779750551496
vari-grip/bird-nest/Fotos 19-11-2020_DJI_0151_vari_grip_577_3,Restormer,Cosine,0.9887206724711827
vari-grip/bird-nest/Fotos 19-11-2020_DJI_0151_vari_grip_577_4,Restormer,Cosine,0.9887823632785252
vari-grip/bird-nest/Fotos 20-11-2020_DJI_0210_vari_grip_683_2,Restormer,Cosine,0.7389288060367107
vari-grip/bird-nest/Fotos 20-11-2020_DJI_0210_vari_grip_683_7,Restormer,Cosine,0.998268016747066
vari-grip/bird-nest/Fotos 23-11-2020_DJI_0279_vari_grip_768_0,Restormer,Cosine,0.9988112960542951
vari-grip/bird-nest/Fotos 23-11-2020_DJI_0279_vari_grip_768_2,Restormer,Cosine,0.9797580412455967
vari-grip/bird-nest/Fotos 25-11-2020_DJI_0207_vari_grip_861_0,Restormer,Cosine,0.9974052395139422
vari-grip/bird-nest/Fotos 25-11-2020_DJI_0207_vari_grip_861_6,Restormer,Cosine,0.9975716386522565
vari-grip/bird-nest/Fotos 25-11-2020_DJI_0563_vari_grip_841_0,Restormer,Cosine,0.9929080264908927
vari-grip/bird-nest/Fotos 25-11-2020_DJI_0563_vari_grip_841_2,Restormer,Cosine,0.997258220400129
vari-grip/bird-nest/Fotos 25-11-2020_DJI_0563_vari_grip_841_4,Restormer,Cosine,0.9951272436550685
vari-grip/bird-nest/Fotos 25-11-2020_DJI_0563_vari_grip_841_7,Restormer,Cosine,0.9939884287970406
vari-grip/bird-nest/Fotos 25-11-2020_DJI_0564_vari_grip_843,Restormer,Cosine,0.9790959869112287
vari-grip/bird-nest/Fotos 25-11-2020_DJI_0564_vari_grip_843_1,Restormer,Cosine,0.9739413091114589
vari-grip/bird-nest/Fotos 25-11-2020_DJI_0564_vari_grip_843_2,Restormer,Cosine,0.9851491280964443
vari-grip/bird-nest/Fotos 25-11-2020_DJI_0564_vari_grip_844,Restormer,Cosine,0.9971873845372882
vari-grip/bird-nest/Fotos 25-11-2020_DJI_0564_vari_grip_844_4,Restormer,Cosine,0.91778678553445
vari-grip/bird-nest/Fotos 25-11-2020_DJI_0564_vari_grip_844_7,Restormer,Cosine,0.9970533847808838
vari-grip/bird-nest/Fotos 25-11-2020_DJI_0564_vari_grip_844_8,Restormer,Cosine,0.9929244092532566
vari-grip/bird-nest/Fotos 25-11-2020_DJI_0586_vari_grip_845,Restormer,Cosine,0.9994206002780369
vari-grip/bird-nest/Fotos 25-11-2020_DJI_0586_vari_grip_845_2,Restormer,Cosine,0.9767830882753644
vari-grip/bird-nest/Fotos 25-11-2020_DJI_0586_vari_grip_845_7,Restormer,Cosine,0.9210660244737353
vari-grip/bird-nest/Fotos 25-11-2020_DJI_0586_vari_grip_845_8,Restormer,Cosine,0.9976698245321002
vari-grip/bird-nest/Fotos 25-11-2020_DJI_0586_vari_grip_846,Restormer,Cosine,0.999769789831979
vari-grip/bird-nest/Fotos 25-11-2020_DJI_0586_vari_grip_846_3,Restormer,Cosine,0.9891588176999774
vari-grip/bird-nest/Fotos 25-11-2020_DJI_0586_vari_grip_846_4,Restormer,Cosine,0.9993901082447597
vari-grip/bird-nest/Fotos 25-11-2020_DJI_0588_vari_grip_847_1,Restormer,Cosine,0.9622247815132141
vari-grip/bird-nest/Fotos 25-11-2020_DJI_0588_vari_grip_847_8,Restormer,Cosine,0.9978739448956081
vari-grip/bird-nest/Fotos 26-11-2020_DJI_0214_vari_grip_906_1,Restormer,Cosine,0.9815552490098136
vari-grip/bird-nest/Fotos 26-11-2020_DJI_0214_vari_grip_907,Restormer,Cosine,0.9841057573046003
vari-grip/bird-nest/Fotos 26-11-2020_DJI_0215_vari_grip_908_3,Restormer,Cosine,0.9949019721576146
vari-grip/bird-nest/Fotos 26-11-2020_DJI_0262_vari_grip_910,Restormer,Cosine,0.992942316191537
vari-grip/bird-nest/Fotos 26-11-2020_DJI_0262_vari_grip_911,Restormer,Cosine,0.9855947579656329
vari-grip/bird-nest/Fotos 27-11-2020_DJI_0491_vari_grip_933_1,Restormer,Cosine,0.9722673892974854
vari-grip/bird-nest/Fotos 27-11-2020_DJI_0491_vari_grip_933_4,Restormer,Cosine,0.977830878325871
vari-grip/bird-nest/Fotos 27-11-2020_DJI_0491_vari_grip_933_8,Restormer,Cosine,0.9905272722244263
vari-grip/bird-nest/Fotos 27-11-2020_DJI_0566_vari_grip_924_6,Restormer,Cosine,0.9200481261525836
vari-grip/bird-nest/Fotos 27-11-2020_DJI_0566_vari_grip_925,Restormer,Cosine,0.9733184746333531
vari-grip/bird-nest/Fotos 27-11-2020_DJI_0566_vari_grip_925_2,Restormer,Cosine,0.9256531170436314
vari-grip/bird-nest/Fotos 27-11-2020_DJI_0566_vari_grip_925_3,Restormer,Cosine,0.8966778942516872
vari-grip/bird-nest/Fotos 27-11-2020_DJI_0566_vari_grip_925_6,Restormer,Cosine,0.9245496307100568
vari-grip/good/Fotos 01-12-2020_DJI_0079_vari_grip_51,Restormer,Cosine,0.9997245243617466
vari-grip/good/Fotos 01-12-2020_DJI_0140_vari_grip_47,Restormer,Cosine,0.992150332246508
vari-grip/good/Fotos 01-12-2020_DJI_0199_vari_grip_41,Restormer,Cosine,0.9996311749730792
vari-grip/good/Fotos 01-12-2020_DJI_0342_vari_grip_32,Restormer,Cosine,0.9989375982965741
vari-grip/good/Fotos 01-12-2020_DJI_0402_vari_grip_29,Restormer,Cosine,0.9993938207626343
vari-grip/good/Fotos 01-12-2020_DJI_0457_vari_grip_24,Restormer,Cosine,0.9939957431384495
vari-grip/good/Fotos 01-12-2020_DJI_0457_vari_grip_25,Restormer,Cosine,0.9942330632890973
vari-grip/good/Fotos 02-12-2020_DJI_0020_vari_grip_94,Restormer,Cosine,0.9993413175855365
vari-grip/good/Fotos 02-12-2020_DJI_0132_vari_grip_88,Restormer,Cosine,0.9998954108783177
vari-grip/good/Fotos 02-12-2020_DJI_0194_vari_grip_84,Restormer,Cosine,0.9995118805340358
vari-grip/good/Fotos 02-12-2020_DJI_0367_vari_grip_65,Restormer,Cosine,0.9969650336674282
vari-grip/good/Fotos 02-12-2020_DJI_0368_vari_grip_67,Restormer,Cosine,0.9998629433768136
vari-grip/good/Fotos 02-12-2020_DJI_0374_vari_grip_71,Restormer,Cosine,0.9719259909221104
vari-grip/good/Fotos 02-12-2020_DJI_0427_vari_grip_61,Restormer,Cosine,0.9999225309916905
vari-grip/good/Fotos 03-12-2020_DJI_0149_vari_grip_126,Restormer,Cosine,0.9998470544815063
vari-grip/good/Fotos 03-12-2020_DJI_0150_vari_grip_128,Restormer,Cosine,0.9997918605804443
vari-grip/good/Fotos 03-12-2020_DJI_0457_vari_grip_110,Restormer,Cosine,0.9910855208124433
vari-grip/good/Fotos 03-12-2020_DJI_0561_vari_grip_100,Restormer,Cosine,0.999736487865448
vari-grip/good/Fotos 04-12-2020_DJI_0762_vari_grip_164,Restormer,Cosine,0.9997101937021527
vari-grip/good/Fotos 04-12-2020_DJI_0806_vari_grip_160,Restormer,Cosine,0.9999289768082755
vari-grip/good/Fotos 04-12-2020_DJI_0902_vari_grip_149,Restormer,Cosine,0.9998704620770046
vari-grip/good/Fotos 04-12-2020_DJI_0950_vari_grip_142,Restormer,Cosine,0.9998357551438468
vari-grip/good/Fotos 04-12-2020_DJI_0951_vari_grip_145,Restormer,Cosine,0.9993299245834351
vari-grip/good/Fotos 04-12-2020_DJI_0954_vari_grip_146,Restormer,Cosine,0.9823607972690037
vari-grip/good/Fotos 04-12-2020_DJI_1000 (2)_vari_grip_141,Restormer,Cosine,0.9054537330354963
vari-grip/good/Fotos 07-12-2020_DJI_0059_vari_grip_192,Restormer,Cosine,0.9999368446213859
vari-grip/good/Fotos 07-12-2020_DJI_0140_vari_grip_183,Restormer,Cosine,0.9095551201275417
vari-grip/good/Fotos 07-12-2020_DJI_0141_vari_grip_185,Restormer,Cosine,0.9861269167491368
vari-grip/good/Fotos 07-12-2020_DJI_0155_vari_grip_186,Restormer,Cosine,0.996188725743975
vari-grip/good/Fotos 07-12-2020_DJI_0187_vari_grip_179,Restormer,Cosine,0.9930444955825806
vari-grip/good/Fotos 08-12-2020_DJI_0452_vari_grip_225,Restormer,Cosine,0.9995154908725193
vari-grip/good/Fotos 08-12-2020_DJI_0455_vari_grip_229,Restormer,Cosine,0.806383775813239
vari-grip/good/Fotos 08-12-2020_DJI_0538_vari_grip_218,Restormer,Cosine,0.9391565493174961
vari-grip/good/Fotos 08-12-2020_DJI_0613_vari_grip_208,Restormer,Cosine,0.9991934554917472
vari-grip/good/Fotos 08-12-2020_DJI_0652_vari_grip_204,Restormer,Cosine,0.9934415817260742
vari-grip/good/Fotos 09-12-2020_DJI_0017_vari_grip_269,Restormer,Cosine,0.9987986854144505
vari-grip/good/Fotos 09-12-2020_DJI_0018_vari_grip_271,Restormer,Cosine,0.9879940237317767
vari-grip/good/Fotos 09-12-2020_DJI_0056_vari_grip_263,Restormer,Cosine,0.9998954279082162
vari-grip/good/Fotos 09-12-2020_DJI_0102_vari_grip_261,Restormer,Cosine,0.9998858571052551
vari-grip/good/Fotos 09-12-2020_DJI_0143_vari_grip_249,Restormer,Cosine,0.9999221307890755
vari-grip/good/Fotos 09-12-2020_DJI_0144_vari_grip_252,Restormer,Cosine,0.9997148598943438
vari-grip/good/Fotos 09-12-2020_DJI_0310_vari_grip_238,Restormer,Cosine,0.9985591428620475
vari-grip/good/Fotos 09-12-2020_DJI_0348_vari_grip_233,Restormer,Cosine,0.9709439277648926
vari-grip/good/Fotos 10-12-2020_DJI_0020_vari_grip_327,Restormer,Cosine,0.9901175328663417
vari-grip/good/Fotos 10-12-2020_DJI_0024_vari_grip_332,Restormer,Cosine,0.9323640210287911
vari-grip/good/Fotos 10-12-2020_DJI_0101_vari_grip_312,Restormer,Cosine,0.9988276873316083
vari-grip/good/Fotos 10-12-2020_DJI_0140_vari_grip_300,Restormer,Cosine,0.9999499320983887
vari-grip/good/Fotos 10-12-2020_DJI_0182_vari_grip_295,Restormer,Cosine,0.9985757640429905
vari-grip/good/Fotos 10-12-2020_DJI_0182_vari_grip_296,Restormer,Cosine,0.999870879309518
vari-grip/good/Fotos 10-12-2020_DJI_0184_vari_grip_299,Restormer,Cosine,0.9967426572527204
vari-grip/good/Fotos 10-12-2020_DJI_0258_vari_grip_282,Restormer,Cosine,0.9999693546976361
vari-grip/good/Fotos 10-12-2020_DJI_0259_vari_grip_283,Restormer,Cosine,0.9876715455736432
vari-grip/good/Fotos 10-12-2020_DJI_0262_vari_grip_285,Restormer,Cosine,0.80736243724823
vari-grip/good/Fotos 11-12-2020_DJI_0055_vari_grip_379,Restormer,Cosine,0.9964044604982648
vari-grip/good/Fotos 11-12-2020_DJI_0290_vari_grip_346,Restormer,Cosine,0.8939324574811118
vari-grip/good/Fotos 14-12-2020_DJI_0433_vari_grip_399,Restormer,Cosine,0.9635442580495562
vari-grip/good/Fotos 14-12-2020_DJI_0624_vari_grip_392,Restormer,Cosine,0.9358652659824916
vari-grip/good/Fotos 16-11-2020_DJI_0110_vari_grip_439,Restormer,Cosine,0.995940455368587
vari-grip/good/Fotos 16-11-2020_DJI_0153_vari_grip_434,Restormer,Cosine,0.9982541033199855
vari-grip/good/Fotos 16-11-2020_DJI_0157_vari_grip_438,Restormer,Cosine,0.9988560591425214
vari-grip/good/Fotos 16-12-2020_DJI_0034_vari_grip_475,Restormer,Cosine,0.9901787979262215
vari-grip/good/Fotos 16-12-2020_DJI_0188_vari_grip_464,Restormer,Cosine,0.9989906294005257
vari-grip/good/Fotos 16-12-2020_DJI_0404_vari_grip_450,Restormer,Cosine,0.8366126311676843
vari-grip/good/Fotos 17-11-2020_DJI_0106_vari_grip_493,Restormer,Cosine,0.9588116237095424
vari-grip/good/Fotos 17-11-2020_DJI_0120_vari_grip_496,Restormer,Cosine,0.9816773874419076
vari-grip/good/Fotos 17-11-2020_DJI_0121_vari_grip_497,Restormer,Cosine,0.9970757109778268
vari-grip/good/Fotos 17-11-2020_DJI_0206_vari_grip_491,Restormer,Cosine,0.9954801542418343
vari-grip/good/Fotos 17-12-2020_DJI_0168_vari_grip_514,Restormer,Cosine,0.999116131237575
vari-grip/good/Fotos 18-11-2020_DJI_0070_vari_grip_548,Restormer,Cosine,0.9945851394108364
vari-grip/good/Fotos 18-11-2020_DJI_0109_vari_grip_546,Restormer,Cosine,0.9979827404022217
vari-grip/good/Fotos 18-11-2020_DJI_0137_vari_grip_541,Restormer,Cosine,0.9991840549877712
vari-grip/good/Fotos 18-11-2020_DJI_0246_vari_grip_528,Restormer,Cosine,0.9997775384357998
vari-grip/good/Fotos 19-10-2020_DJI_0045_vari_grip_4,Restormer,Cosine,0.9815471938678196
vari-grip/good/Fotos 19-10-2020_DJI_0046_vari_grip_6,Restormer,Cosine,0.968863708632333
vari-grip/good/Fotos 19-10-2020_DJI_0046_vari_grip_7,Restormer,Cosine,0.8764112378869738
vari-grip/good/Fotos 19-10-2020_DJI_0083_vari_grip_15,Restormer,Cosine,0.9988400765827724
vari-grip/good/Fotos 19-10-2020_DJI_0084_vari_grip_16,Restormer,Cosine,0.998134434223175
vari-grip/good/Fotos 19-11-2020_DJI_0119_vari_grip_578,Restormer,Cosine,0.9981770174843925
vari-grip/good/Fotos 19-11-2020_DJI_0199_vari_grip_562,Restormer,Cosine,0.9900285771914891
vari-grip/good/Fotos 19-11-2020_DJI_0236_vari_grip_561,Restormer,Cosine,0.9867165684700012
vari-grip/good/Fotos 20-10-2020_DJI_0201_vari_grip_613,Restormer,Cosine,0.9998642376491002
vari-grip/good/Fotos 20-10-2020_DJI_0205_vari_grip_620,Restormer,Cosine,0.9956287486212594
vari-grip/good/Fotos 20-10-2020_DJI_0211_vari_grip_633,Restormer,Cosine,0.9867157936096191
vari-grip/good/Fotos 20-10-2020_DJI_0238_vari_grip_641,Restormer,Cosine,0.9953453370503017
vari-grip/good/Fotos 20-10-2020_DJI_0243_vari_grip_648,Restormer,Cosine,0.9994355525289264
vari-grip/good/Fotos 20-10-2020_DJI_0244_vari_grip_651,Restormer,Cosine,0.9922040786061969
vari-grip/good/Fotos 20-10-2020_DJI_0245_vari_grip_653,Restormer,Cosine,0.998280942440033
vari-grip/good/Fotos 20-10-2020_DJI_0255_vari_grip_658,Restormer,Cosine,0.9991462230682373
vari-grip/good/Fotos 20-10-2020_DJI_0255_vari_grip_659,Restormer,Cosine,0.9986404776573181
vari-grip/good/Fotos 20-10-2020_DJI_0256_vari_grip_660,Restormer,Cosine,0.9975841471127102
vari-grip/good/Fotos 20-10-2020_DJI_0265_vari_grip_586,Restormer,Cosine,0.9983527064323425
vari-grip/good/Fotos 20-10-2020_DJI_0268_vari_grip_589,Restormer,Cosine,0.9994110635348729
vari-grip/good/Fotos 20-10-2020_DJI_0282_vari_grip_590,Restormer,Cosine,0.9959199173109872
vari-grip/good/Fotos 20-11-2020_DJI_0144_vari_grip_697,Restormer,Cosine,0.9878738692828587
vari-grip/good/Fotos 20-11-2020_DJI_0171_vari_grip_687,Restormer,Cosine,0.8172568338257926
vari-grip/good/Fotos 20-11-2020_DJI_0172_vari_grip_689,Restormer,Cosine,0.9777243222509112
vari-grip/good/Fotos 20-11-2020_DJI_0275_vari_grip_672,Restormer,Cosine,0.9993613192013332
vari-grip/good/Fotos 22-10-2020_DJI_0858_vari_grip_718,Restormer,Cosine,0.9924357788903373
vari-grip/good/Fotos 22-10-2020_DJI_0864_vari_grip_724,Restormer,Cosine,0.9980985522270203
vari-grip/good/Fotos 22-10-2020_DJI_0864_vari_grip_725,Restormer,Cosine,0.9298475725310189
vari-grip/good/Fotos 22-10-2020_DJI_0880_vari_grip_734,Restormer,Cosine,0.9937206421579633
vari-grip/good/Fotos 23-11-2020_DJI_0143_vari_grip_783,Restormer,Cosine,0.9862109933580671
vari-grip/good/Fotos 23-11-2020_DJI_0177_vari_grip_782,Restormer,Cosine,0.9999452318464007
vari-grip/good/Fotos 23-11-2020_DJI_0209_vari_grip_777,Restormer,Cosine,0.9505891374179295
vari-grip/good/Fotos 24-11-2020_DJI_0101_vari_grip_837,Restormer,Cosine,0.9893592766353062
vari-grip/good/Fotos 24-11-2020_DJI_0243_vari_grip_827,Restormer,Cosine,0.8257099704018661
vari-grip/good/Fotos 24-11-2020_DJI_0244_vari_grip_830,Restormer,Cosine,0.8932735919952393
vari-grip/good/Fotos 25-11-2020_DJI_0208_vari_grip_862,Restormer,Cosine,0.9965942416872297
vari-grip/good/Fotos 26-11-2020_DJI_0213_vari_grip_904,Restormer,Cosine,0.9436813422611782
vari-grip/good/Fotos 26-11-2020_DJI_0213_vari_grip_905,Restormer,Cosine,0.9960330554417202
vari-grip/good/Fotos 27-11-2020_DJI_0421_vari_grip_934,Restormer,Cosine,0.9853307519640241
vari-grip/good/Fotos 27-11-2020_DJI_0421_vari_grip_935,Restormer,Cosine,0.9644617523465838
vari-grip/good/Fotos 27-11-2020_DJI_0422_vari_grip_937,Restormer,Cosine,0.9820271304675511
vari-grip/good/Fotos 30-11-2020_DJI_0033_vari_grip_1007,Restormer,Cosine,0.9877424665859768
vari-grip/good/Fotos 30-11-2020_DJI_0193_vari_grip_996,Restormer,Cosine,0.9900326813970294
vari-grip/good/Fotos 30-11-2020_DJI_0437_vari_grip_975,Restormer,Cosine,0.9990589107785907
vari-grip/good/Fotos 30-11-2020_DJI_0438_vari_grip_976,Restormer,Cosine,0.9994304265294757
vari-grip/good/Fotos 30-11-2020_DJI_0501_vari_grip_969,Restormer,Cosine,0.9998711092131478
vari-grip/good/Fotos 30-11-2020_DJI_0561_vari_grip_964,Restormer,Cosine,0.9990155271121434
vari-grip/rust/01-06-2021_DJI_0030_6_0,Restormer,Cosine,0.9064109240259443
vari-grip/rust/01-06-2021_DJI_0030_6_7,Restormer,Cosine,0.8186580389738083
vari-grip/rust/01-06-2021_DJI_0146_39_2,Restormer,Cosine,0.7380931888307843
vari-grip/rust/01-06-2021_DJI_0146_39_6,Restormer,Cosine,0.7528348426733699
vari-grip/rust/01-06-2021_DJI_0146_40_0,Restormer,Cosine,0.9665894423212323
vari-grip/rust/01-06-2021_DJI_0162_46_6,Restormer,Cosine,0.9988706111907959
vari-grip/rust/02-06-2021_DJI_0359_261_8,Restormer,Cosine,0.9625495842524937
vari-grip/rust/08-06-2021_DJI_0385_421_2,Restormer,Cosine,0.9624280418668475
vari-grip/rust/08-06-2021_DJI_0385_421_4,Restormer,Cosine,0.9688713720866612
vari-grip/rust/08-06-2021_DJI_0385_421_6,Restormer,Cosine,0.9821764486176627
vari-grip/rust/08-06-2021_DJI_0385_422,Restormer,Cosine,0.9220564961433411
vari-grip/rust/08-06-2021_DJI_0385_422_0,Restormer,Cosine,0.7420924476214817
vari-grip/rust/08-06-2021_DJI_0385_422_5,Restormer,Cosine,0.9861488086836678
vari-grip/rust/09-06-2021_DJI_0466_568,Restormer,Cosine,0.9987567067146301
vari-grip/rust/09-06-2021_DJI_0466_568_6,Restormer,Cosine,0.9983663133212498
vari-grip/rust/09-06-2021_DJI_0467_570_2,Restormer,Cosine,0.9852270228522164
vari-grip/rust/09-06-2021_DJI_0467_570_4,Restormer,Cosine,0.9860150814056396
vari-grip/rust/10-06-2021_DJI_0018_611,Restormer,Cosine,0.9915811334337506
vari-grip/rust/10-06-2021_DJI_0018_611_1,Restormer,Cosine,0.985843334879194
vari-grip/rust/10-06-2021_DJI_0018_611_7,Restormer,Cosine,0.9969694358961922
vari-grip/rust/10-06-2021_DJI_0019_613_5,Restormer,Cosine,0.991214394569397
vari-grip/rust/11-06-2021_DJI_0479_11_6,Restormer,Cosine,0.984944224357605
vari-grip/rust/11-06-2021_DJI_0479_11_7,Restormer,Cosine,0.9768220611980983
vari-grip/rust/11-06-2021_DJI_0479_11_8,Restormer,Cosine,0.9589015586035592
vari-grip/rust/15-06-2021_DJI_0118_741,Restormer,Cosine,0.8991473657744271
vari-grip/rust/Fotos 23-10-2020_DJI_0029_vari_grip_745_7,Restormer,Cosine,0.986137866973877
vari-grip/rust/Fotos 23-10-2020_DJI_0031_vari_grip_748_0,Restormer,Cosine,0.9791687641824994
vari-grip/rust/Fotos 23-10-2020_DJI_0031_vari_grip_748_7,Restormer,Cosine,0.9660398960113525
vari-grip/rust/Fotos 23-10-2020_DJI_0032_vari_grip_750,Restormer,Cosine,0.9914860555103847
vari-grip/rust/Fotos 23-10-2020_DJI_0032_vari_grip_750_3,Restormer,Cosine,0.9630514894212995
vari-grip/rust/Fotos 23-10-2020_DJI_0034_vari_grip_751_0,Restormer,Cosine,0.9970022695405143
vari-grip/rust/Fotos 23-10-2020_DJI_0034_vari_grip_752,Restormer,Cosine,0.9926150866917202
vari-grip/rust/Fotos 23-10-2020_DJI_0034_vari_grip_752_7,Restormer,Cosine,0.9775519115584237
vari-grip/rust/Fotos 23-10-2020_DJI_0035_vari_grip_753_4,Restormer,Cosine,0.9972895043236869
vari-grip/rust/Fotos 23-10-2020_DJI_0035_vari_grip_753_5,Restormer,Cosine,0.9967201692717416
vari-grip/rust/Fotos 23-10-2020_DJI_0038_vari_grip_756_1,Restormer,Cosine,0.9673600452286857
vari-grip/rust/Fotos 23-10-2020_DJI_0038_vari_grip_756_4,Restormer,Cosine,0.9972513573510307
vari-grip/rust/Fotos 23-10-2020_DJI_0041_vari_grip_757,Restormer,Cosine,0.9324853420257568
vari-grip/rust/Fotos 23-10-2020_DJI_0043_vari_grip_759,Restormer,Cosine,0.9873137218611581
vari-grip/rust/Fotos 23-10-2020_DJI_0043_vari_grip_760_5,Restormer,Cosine,0.9354840006147113
vari-grip/rust/Fotos 23-10-2020_DJI_0043_vari_grip_760_8,Restormer,Cosine,0.8474863597324916
vari-grip/rust/Fotos 23-10-2020_DJI_0047_vari_grip_763_6,Restormer,Cosine,0.9965560351099286
vari-grip/rust/Fotos 23-10-2020_DJI_0047_vari_grip_764_0,Restormer,Cosine,0.740586153098515
vari-grip/rust/Fotos 23-10-2020_DJI_0047_vari_grip_764_1,Restormer,Cosine,0.9832675116402763
vari-grip/rust/Fotos 23-10-2020_DJI_0047_vari_grip_764_3,Restormer,Cosine,0.9476999640464783
vari-grip/rust/Fotos 23-10-2020_DJI_0047_vari_grip_764_5,Restormer,Cosine,0.9833945291382926
vari-grip/rust/Fotos 23-10-2020_DJI_0048_vari_grip_765,Restormer,Cosine,0.9962501866476876
vari-grip/rust/Fotos 23-10-2020_DJI_0065_vari_grip_736,Restormer,Cosine,0.998155551297324
vari-grip/rust/Fotos 23-10-2020_DJI_0065_vari_grip_736_0,Restormer,Cosine,0.9930192232131958
vari-grip/rust/Fotos 23-10-2020_DJI_0065_vari_grip_736_5,Restormer,Cosine,0.9953253780092511
vari-grip/rust/Fotos 23-10-2020_DJI_0072_vari_grip_737_3,Restormer,Cosine,0.9907751764569964
vari-grip/rust/Fotos 23-10-2020_DJI_0072_vari_grip_737_4,Restormer,Cosine,0.99391051701137
vari-grip/rust/Fotos 23-10-2020_DJI_0072_vari_grip_737_6,Restormer,Cosine,0.9955431733812604
vari-grip/rust/Fotos 23-10-2020_DJI_0072_vari_grip_737_8,Restormer,Cosine,0.9915903040340969
vari-grip/rust/Fotos 23-10-2020_DJI_0073_vari_grip_738_1,Restormer,Cosine,0.998949476650783
vari-grip/rust/Fotos 23-10-2020_DJI_0073_vari_grip_738_2,Restormer,Cosine,0.9989978075027466
vari-grip/rust/Fotos 23-10-2020_DJI_0074_vari_grip_739_0,Restormer,Cosine,0.9973346420696804
vari-grip/rust/Fotos 23-10-2020_DJI_0074_vari_grip_739_3,Restormer,Cosine,0.9960998977933612
vari-grip/rust/Fotos 23-10-2020_DJI_0113_vari_grip_743_4,Restormer,Cosine,0.9090560717242104
vari-grip/rust/Fotos 23-10-2020_DJI_0114_vari_grip_744_1,Restormer,Cosine,0.9884629590170724
vari-grip/rust/Fotos 23-10-2020_DJI_0114_vari_grip_744_7,Restormer,Cosine,0.9892343197550092
vari-grip/rust/Fotos 23-10-2020_DJI_0114_vari_grip_744_8,Restormer,Cosine,0.9964854802404132
vari-grip/bird-nest/08-06-2021_DJI_0089_322,Restormer,Margin,-0.006598174571990967
vari-grip/bird-nest/08-06-2021_DJI_0089_322_3,Restormer,Margin,0.009413591453007289
vari-grip/bird-nest/08-06-2021_DJI_0285_392,Restormer,Margin,0.022465322698865618
vari-grip/bird-nest/10-06-2021_DJI_0244_649_2,Restormer,Margin,-0.0032854080200195312
vari-grip/bird-nest/10-06-2021_DJI_0270_657_5,Restormer,Margin,-0.020960101059504917
vari-grip/bird-nest/10-06-2021_DJI_0270_657_7,Restormer,Margin,-0.027365922927856445
vari-grip/bird-nest/10-06-2021_DJI_0271_658_1,Restormer,Margin,-0.002069669110434396
vari-grip/bird-nest/10-06-2021_DJI_0271_658_2,Restormer,Margin,-0.0072233932358878
vari-grip/bird-nest/10-06-2021_DJI_0271_658_6,Restormer,Margin,-0.0013643418039594377
vari-grip/bird-nest/10-06-2021_DJI_0271_658_8,Restormer,Margin,-0.002200348036629813
vari-grip/bird-nest/11-06-2021_DJI_0121_4_1,Restormer,Margin,-0.001596416745867048
vari-grip/bird-nest/11-06-2021_DJI_0121_4_4,Restormer,Margin,-0.00252784149987357
vari-grip/bird-nest/11-06-2021_DJI_0121_4_5,Restormer,Margin,-0.014263110501425607
vari-grip/bird-nest/11-06-2021_DJI_0132_6_0,Restormer,Margin,0.0007536326135907855
vari-grip/bird-nest/11-06-2021_DJI_0132_6_6,Restormer,Margin,-0.0009401525769914899
vari-grip/bird-nest/15-06-2021_DJI_0044_726,Restormer,Margin,0.00020304747990199497
vari-grip/bird-nest/15-06-2021_DJI_0044_726_6,Restormer,Margin,-0.01679194825036185
vari-grip/bird-nest/Fotos 02-12-2020_DJI_0492_vari_grip_56_4,Restormer,Margin,-0.0018861464091709682
vari-grip/bird-nest/Fotos 02-12-2020_DJI_0492_vari_grip_57_0,Restormer,Margin,-0.0001782604626246861
vari-grip/bird-nest/Fotos 02-12-2020_DJI_0492_vari_grip_57_4,Restormer,Margin,-0.004584227289472308
vari-grip/bird-nest/Fotos 17-11-2020_DJI_0289_vari_grip_478,Restormer,Margin,-0.0034828356334141324
vari-grip/bird-nest/Fotos 17-11-2020_DJI_0303_vari_grip_479_0,Restormer,Margin,-0.017125138214656284
vari-grip/bird-nest/Fotos 17-11-2020_DJI_0304_vari_grip_480,Restormer,Margin,-0.011617933000837053
vari-grip/bird-nest/Fotos 18-11-2020_DJI_0209_vari_grip_530_0,Restormer,Margin,-0.0015980005264282227
vari-grip/bird-nest/Fotos 18-11-2020_DJI_0209_vari_grip_530_3,Restormer,Margin,-0.008829091276441301
vari-grip/bird-nest/Fotos 19-11-2020_DJI_0140_vari_grip_571_3,Restormer,Margin,-0.009901429925646101
vari-grip/bird-nest/Fotos 19-11-2020_DJI_0140_vari_grip_571_7,Restormer,Margin,-0.007180775914873395
vari-grip/bird-nest/Fotos 19-11-2020_DJI_0149_vari_grip_573_0,Restormer,Margin,-0.05505906684058053
vari-grip/bird-nest/Fotos 19-11-2020_DJI_0149_vari_grip_573_4,Restormer,Margin,-0.10894501635006495
vari-grip/bird-nest/Fotos 19-11-2020_DJI_0149_vari_grip_573_6,Restormer,Margin,-0.07337115492139544
vari-grip/bird-nest/Fotos 19-11-2020_DJI_0150_vari_grip_574_0,Restormer,Margin,-0.006535998412540981
vari-grip/bird-nest/Fotos 19-11-2020_DJI_0150_vari_grip_575_1,Restormer,Margin,-0.07502896870885577
vari-grip/bird-nest/Fotos 19-11-2020_DJI_0150_vari_grip_575_2,Restormer,Margin,-0.008851919855390276
vari-grip/bird-nest/Fotos 19-11-2020_DJI_0151_vari_grip_577_2,Restormer,Margin,7.44802611214774e-05
vari-grip/bird-nest/Fotos 19-11-2020_DJI_0151_vari_grip_577_3,Restormer,Margin,0.003100224903651646
vari-grip/bird-nest/Fotos 19-11-2020_DJI_0151_vari_grip_577_4,Restormer,Margin,-0.00517524140221732
vari-grip/bird-nest/Fotos 20-11-2020_DJI_0210_vari_grip_683_2,Restormer,Margin,-0.2127002025289195
vari-grip/bird-nest/Fotos 20-11-2020_DJI_0210_vari_grip_683_7,Restormer,Margin,0.001091326986040388
vari-grip/bird-nest/Fotos 23-11-2020_DJI_0279_vari_grip_768_0,Restormer,Margin,0.0006639787128993443
vari-grip/bird-nest/Fotos 23-11-2020_DJI_0279_vari_grip_768_2,Restormer,Margin,-0.018242129257747104
vari-grip/bird-nest/Fotos 25-11-2020_DJI_0207_vari_grip_861_0,Restormer,Margin,-0.0011754461697169713
vari-grip/bird-nest/Fotos 25-11-2020_DJI_0207_vari_grip_861_6,Restormer,Margin,0.0019437074661254883
vari-grip/bird-nest/Fotos 25-11-2020_DJI_0563_vari_grip_841_0,Restormer,Margin,-0.005840156759534564
vari-grip/bird-nest/Fotos 25-11-2020_DJI_0563_vari_grip_841_2,Restormer,Margin,-0.0014771648815699986
vari-grip/bird-nest/Fotos 25-11-2020_DJI_0563_vari_grip_841_4,Restormer,Margin,-0.0030787416866847445
vari-grip/bird-nest/Fotos 25-11-2020_DJI_0563_vari_grip_841_7,Restormer,Margin,-0.004817868982042585
vari-grip/bird-nest/Fotos 25-11-2020_DJI_0564_vari_grip_843,Restormer,Margin,-0.016307524272373745
vari-grip/bird-nest/Fotos 25-11-2020_DJI_0564_vari_grip_843_1,Restormer,Margin,-0.02353215217590332
vari-grip/bird-nest/Fotos 25-11-2020_DJI_0564_vari_grip_843_2,Restormer,Margin,-0.011689611843654088
vari-grip/bird-nest/Fotos 25-11-2020_DJI_0564_vari_grip_844,Restormer,Margin,0.005170975412641253
vari-grip/bird-nest/Fotos 25-11-2020_DJI_0564_vari_grip_844_4,Restormer,Margin,-0.07722300291061401
vari-grip/bird-nest/Fotos 25-11-2020_DJI_0564_vari_grip_844_7,Restormer,Margin,0.0012915219579424178
vari-grip/bird-nest/Fotos 25-11-2020_DJI_0564_vari_grip_844_8,Restormer,Margin,-0.0005415167127336774
vari-grip/bird-nest/Fotos 25-11-2020_DJI_0586_vari_grip_845,Restormer,Margin,0.006510181086403983
vari-grip/bird-nest/Fotos 25-11-2020_DJI_0586_vari_grip_845_2,Restormer,Margin,-0.014170382704053606
vari-grip/bird-nest/Fotos 25-11-2020_DJI_0586_vari_grip_845_7,Restormer,Margin,-0.0687877322946276
vari-grip/bird-nest/Fotos 25-11-2020_DJI_0586_vari_grip_845_8,Restormer,Margin,0.0001691579818725586
vari-grip/bird-nest/Fotos 25-11-2020_DJI_0586_vari_grip_846,Restormer,Margin,-1.489264624459403e-05
vari-grip/bird-nest/Fotos 25-11-2020_DJI_0586_vari_grip_846_3,Restormer,Margin,-0.00833275488444737
vari-grip/bird-nest/Fotos 25-11-2020_DJI_0586_vari_grip_846_4,Restormer,Margin,3.7295477730887274e-05
vari-grip/bird-nest/Fotos 25-11-2020_DJI_0588_vari_grip_847_1,Restormer,Margin,-0.021272642271859304
vari-grip/bird-nest/Fotos 25-11-2020_DJI_0588_vari_grip_847_8,Restormer,Margin,-0.0011556744575500488
vari-grip/bird-nest/Fotos 26-11-2020_DJI_0214_vari_grip_906_1,Restormer,Margin,-0.0152653626033238
vari-grip/bird-nest/Fotos 26-11-2020_DJI_0214_vari_grip_907,Restormer,Margin,-0.009659366948263986
vari-grip/bird-nest/Fotos 26-11-2020_DJI_0215_vari_grip_908_3,Restormer,Margin,0.0025893960680280414
vari-grip/bird-nest/Fotos 26-11-2020_DJI_0262_vari_grip_910,Restormer,Margin,-0.003925655569349017
vari-grip/bird-nest/Fotos 26-11-2020_DJI_0262_vari_grip_911,Restormer,Margin,-0.011507144996098109
vari-grip/bird-nest/Fotos 27-11-2020_DJI_0491_vari_grip_933_1,Restormer,Margin,-0.021714534078325545
vari-grip/bird-nest/Fotos 27-11-2020_DJI_0491_vari_grip_933_4,Restormer,Margin,-0.018970583166394914
vari-grip/bird-nest/Fotos 27-11-2020_DJI_0491_vari_grip_933_8,Restormer,Margin,-0.004050399575914655
vari-grip/bird-nest/Fotos 27-11-2020_DJI_0566_vari_grip_924_6,Restormer,Margin,-0.06410157680511475
vari-grip/bird-nest/Fotos 27-11-2020_DJI_0566_vari_grip_925,Restormer,Margin,-0.021157034805842807
vari-grip/bird-nest/Fotos 27-11-2020_DJI_0566_vari_grip_925_2,Restormer,Margin,-0.05014201572963169
vari-grip/bird-nest/Fotos 27-11-2020_DJI_0566_vari_grip_925_3,Restormer,Margin,-0.08606499433517456
vari-grip/bird-nest/Fotos 27-11-2020_DJI_0566_vari_grip_925_6,Restormer,Margin,-0.031124438558306013
vari-grip/good/Fotos 01-12-2020_DJI_0079_vari_grip_51,Restormer,Margin,0.0033800857407706125
vari-grip/good/Fotos 01-12-2020_DJI_0140_vari_grip_47,Restormer,Margin,-0.005092493125370571
vari-grip/good/Fotos 01-12-2020_DJI_0199_vari_grip_41,Restormer,Margin,-0.00016073669706072127
vari-grip/good/Fotos 01-12-2020_DJI_0342_vari_grip_32,Restormer,Margin,0.00019535848072596958
vari-grip/good/Fotos 01-12-2020_DJI_0402_vari_grip_29,Restormer,Margin,0.003342398575374058
vari-grip/good/Fotos 01-12-2020_DJI_0457_vari_grip_24,Restormer,Margin,-0.005304532391684396
vari-grip/good/Fotos 01-12-2020_DJI_0457_vari_grip_25,Restormer,Margin,-0.004899280411856515
vari-grip/good/Fotos 02-12-2020_DJI_0020_vari_grip_94,Restormer,Margin,0.0001296656472342355
vari-grip/good/Fotos 02-12-2020_DJI_0132_vari_grip_88,Restormer,Margin,0.0004343220165797642
vari-grip/good/Fotos 02-12-2020_DJI_0194_vari_grip_84,Restormer,Margin,0.007358176367623466
vari-grip/good/Fotos 02-12-2020_DJI_0367_vari_grip_65,Restormer,Margin,-0.0021547419684273855
vari-grip/good/Fotos 02-12-2020_DJI_0368_vari_grip_67,Restormer,Margin,4.7053609575544086e-05
vari-grip/good/Fotos 02-12-2020_DJI_0374_vari_grip_71,Restormer,Margin,-0.013151884078979492
vari-grip/good/Fotos 02-12-2020_DJI_0427_vari_grip_61,Restormer,Margin,0.00011301892144339425
vari-grip/good/Fotos 03-12-2020_DJI_0149_vari_grip_126,Restormer,Margin,4.6312808990478516e-05
vari-grip/good/Fotos 03-12-2020_DJI_0150_vari_grip_128,Restormer,Margin,-0.00011083909443446569
vari-grip/good/Fotos 03-12-2020_DJI_0457_vari_grip_110,Restormer,Margin,-0.007282844611576625
vari-grip/good/Fotos 03-12-2020_DJI_0561_vari_grip_100,Restormer,Margin,-9.047133581978934e-05
vari-grip/good/Fotos 04-12-2020_DJI_0762_vari_grip_164,Restormer,Margin,0.0019312586103166854
vari-grip/good/Fotos 04-12-2020_DJI_0806_vari_grip_160,Restormer,Margin,0.00020989349910191128
vari-grip/good/Fotos 04-12-2020_DJI_0902_vari_grip_149,Restormer,Margin,0.00014491592134748186
vari-grip/good/Fotos 04-12-2020_DJI_0950_vari_grip_142,Restormer,Margin,-5.3124768393380304e-05
vari-grip/good/Fotos 04-12-2020_DJI_0951_vari_grip_145,Restormer,Margin,-0.0004330107143947056
vari-grip/good/Fotos 04-12-2020_DJI_0954_vari_grip_146,Restormer,Margin,-0.010173065321786063
vari-grip/good/Fotos 04-12-2020_DJI_1000 (2)_vari_grip_141,Restormer,Margin,-0.07790270021983556
vari-grip/good/Fotos 07-12-2020_DJI_0059_vari_grip_192,Restormer,Margin,0.0006869009562901088
vari-grip/good/Fotos 07-12-2020_DJI_0140_vari_grip_183,Restormer,Margin,-0.08033674955368042
vari-grip/good/Fotos 07-12-2020_DJI_0141_vari_grip_185,Restormer,Margin,-0.009044085230146135
vari-grip/good/Fotos 07-12-2020_DJI_0155_vari_grip_186,Restormer,Margin,-0.0013948764119829451
vari-grip/good/Fotos 07-12-2020_DJI_0187_vari_grip_179,Restormer,Margin,-0.0012437871524265834
vari-grip/good/Fotos 08-12-2020_DJI_0452_vari_grip_225,Restormer,Margin,0.007364715848650251
vari-grip/good/Fotos 08-12-2020_DJI_0455_vari_grip_229,Restormer,Margin,-0.14485744493348257
vari-grip/good/Fotos 08-12-2020_DJI_0538_vari_grip_218,Restormer,Margin,-0.030415194375174388
vari-grip/good/Fotos 08-12-2020_DJI_0613_vari_grip_208,Restormer,Margin,-0.00012493133544921875
vari-grip/good/Fotos 08-12-2020_DJI_0652_vari_grip_204,Restormer,Margin,-0.0026933380535670687
vari-grip/good/Fotos 09-12-2020_DJI_0017_vari_grip_269,Restormer,Margin,-0.000763237476348877
vari-grip/good/Fotos 09-12-2020_DJI_0018_vari_grip_271,Restormer,Margin,0.044539102486201694
vari-grip/good/Fotos 09-12-2020_DJI_0056_vari_grip_263,Restormer,Margin,0.004538314683096749
vari-grip/good/Fotos 09-12-2020_DJI_0102_vari_grip_261,Restormer,Margin,8.625643593924387e-06
vari-grip/good/Fotos 09-12-2020_DJI_0143_vari_grip_249,Restormer,Margin,0.00023270504815237864
vari-grip/good/Fotos 09-12-2020_DJI_0144_vari_grip_252,Restormer,Margin,0.0016704968043736049
vari-grip/good/Fotos 09-12-2020_DJI_0310_vari_grip_238,Restormer,Margin,0.0013644610132489885
vari-grip/good/Fotos 09-12-2020_DJI_0348_vari_grip_233,Restormer,Margin,-0.01875913143157959
vari-grip/good/Fotos 10-12-2020_DJI_0020_vari_grip_327,Restormer,Margin,-0.001079559326171875
vari-grip/good/Fotos 10-12-2020_DJI_0024_vari_grip_332,Restormer,Margin,-0.049302824905940464
vari-grip/good/Fotos 10-12-2020_DJI_0101_vari_grip_312,Restormer,Margin,0.004377552441188267
vari-grip/good/Fotos 10-12-2020_DJI_0140_vari_grip_300,Restormer,Margin,0.00010422297886439733
vari-grip/good/Fotos 10-12-2020_DJI_0182_vari_grip_295,Restormer,Margin,0.00942518881389073
vari-grip/good/Fotos 10-12-2020_DJI_0182_vari_grip_296,Restormer,Margin,0.00020647048950195312
vari-grip/good/Fotos 10-12-2020_DJI_0184_vari_grip_299,Restormer,Margin,0.0012530599321637834
vari-grip/good/Fotos 10-12-2020_DJI_0258_vari_grip_282,Restormer,Margin,0.00041985511779785156
vari-grip/good/Fotos 10-12-2020_DJI_0259_vari_grip_283,Restormer,Margin,-0.006073577063424247
vari-grip/good/Fotos 10-12-2020_DJI_0262_vari_grip_285,Restormer,Margin,-0.16502571957451956
vari-grip/good/Fotos 11-12-2020_DJI_0055_vari_grip_379,Restormer,Margin,-0.0008448192051478795
vari-grip/good/Fotos 11-12-2020_DJI_0290_vari_grip_346,Restormer,Margin,-0.09486129879951477
vari-grip/good/Fotos 14-12-2020_DJI_0433_vari_grip_399,Restormer,Margin,-0.033456155232020786
vari-grip/good/Fotos 14-12-2020_DJI_0624_vari_grip_392,Restormer,Margin,-0.025964370795658658
vari-grip/good/Fotos 16-11-2020_DJI_0110_vari_grip_439,Restormer,Margin,-0.0001729726791381836
vari-grip/good/Fotos 16-11-2020_DJI_0153_vari_grip_434,Restormer,Margin,0.001373793397630964
vari-grip/good/Fotos 16-11-2020_DJI_0157_vari_grip_438,Restormer,Margin,0.0020277670451572965
vari-grip/good/Fotos 16-12-2020_DJI_0034_vari_grip_475,Restormer,Margin,-0.005157768726348877
vari-grip/good/Fotos 16-12-2020_DJI_0188_vari_grip_464,Restormer,Margin,0.08224243777138847
vari-grip/good/Fotos 16-12-2020_DJI_0404_vari_grip_450,Restormer,Margin,-0.12255447464329856
vari-grip/good/Fotos 17-11-2020_DJI_0106_vari_grip_493,Restormer,Margin,-0.03598191908427647
vari-grip/good/Fotos 17-11-2020_DJI_0120_vari_grip_496,Restormer,Margin,0.006251956735338483
vari-grip/good/Fotos 17-11-2020_DJI_0121_vari_grip_497,Restormer,Margin,0.0016487411090305873
vari-grip/good/Fotos 17-11-2020_DJI_0206_vari_grip_491,Restormer,Margin,-0.0026631014687674387
vari-grip/good/Fotos 17-12-2020_DJI_0168_vari_grip_514,Restormer,Margin,7.223231451851981e-05
vari-grip/good/Fotos 18-11-2020_DJI_0070_vari_grip_548,Restormer,Margin,-0.0034966979707990375
vari-grip/good/Fotos 18-11-2020_DJI_0109_vari_grip_546,Restormer,Margin,-0.00032467501504080635
vari-grip/good/Fotos 18-11-2020_DJI_0137_vari_grip_541,Restormer,Margin,0.0009923832757132395
vari-grip/good/Fotos 18-11-2020_DJI_0246_vari_grip_528,Restormer,Margin,0.0013363105910164969
vari-grip/good/Fotos 19-10-2020_DJI_0045_vari_grip_4,Restormer,Margin,-0.004720560141972133
vari-grip/good/Fotos 19-10-2020_DJI_0046_vari_grip_6,Restormer,Margin,-0.017918356827327182
vari-grip/good/Fotos 19-10-2020_DJI_0046_vari_grip_7,Restormer,Margin,-0.10833538004330226
vari-grip/good/Fotos 19-10-2020_DJI_0083_vari_grip_15,Restormer,Margin,-8.461305073329381e-05
vari-grip/good/Fotos 19-10-2020_DJI_0084_vari_grip_16,Restormer,Margin,0.001547557967049735
vari-grip/good/Fotos 19-11-2020_DJI_0119_vari_grip_578,Restormer,Margin,0.0010284951754978725
vari-grip/good/Fotos 19-11-2020_DJI_0199_vari_grip_562,Restormer,Margin,-0.0066250818116324285
vari-grip/good/Fotos 19-11-2020_DJI_0236_vari_grip_561,Restormer,Margin,-0.010956432138170515
vari-grip/good/Fotos 20-10-2020_DJI_0201_vari_grip_613,Restormer,Margin,0.002462003912244524
vari-grip/good/Fotos 20-10-2020_DJI_0205_vari_grip_620,Restormer,Margin,0.004168587071555001
vari-grip/good/Fotos 20-10-2020_DJI_0211_vari_grip_633,Restormer,Margin,-0.00876108237675258
vari-grip/good/Fotos 20-10-2020_DJI_0238_vari_grip_641,Restormer,Margin,-0.0014076147760663713
vari-grip/good/Fotos 20-10-2020_DJI_0243_vari_grip_648,Restormer,Margin,0.0013724139758518764
vari-grip/good/Fotos 20-10-2020_DJI_0244_vari_grip_651,Restormer,Margin,-0.0055070263998849055
vari-grip/good/Fotos 20-10-2020_DJI_0245_vari_grip_653,Restormer,Margin,-0.0006951008524213519
vari-grip/good/Fotos 20-10-2020_DJI_0255_vari_grip_658,Restormer,Margin,-0.00011586291449410575
vari-grip/good/Fotos 20-10-2020_DJI_0255_vari_grip_659,Restormer,Margin,0.004615962505340576
vari-grip/good/Fotos 20-10-2020_DJI_0256_vari_grip_660,Restormer,Margin,-0.0012926033564976283
vari-grip/good/Fotos 20-10-2020_DJI_0265_vari_grip_586,Restormer,Margin,-0.00027559484754289897
vari-grip/good/Fotos 20-10-2020_DJI_0268_vari_grip_589,Restormer,Margin,0.0008046116147722517
vari-grip/good/Fotos 20-10-2020_DJI_0282_vari_grip_590,Restormer,Margin,-0.0028120619910103934
vari-grip/good/Fotos 20-11-2020_DJI_0144_vari_grip_697,Restormer,Margin,-0.009555092879704066
vari-grip/good/Fotos 20-11-2020_DJI_0171_vari_grip_687,Restormer,Margin,-0.17485906396593368
vari-grip/good/Fotos 20-11-2020_DJI_0172_vari_grip_689,Restormer,Margin,-0.00739220210484096
vari-grip/good/Fotos 20-11-2020_DJI_0275_vari_grip_672,Restormer,Margin,0.0024053198950631277
vari-grip/good/Fotos 22-10-2020_DJI_0858_vari_grip_718,Restormer,Margin,-0.005702316761016846
vari-grip/good/Fotos 22-10-2020_DJI_0864_vari_grip_724,Restormer,Margin,0.004232287406921387
vari-grip/good/Fotos 22-10-2020_DJI_0864_vari_grip_725,Restormer,Margin,-0.048061873231615336
vari-grip/good/Fotos 22-10-2020_DJI_0880_vari_grip_734,Restormer,Margin,0.0016629525593348912
vari-grip/good/Fotos 23-11-2020_DJI_0143_vari_grip_783,Restormer,Margin,-0.004077749592917306
vari-grip/good/Fotos 23-11-2020_DJI_0177_vari_grip_782,Restormer,Margin,8.069617407662528e-05
vari-grip/good/Fotos 23-11-2020_DJI_0209_vari_grip_777,Restormer,Margin,-0.030588413987840925
vari-grip/good/Fotos 24-11-2020_DJI_0101_vari_grip_837,Restormer,Margin,-0.00795574699129377
vari-grip/good/Fotos 24-11-2020_DJI_0243_vari_grip_827,Restormer,Margin,-0.15609536266752652
vari-grip/good/Fotos 24-11-2020_DJI_0244_vari_grip_830,Restormer,Margin,-0.10102531739643641
vari-grip/good/Fotos 25-11-2020_DJI_0208_vari_grip_862,Restormer,Margin,-0.0004141075270516532
vari-grip/good/Fotos 26-11-2020_DJI_0213_vari_grip_904,Restormer,Margin,-0.05364045075007847
vari-grip/good/Fotos 26-11-2020_DJI_0213_vari_grip_905,Restormer,Margin,0.003480511052267892
vari-grip/good/Fotos 27-11-2020_DJI_0421_vari_grip_934,Restormer,Margin,-0.012136570044926234
vari-grip/good/Fotos 27-11-2020_DJI_0421_vari_grip_935,Restormer,Margin,-0.028497559683663503
vari-grip/good/Fotos 27-11-2020_DJI_0422_vari_grip_937,Restormer,Margin,-0.007945929254804338
vari-grip/good/Fotos 30-11-2020_DJI_0033_vari_grip_1007,Restormer,Margin,-0.003475691590990339
vari-grip/good/Fotos 30-11-2020_DJI_0193_vari_grip_996,Restormer,Margin,-0.0050890445709228516
vari-grip/good/Fotos 30-11-2020_DJI_0437_vari_grip_975,Restormer,Margin,0.035071917942592075
vari-grip/good/Fotos 30-11-2020_DJI_0438_vari_grip_976,Restormer,Margin,0.017487491880144392
vari-grip/good/Fotos 30-11-2020_DJI_0501_vari_grip_969,Restormer,Margin,1.2116772787911551e-05
vari-grip/good/Fotos 30-11-2020_DJI_0561_vari_grip_964,Restormer,Margin,0.001130657536642892
vari-grip/rust/01-06-2021_DJI_0030_6_0,Restormer,Margin,-0.028091745717184886
vari-grip/rust/01-06-2021_DJI_0030_6_7,Restormer,Margin,-0.1376781782933644
vari-grip/rust/01-06-2021_DJI_0146_39_2,Restormer,Margin,-0.2080499870436532
vari-grip/rust/01-06-2021_DJI_0146_39_6,Restormer,Margin,-0.18154245295694896
vari-grip/rust/01-06-2021_DJI_0146_40_0,Restormer,Margin,0.04830249718257359
vari-grip/rust/01-06-2021_DJI_0162_46_6,Restormer,Margin,0.0015263216836111887
vari-grip/rust/02-06-2021_DJI_0359_261_8,Restormer,Margin,-0.023129045963287354
vari-grip/rust/08-06-2021_DJI_0385_421_2,Restormer,Margin,-0.0029975175857543945
vari-grip/rust/08-06-2021_DJI_0385_421_4,Restormer,Margin,-0.0033148356846400668
vari-grip/rust/08-06-2021_DJI_0385_421_6,Restormer,Margin,0.02787083387374878
vari-grip/rust/08-06-2021_DJI_0385_422,Restormer,Margin,-0.03196425097329276
vari-grip/rust/08-06-2021_DJI_0385_422_0,Restormer,Margin,-0.23076208148683822
vari-grip/rust/08-06-2021_DJI_0385_422_5,Restormer,Margin,-0.00374091523034232
vari-grip/rust/09-06-2021_DJI_0466_568,Restormer,Margin,1.2908663068498885e-05
vari-grip/rust/09-06-2021_DJI_0466_568_6,Restormer,Margin,0.00011288268225533622
vari-grip/rust/09-06-2021_DJI_0467_570_2,Restormer,Margin,-0.0029347198350088938
vari-grip/rust/09-06-2021_DJI_0467_570_4,Restormer,Margin,-0.0006764275687081474
vari-grip/rust/10-06-2021_DJI_0018_611,Restormer,Margin,-0.0011281967163085938
vari-grip/rust/10-06-2021_DJI_0018_611_1,Restormer,Margin,-0.007943051201956612
vari-grip/rust/10-06-2021_DJI_0018_611_7,Restormer,Margin,0.0013730100222996303
vari-grip/rust/10-06-2021_DJI_0019_613_5,Restormer,Margin,0.002092046397072928
vari-grip/rust/11-06-2021_DJI_0479_11_6,Restormer,Margin,-0.00548572199685233
vari-grip/rust/11-06-2021_DJI_0479_11_7,Restormer,Margin,-0.009687168257577079
vari-grip/rust/11-06-2021_DJI_0479_11_8,Restormer,Margin,-0.03479936293193272
vari-grip/rust/15-06-2021_DJI_0118_741,Restormer,Margin,-0.009686614785875593
vari-grip/rust/Fotos 23-10-2020_DJI_0029_vari_grip_745_7,Restormer,Margin,0.010576205594199044
vari-grip/rust/Fotos 23-10-2020_DJI_0031_vari_grip_748_0,Restormer,Margin,-0.010255294186728341
vari-grip/rust/Fotos 23-10-2020_DJI_0031_vari_grip_748_7,Restormer,Margin,-0.026546810354505266
vari-grip/rust/Fotos 23-10-2020_DJI_0032_vari_grip_750,Restormer,Margin,-0.00535813399723598
vari-grip/rust/Fotos 23-10-2020_DJI_0032_vari_grip_750_3,Restormer,Margin,-0.022557837622506276
vari-grip/rust/Fotos 23-10-2020_DJI_0034_vari_grip_751_0,Restormer,Margin,0.004208079406193325
vari-grip/rust/Fotos 23-10-2020_DJI_0034_vari_grip_752,Restormer,Margin,-0.00608332668031965
vari-grip/rust/Fotos 23-10-2020_DJI_0034_vari_grip_752_7,Restormer,Margin,-0.014861038752964564
vari-grip/rust/Fotos 23-10-2020_DJI_0035_vari_grip_753_4,Restormer,Margin,0.002434968948364258
vari-grip/rust/Fotos 23-10-2020_DJI_0035_vari_grip_753_5,Restormer,Margin,-0.0004818780081612723
vari-grip/rust/Fotos 23-10-2020_DJI_0038_vari_grip_756_1,Restormer,Margin,-0.016653614384787425
vari-grip/rust/Fotos 23-10-2020_DJI_0038_vari_grip_756_4,Restormer,Margin,-0.0007319620677403041
vari-grip/rust/Fotos 23-10-2020_DJI_0041_vari_grip_757,Restormer,Margin,-0.04700054441179548
vari-grip/rust/Fotos 23-10-2020_DJI_0043_vari_grip_759,Restormer,Margin,0.004613731588636126
vari-grip/rust/Fotos 23-10-2020_DJI_0043_vari_grip_760_5,Restormer,Margin,-0.016468839985983714
vari-grip/rust/Fotos 23-10-2020_DJI_0043_vari_grip_760_8,Restormer,Margin,-0.14258323396955216
vari-grip/rust/Fotos 23-10-2020_DJI_0047_vari_grip_763_6,Restormer,Margin,0.00840973002570016
vari-grip/rust/Fotos 23-10-2020_DJI_0047_vari_grip_764_0,Restormer,Margin,-0.2527273041861398
vari-grip/rust/Fotos 23-10-2020_DJI_0047_vari_grip_764_1,Restormer,Margin,-0.004289746284484863
vari-grip/rust/Fotos 23-10-2020_DJI_0047_vari_grip_764_3,Restormer,Margin,-0.04520418814250401
vari-grip/rust/Fotos 23-10-2020_DJI_0047_vari_grip_764_5,Restormer,Margin,-0.005639978817531041
vari-grip/rust/Fotos 23-10-2020_DJI_0048_vari_grip_765,Restormer,Margin,0.0007794158799307686
vari-grip/rust/Fotos 23-10-2020_DJI_0065_vari_grip_736,Restormer,Margin,-0.0009656974247523717
vari-grip/rust/Fotos 23-10-2020_DJI_0065_vari_grip_736_0,Restormer,Margin,-0.0047577789851597375
vari-grip/rust/Fotos 23-10-2020_DJI_0065_vari_grip_736_5,Restormer,Margin,-0.0027858359473092215
vari-grip/rust/Fotos 23-10-2020_DJI_0072_vari_grip_737_3,Restormer,Margin,-0.007773322718484061
vari-grip/rust/Fotos 23-10-2020_DJI_0072_vari_grip_737_4,Restormer,Margin,0.0014810306685311453
vari-grip/rust/Fotos 23-10-2020_DJI_0072_vari_grip_737_6,Restormer,Margin,-0.0018518311636788504
vari-grip/rust/Fotos 23-10-2020_DJI_0072_vari_grip_737_8,Restormer,Margin,-0.00490849358694894
vari-grip/rust/Fotos 23-10-2020_DJI_0073_vari_grip_738_1,Restormer,Margin,-8.804457528250559e-06
vari-grip/rust/Fotos 23-10-2020_DJI_0073_vari_grip_738_2,Restormer,Margin,0.001140134675162179
vari-grip/rust/Fotos 23-10-2020_DJI_0074_vari_grip_739_0,Restormer,Margin,-0.001453127179827009
vari-grip/rust/Fotos 23-10-2020_DJI_0074_vari_grip_739_3,Restormer,Margin,0.0034467237336294992
vari-grip/rust/Fotos 23-10-2020_DJI_0113_vari_grip_743_4,Restormer,Margin,-0.08524370619228908
vari-grip/rust/Fotos 23-10-2020_DJI_0114_vari_grip_744_1,Restormer,Margin,-0.003855909620012556
vari-grip/rust/Fotos 23-10-2020_DJI_0114_vari_grip_744_7,Restormer,Margin,-0.004222163132258824
vari-grip/rust/Fotos 23-10-2020_DJI_0114_vari_grip_744_8,Restormer,Margin,-0.0015892301286969865
vari-grip/bird-nest/08-06-2021_DJI_0089_322,DehazeFormer,PSNR,26.190295810369985
vari-grip/bird-nest/08-06-2021_DJI_0089_322_3,DehazeFormer,PSNR,24.23186432204278
vari-grip/bird-nest/08-06-2021_DJI_0285_392,DehazeFormer,PSNR,24.076803952647914
vari-grip/bird-nest/10-06-2021_DJI_0244_649_2,DehazeFormer,PSNR,28.99898214377882
vari-grip/bird-nest/10-06-2021_DJI_0270_657_5,DehazeFormer,PSNR,21.6283718459514
vari-grip/bird-nest/10-06-2021_DJI_0270_657_7,DehazeFormer,PSNR,23.06984512129514
vari-grip/bird-nest/10-06-2021_DJI_0271_658_1,DehazeFormer,PSNR,29.479108153525463
vari-grip/bird-nest/10-06-2021_DJI_0271_658_2,DehazeFormer,PSNR,24.842439145894055
vari-grip/bird-nest/10-06-2021_DJI_0271_658_6,DehazeFormer,PSNR,29.308274894889287
vari-grip/bird-nest/10-06-2021_DJI_0271_658_8,DehazeFormer,PSNR,25.4220593810149
vari-grip/bird-nest/11-06-2021_DJI_0121_4_1,DehazeFormer,PSNR,26.091748577476604
vari-grip/bird-nest/11-06-2021_DJI_0121_4_4,DehazeFormer,PSNR,24.97258005175541
vari-grip/bird-nest/11-06-2021_DJI_0121_4_5,DehazeFormer,PSNR,21.777266401772433
vari-grip/bird-nest/11-06-2021_DJI_0132_6_0,DehazeFormer,PSNR,25.9709727440897
vari-grip/bird-nest/11-06-2021_DJI_0132_6_6,DehazeFormer,PSNR,27.2028496401896
vari-grip/bird-nest/15-06-2021_DJI_0044_726,DehazeFormer,PSNR,25.18060546792251
vari-grip/bird-nest/15-06-2021_DJI_0044_726_6,DehazeFormer,PSNR,22.846230693938384
vari-grip/bird-nest/Fotos 02-12-2020_DJI_0492_vari_grip_56_4,DehazeFormer,PSNR,24.505131994514585
vari-grip/bird-nest/Fotos 02-12-2020_DJI_0492_vari_grip_57_0,DehazeFormer,PSNR,28.21727417514358
vari-grip/bird-nest/Fotos 02-12-2020_DJI_0492_vari_grip_57_4,DehazeFormer,PSNR,23.06913322550469
vari-grip/bird-nest/Fotos 17-11-2020_DJI_0289_vari_grip_478,DehazeFormer,PSNR,33.151382207699
vari-grip/bird-nest/Fotos 17-11-2020_DJI_0303_vari_grip_479_0,DehazeFormer,PSNR,24.115037721013124
vari-grip/bird-nest/Fotos 17-11-2020_DJI_0304_vari_grip_480,DehazeFormer,PSNR,29.41323565981591
vari-grip/bird-nest/Fotos 18-11-2020_DJI_0209_vari_grip_530_0,DehazeFormer,PSNR,29.50981181507688
vari-grip/bird-nest/Fotos 18-11-2020_DJI_0209_vari_grip_530_3,DehazeFormer,PSNR,24.38009800784791
vari-grip/bird-nest/Fotos 19-11-2020_DJI_0140_vari_grip_571_3,DehazeFormer,PSNR,26.151820769275787
vari-grip/bird-nest/Fotos 19-11-2020_DJI_0140_vari_grip_571_7,DehazeFormer,PSNR,26.50348809468523
vari-grip/bird-nest/Fotos 19-11-2020_DJI_0149_vari_grip_573_0,DehazeFormer,PSNR,31.21357980537787
vari-grip/bird-nest/Fotos 19-11-2020_DJI_0149_vari_grip_573_4,DehazeFormer,PSNR,30.79171550356266
vari-grip/bird-nest/Fotos 19-11-2020_DJI_0149_vari_grip_573_6,DehazeFormer,PSNR,21.95240374995612
vari-grip/bird-nest/Fotos 19-11-2020_DJI_0150_vari_grip_574_0,DehazeFormer,PSNR,24.638159150435317
vari-grip/bird-nest/Fotos 19-11-2020_DJI_0150_vari_grip_575_1,DehazeFormer,PSNR,32.7500852081133
vari-grip/bird-nest/Fotos 19-11-2020_DJI_0150_vari_grip_575_2,DehazeFormer,PSNR,30.515408067439473
vari-grip/bird-nest/Fotos 19-11-2020_DJI_0151_vari_grip_577_2,DehazeFormer,PSNR,27.364187025199254
vari-grip/bird-nest/Fotos 19-11-2020_DJI_0151_vari_grip_577_3,DehazeFormer,PSNR,28.42746715565525
vari-grip/bird-nest/Fotos 19-11-2020_DJI_0151_vari_grip_577_4,DehazeFormer,PSNR,27.28383142570797
vari-grip/bird-nest/Fotos 20-11-2020_DJI_0210_vari_grip_683_2,DehazeFormer,PSNR,24.191083250343105
vari-grip/bird-nest/Fotos 20-11-2020_DJI_0210_vari_grip_683_7,DehazeFormer,PSNR,23.52197441820677
vari-grip/bird-nest/Fotos 23-11-2020_DJI_0279_vari_grip_768_0,DehazeFormer,PSNR,29.113217386244177
vari-grip/bird-nest/Fotos 23-11-2020_DJI_0279_vari_grip_768_2,DehazeFormer,PSNR,22.50794923019533
vari-grip/bird-nest/Fotos 25-11-2020_DJI_0207_vari_grip_861_0,DehazeFormer,PSNR,29.435554234846364
vari-grip/bird-nest/Fotos 25-11-2020_DJI_0207_vari_grip_861_6,DehazeFormer,PSNR,28.818795568876222
vari-grip/bird-nest/Fotos 25-11-2020_DJI_0563_vari_grip_841_0,DehazeFormer,PSNR,26.552785838155096
vari-grip/bird-nest/Fotos 25-11-2020_DJI_0563_vari_grip_841_2,DehazeFormer,PSNR,33.00651098295387
vari-grip/bird-nest/Fotos 25-11-2020_DJI_0563_vari_grip_841_4,DehazeFormer,PSNR,28.03738553922459
vari-grip/bird-nest/Fotos 25-11-2020_DJI_0563_vari_grip_841_7,DehazeFormer,PSNR,29.16862699942913
vari-grip/bird-nest/Fotos 25-11-2020_DJI_0564_vari_grip_843,DehazeFormer,PSNR,29.016816279138755
vari-grip/bird-nest/Fotos 25-11-2020_DJI_0564_vari_grip_843_1,DehazeFormer,PSNR,29.840754705033817
vari-grip/bird-nest/Fotos 25-11-2020_DJI_0564_vari_grip_843_2,DehazeFormer,PSNR,32.28402999253117
vari-grip/bird-nest/Fotos 25-11-2020_DJI_0564_vari_grip_844,DehazeFormer,PSNR,28.475650971035552
vari-grip/bird-nest/Fotos 25-11-2020_DJI_0564_vari_grip_844_4,DehazeFormer,PSNR,30.79172625367522
vari-grip/bird-nest/Fotos 25-11-2020_DJI_0564_vari_grip_844_7,DehazeFormer,PSNR,30.301624949367998
vari-grip/bird-nest/Fotos 25-11-2020_DJI_0564_vari_grip_844_8,DehazeFormer,PSNR,26.188438657098438
vari-grip/bird-nest/Fotos 25-11-2020_DJI_0586_vari_grip_845,DehazeFormer,PSNR,29.305213116655892
vari-grip/bird-nest/Fotos 25-11-2020_DJI_0586_vari_grip_845_2,DehazeFormer,PSNR,25.54514916815418
vari-grip/bird-nest/Fotos 25-11-2020_DJI_0586_vari_grip_845_7,DehazeFormer,PSNR,23.138578046571997
vari-grip/bird-nest/Fotos 25-11-2020_DJI_0586_vari_grip_845_8,DehazeFormer,PSNR,28.031546138553917
vari-grip/bird-nest/Fotos 25-11-2020_DJI_0586_vari_grip_846,DehazeFormer,PSNR,29.406139435880764
vari-grip/bird-nest/Fotos 25-11-2020_DJI_0586_vari_grip_846_3,DehazeFormer,PSNR,27.342407273235803
vari-grip/bird-nest/Fotos 25-11-2020_DJI_0586_vari_grip_846_4,DehazeFormer,PSNR,29.75329001852756
vari-grip/bird-nest/Fotos 25-11-2020_DJI_0588_vari_grip_847_1,DehazeFormer,PSNR,24.62327515063826
vari-grip/bird-nest/Fotos 25-11-2020_DJI_0588_vari_grip_847_8,DehazeFormer,PSNR,25.174149823808307
vari-grip/bird-nest/Fotos 26-11-2020_DJI_0214_vari_grip_906_1,DehazeFormer,PSNR,22.448015868054647
vari-grip/bird-nest/Fotos 26-11-2020_DJI_0214_vari_grip_907,DehazeFormer,PSNR,28.65865209910824
vari-grip/bird-nest/Fotos 26-11-2020_DJI_0215_vari_grip_908_3,DehazeFormer,PSNR,26.568884644179416
vari-grip/bird-nest/Fotos 26-11-2020_DJI_0262_vari_grip_910,DehazeFormer,PSNR,28.333040277091005
vari-grip/bird-nest/Fotos 26-11-2020_DJI_0262_vari_grip_911,DehazeFormer,PSNR,26.898971741352675
vari-grip/bird-nest/Fotos 27-11-2020_DJI_0491_vari_grip_933_1,DehazeFormer,PSNR,25.00654154505796
vari-grip/bird-nest/Fotos 27-11-2020_DJI_0491_vari_grip_933_4,DehazeFormer,PSNR,30.7346036450084
vari-grip/bird-nest/Fotos 27-11-2020_DJI_0491_vari_grip_933_8,DehazeFormer,PSNR,24.25861192018454
vari-grip/bird-nest/Fotos 27-11-2020_DJI_0566_vari_grip_924_6,DehazeFormer,PSNR,27.555236399596037
vari-grip/bird-nest/Fotos 27-11-2020_DJI_0566_vari_grip_925,DehazeFormer,PSNR,31.006705065101727
vari-grip/bird-nest/Fotos 27-11-2020_DJI_0566_vari_grip_925_2,DehazeFormer,PSNR,30.04397729242408
vari-grip/bird-nest/Fotos 27-11-2020_DJI_0566_vari_grip_925_3,DehazeFormer,PSNR,27.82440444006492
vari-grip/bird-nest/Fotos 27-11-2020_DJI_0566_vari_grip_925_6,DehazeFormer,PSNR,31.722885396553604
vari-grip/good/Fotos 01-12-2020_DJI_0079_vari_grip_51,DehazeFormer,PSNR,27.75546296604094
vari-grip/good/Fotos 01-12-2020_DJI_0140_vari_grip_47,DehazeFormer,PSNR,28.162711857866515
vari-grip/good/Fotos 01-12-2020_DJI_0199_vari_grip_41,DehazeFormer,PSNR,29.938598126508733
vari-grip/good/Fotos 01-12-2020_DJI_0342_vari_grip_32,DehazeFormer,PSNR,28.2354067446685
vari-grip/good/Fotos 01-12-2020_DJI_0402_vari_grip_29,DehazeFormer,PSNR,31.687160790278906
vari-grip/good/Fotos 01-12-2020_DJI_0457_vari_grip_24,DehazeFormer,PSNR,27.12364189136853
vari-grip/good/Fotos 01-12-2020_DJI_0457_vari_grip_25,DehazeFormer,PSNR,28.530819413695575
vari-grip/good/Fotos 02-12-2020_DJI_0020_vari_grip_94,DehazeFormer,PSNR,28.383734988385818
vari-grip/good/Fotos 02-12-2020_DJI_0132_vari_grip_88,DehazeFormer,PSNR,33.40159113796405
vari-grip/good/Fotos 02-12-2020_DJI_0194_vari_grip_84,DehazeFormer,PSNR,28.12288034795368
vari-grip/good/Fotos 02-12-2020_DJI_0367_vari_grip_65,DehazeFormer,PSNR,29.682832904647658
vari-grip/good/Fotos 02-12-2020_DJI_0368_vari_grip_67,DehazeFormer,PSNR,27.649904412035987
vari-grip/good/Fotos 02-12-2020_DJI_0374_vari_grip_71,DehazeFormer,PSNR,23.66945015074421
vari-grip/good/Fotos 02-12-2020_DJI_0427_vari_grip_61,DehazeFormer,PSNR,30.82902650318921
vari-grip/good/Fotos 03-12-2020_DJI_0149_vari_grip_126,DehazeFormer,PSNR,30.312225774503116
vari-grip/good/Fotos 03-12-2020_DJI_0150_vari_grip_128,DehazeFormer,PSNR,32.20208509286965
vari-grip/good/Fotos 03-12-2020_DJI_0457_vari_grip_110,DehazeFormer,PSNR,32.78069538974984
vari-grip/good/Fotos 03-12-2020_DJI_0561_vari_grip_100,DehazeFormer,PSNR,31.850318953855062
vari-grip/good/Fotos 04-12-2020_DJI_0762_vari_grip_164,DehazeFormer,PSNR,29.873346964835605
vari-grip/good/Fotos 04-12-2020_DJI_0806_vari_grip_160,DehazeFormer,PSNR,32.362864202072494
vari-grip/good/Fotos 04-12-2020_DJI_0902_vari_grip_149,DehazeFormer,PSNR,34.21714433024616
vari-grip/good/Fotos 04-12-2020_DJI_0950_vari_grip_142,DehazeFormer,PSNR,31.121684262798375
vari-grip/good/Fotos 04-12-2020_DJI_0951_vari_grip_145,DehazeFormer,PSNR,30.63920776294292
vari-grip/good/Fotos 04-12-2020_DJI_0954_vari_grip_146,DehazeFormer,PSNR,24.726338531918742
vari-grip/good/Fotos 04-12-2020_DJI_1000 (2)_vari_grip_141,DehazeFormer,PSNR,26.825252019554664
vari-grip/good/Fotos 07-12-2020_DJI_0059_vari_grip_192,DehazeFormer,PSNR,32.87173874218522
vari-grip/good/Fotos 07-12-2020_DJI_0140_vari_grip_183,DehazeFormer,PSNR,29.2482641054933
vari-grip/good/Fotos 07-12-2020_DJI_0141_vari_grip_185,DehazeFormer,PSNR,30.86488970365079
vari-grip/good/Fotos 07-12-2020_DJI_0155_vari_grip_186,DehazeFormer,PSNR,29.058537287212477
vari-grip/good/Fotos 07-12-2020_DJI_0187_vari_grip_179,DehazeFormer,PSNR,32.18493633069465
vari-grip/good/Fotos 08-12-2020_DJI_0452_vari_grip_225,DehazeFormer,PSNR,29.608941373825996
vari-grip/good/Fotos 08-12-2020_DJI_0455_vari_grip_229,DehazeFormer,PSNR,20.132981178747542
vari-grip/good/Fotos 08-12-2020_DJI_0538_vari_grip_218,DehazeFormer,PSNR,20.14354827808345
vari-grip/good/Fotos 08-12-2020_DJI_0613_vari_grip_208,DehazeFormer,PSNR,32.13621533752746
vari-grip/good/Fotos 08-12-2020_DJI_0652_vari_grip_204,DehazeFormer,PSNR,28.91257994905199
vari-grip/good/Fotos 09-12-2020_DJI_0017_vari_grip_269,DehazeFormer,PSNR,33.782818217795956
vari-grip/good/Fotos 09-12-2020_DJI_0018_vari_grip_271,DehazeFormer,PSNR,27.605249336996135
vari-grip/good/Fotos 09-12-2020_DJI_0056_vari_grip_263,DehazeFormer,PSNR,32.80347209761059
vari-grip/good/Fotos 09-12-2020_DJI_0102_vari_grip_261,DehazeFormer,PSNR,33.499181837810454
vari-grip/good/Fotos 09-12-2020_DJI_0143_vari_grip_249,DehazeFormer,PSNR,31.142023826037953
vari-grip/good/Fotos 09-12-2020_DJI_0144_vari_grip_252,DehazeFormer,PSNR,27.719952670586103
vari-grip/good/Fotos 09-12-2020_DJI_0310_vari_grip_238,DehazeFormer,PSNR,30.563424892890147
vari-grip/good/Fotos 09-12-2020_DJI_0348_vari_grip_233,DehazeFormer,PSNR,29.23644807956595
vari-grip/good/Fotos 10-12-2020_DJI_0020_vari_grip_327,DehazeFormer,PSNR,30.63495408294247
vari-grip/good/Fotos 10-12-2020_DJI_0024_vari_grip_332,DehazeFormer,PSNR,22.95640902040552
vari-grip/good/Fotos 10-12-2020_DJI_0101_vari_grip_312,DehazeFormer,PSNR,30.895716583698793
vari-grip/good/Fotos 10-12-2020_DJI_0140_vari_grip_300,DehazeFormer,PSNR,33.72836733856422
vari-grip/good/Fotos 10-12-2020_DJI_0182_vari_grip_295,DehazeFormer,PSNR,31.27996759022533
vari-grip/good/Fotos 10-12-2020_DJI_0182_vari_grip_296,DehazeFormer,PSNR,32.76109046791934
vari-grip/good/Fotos 10-12-2020_DJI_0184_vari_grip_299,DehazeFormer,PSNR,30.461961767466388
vari-grip/good/Fotos 10-12-2020_DJI_0258_vari_grip_282,DehazeFormer,PSNR,36.01982910680786
vari-grip/good/Fotos 10-12-2020_DJI_0259_vari_grip_283,DehazeFormer,PSNR,30.060584799550334
vari-grip/good/Fotos 10-12-2020_DJI_0262_vari_grip_285,DehazeFormer,PSNR,26.363798524056858
vari-grip/good/Fotos 11-12-2020_DJI_0055_vari_grip_379,DehazeFormer,PSNR,31.37064494291172
vari-grip/good/Fotos 11-12-2020_DJI_0290_vari_grip_346,DehazeFormer,PSNR,25.38736571625791
vari-grip/good/Fotos 14-12-2020_DJI_0433_vari_grip_399,DehazeFormer,PSNR,28.79385135774996
vari-grip/good/Fotos 14-12-2020_DJI_0624_vari_grip_392,DehazeFormer,PSNR,29.901747397184433
vari-grip/good/Fotos 16-11-2020_DJI_0110_vari_grip_439,DehazeFormer,PSNR,27.8522447011406
vari-grip/good/Fotos 16-11-2020_DJI_0153_vari_grip_434,DehazeFormer,PSNR,30.412695386376544
vari-grip/good/Fotos 16-11-2020_DJI_0157_vari_grip_438,DehazeFormer,PSNR,32.95976128474378
vari-grip/good/Fotos 16-12-2020_DJI_0034_vari_grip_475,DehazeFormer,PSNR,29.156734005881486
vari-grip/good/Fotos 16-12-2020_DJI_0188_vari_grip_464,DehazeFormer,PSNR,30.826502998455133
vari-grip/good/Fotos 16-12-2020_DJI_0404_vari_grip_450,DehazeFormer,PSNR,24.217278085028916
vari-grip/good/Fotos 17-11-2020_DJI_0106_vari_grip_493,DehazeFormer,PSNR,30.285552110797465
vari-grip/good/Fotos 17-11-2020_DJI_0120_vari_grip_496,DehazeFormer,PSNR,31.288121910399383
vari-grip/good/Fotos 17-11-2020_DJI_0121_vari_grip_497,DehazeFormer,PSNR,30.193859197307997
vari-grip/good/Fotos 17-11-2020_DJI_0206_vari_grip_491,DehazeFormer,PSNR,27.70884955426711
vari-grip/good/Fotos 17-12-2020_DJI_0168_vari_grip_514,DehazeFormer,PSNR,30.59520598245941
vari-grip/good/Fotos 18-11-2020_DJI_0070_vari_grip_548,DehazeFormer,PSNR,30.437262577100633
vari-grip/good/Fotos 18-11-2020_DJI_0109_vari_grip_546,DehazeFormer,PSNR,28.357428771662814
vari-grip/good/Fotos 18-11-2020_DJI_0137_vari_grip_541,DehazeFormer,PSNR,29.38280358034418
vari-grip/good/Fotos 18-11-2020_DJI_0246_vari_grip_528,DehazeFormer,PSNR,32.899602349831085
vari-grip/good/Fotos 19-10-2020_DJI_0045_vari_grip_4,DehazeFormer,PSNR,28.715660042907864
vari-grip/good/Fotos 19-10-2020_DJI_0046_vari_grip_6,DehazeFormer,PSNR,31.129639643918505
vari-grip/good/Fotos 19-10-2020_DJI_0046_vari_grip_7,DehazeFormer,PSNR,29.289636544474757
vari-grip/good/Fotos 19-10-2020_DJI_0083_vari_grip_15,DehazeFormer,PSNR,28.11061244580652
vari-grip/good/Fotos 19-10-2020_DJI_0084_vari_grip_16,DehazeFormer,PSNR,26.915239554195345
vari-grip/good/Fotos 19-11-2020_DJI_0119_vari_grip_578,DehazeFormer,PSNR,31.514430436962407
vari-grip/good/Fotos 19-11-2020_DJI_0199_vari_grip_562,DehazeFormer,PSNR,32.92104688497902
vari-grip/good/Fotos 19-11-2020_DJI_0236_vari_grip_561,DehazeFormer,PSNR,30.382272547209954
vari-grip/good/Fotos 20-10-2020_DJI_0201_vari_grip_613,DehazeFormer,PSNR,29.118439147115218
vari-grip/good/Fotos 20-10-2020_DJI_0205_vari_grip_620,DehazeFormer,PSNR,29.302519881588246
vari-grip/good/Fotos 20-10-2020_DJI_0211_vari_grip_633,DehazeFormer,PSNR,27.824908201119474
vari-grip/good/Fotos 20-10-2020_DJI_0238_vari_grip_641,DehazeFormer,PSNR,29.88576242169281
vari-grip/good/Fotos 20-10-2020_DJI_0243_vari_grip_648,DehazeFormer,PSNR,30.249770195390475
vari-grip/good/Fotos 20-10-2020_DJI_0244_vari_grip_651,DehazeFormer,PSNR,28.652542026242354
vari-grip/good/Fotos 20-10-2020_DJI_0245_vari_grip_653,DehazeFormer,PSNR,29.019636207895537
vari-grip/good/Fotos 20-10-2020_DJI_0255_vari_grip_658,DehazeFormer,PSNR,30.67746895539182
vari-grip/good/Fotos 20-10-2020_DJI_0255_vari_grip_659,DehazeFormer,PSNR,30.52438893399213
vari-grip/good/Fotos 20-10-2020_DJI_0256_vari_grip_660,DehazeFormer,PSNR,29.854523434135963
vari-grip/good/Fotos 20-10-2020_DJI_0265_vari_grip_586,DehazeFormer,PSNR,29.898593740803193
vari-grip/good/Fotos 20-10-2020_DJI_0268_vari_grip_589,DehazeFormer,PSNR,31.56784842259528
vari-grip/good/Fotos 20-10-2020_DJI_0282_vari_grip_590,DehazeFormer,PSNR,32.8563564189139
vari-grip/good/Fotos 20-11-2020_DJI_0144_vari_grip_697,DehazeFormer,PSNR,30.502192372372747
vari-grip/good/Fotos 20-11-2020_DJI_0171_vari_grip_687,DehazeFormer,PSNR,30.367247526172687
vari-grip/good/Fotos 20-11-2020_DJI_0172_vari_grip_689,DehazeFormer,PSNR,29.105417930936095
vari-grip/good/Fotos 20-11-2020_DJI_0275_vari_grip_672,DehazeFormer,PSNR,27.918462297317323
vari-grip/good/Fotos 22-10-2020_DJI_0858_vari_grip_718,DehazeFormer,PSNR,31.855223146847443
vari-grip/good/Fotos 22-10-2020_DJI_0864_vari_grip_724,DehazeFormer,PSNR,32.554293834343625
vari-grip/good/Fotos 22-10-2020_DJI_0864_vari_grip_725,DehazeFormer,PSNR,29.845171347452613
vari-grip/good/Fotos 22-10-2020_DJI_0880_vari_grip_734,DehazeFormer,PSNR,30.996226851345472
vari-grip/good/Fotos 23-11-2020_DJI_0143_vari_grip_783,DehazeFormer,PSNR,30.865597943801465
vari-grip/good/Fotos 23-11-2020_DJI_0177_vari_grip_782,DehazeFormer,PSNR,30.254537772193352
vari-grip/good/Fotos 23-11-2020_DJI_0209_vari_grip_777,DehazeFormer,PSNR,29.579004272690106
vari-grip/good/Fotos 24-11-2020_DJI_0101_vari_grip_837,DehazeFormer,PSNR,27.230578961130885
vari-grip/good/Fotos 24-11-2020_DJI_0243_vari_grip_827,DehazeFormer,PSNR,28.790454025757885
vari-grip/good/Fotos 24-11-2020_DJI_0244_vari_grip_830,DehazeFormer,PSNR,28.99239578092409
vari-grip/good/Fotos 25-11-2020_DJI_0208_vari_grip_862,DehazeFormer,PSNR,29.855107193452806
vari-grip/good/Fotos 26-11-2020_DJI_0213_vari_grip_904,DehazeFormer,PSNR,32.37406683326323
vari-grip/good/Fotos 26-11-2020_DJI_0213_vari_grip_905,DehazeFormer,PSNR,29.28836349033281
vari-grip/good/Fotos 27-11-2020_DJI_0421_vari_grip_934,DehazeFormer,PSNR,29.707086767665004
vari-grip/good/Fotos 27-11-2020_DJI_0421_vari_grip_935,DehazeFormer,PSNR,31.30185002957978
vari-grip/good/Fotos 27-11-2020_DJI_0422_vari_grip_937,DehazeFormer,PSNR,30.601632863243225
vari-grip/good/Fotos 30-11-2020_DJI_0033_vari_grip_1007,DehazeFormer,PSNR,28.781179892645127
vari-grip/good/Fotos 30-11-2020_DJI_0193_vari_grip_996,DehazeFormer,PSNR,29.301526598432222
vari-grip/good/Fotos 30-11-2020_DJI_0437_vari_grip_975,DehazeFormer,PSNR,26.629322789805805
vari-grip/good/Fotos 30-11-2020_DJI_0438_vari_grip_976,DehazeFormer,PSNR,29.484874651408404
vari-grip/good/Fotos 30-11-2020_DJI_0501_vari_grip_969,DehazeFormer,PSNR,31.370132782263052
vari-grip/good/Fotos 30-11-2020_DJI_0561_vari_grip_964,DehazeFormer,PSNR,28.19587333222775
vari-grip/rust/01-06-2021_DJI_0030_6_0,DehazeFormer,PSNR,31.405119063514594
vari-grip/rust/01-06-2021_DJI_0030_6_7,DehazeFormer,PSNR,29.170698019457923
vari-grip/rust/01-06-2021_DJI_0146_39_2,DehazeFormer,PSNR,28.63696128555691
vari-grip/rust/01-06-2021_DJI_0146_39_6,DehazeFormer,PSNR,26.84984410769569
vari-grip/rust/01-06-2021_DJI_0146_40_0,DehazeFormer,PSNR,29.49662447645408
vari-grip/rust/01-06-2021_DJI_0162_46_6,DehazeFormer,PSNR,27.681559607515727
vari-grip/rust/02-06-2021_DJI_0359_261_8,DehazeFormer,PSNR,28.485993952581193
vari-grip/rust/08-06-2021_DJI_0385_421_2,DehazeFormer,PSNR,31.87389424486927
vari-grip/rust/08-06-2021_DJI_0385_421_4,DehazeFormer,PSNR,31.235533505506844
vari-grip/rust/08-06-2021_DJI_0385_421_6,DehazeFormer,PSNR,27.617527210839608
vari-grip/rust/08-06-2021_DJI_0385_422,DehazeFormer,PSNR,29.906889333039768
vari-grip/rust/08-06-2021_DJI_0385_422_0,DehazeFormer,PSNR,30.589146190832274
vari-grip/rust/08-06-2021_DJI_0385_422_5,DehazeFormer,PSNR,28.897711335081333
vari-grip/rust/09-06-2021_DJI_0466_568,DehazeFormer,PSNR,31.65637593364042
vari-grip/rust/09-06-2021_DJI_0466_568_6,DehazeFormer,PSNR,33.18852236841552
vari-grip/rust/09-06-2021_DJI_0467_570_2,DehazeFormer,PSNR,21.010808104249048
vari-grip/rust/09-06-2021_DJI_0467_570_4,DehazeFormer,PSNR,21.32120817594262
vari-grip/rust/10-06-2021_DJI_0018_611,DehazeFormer,PSNR,29.23514539087577
vari-grip/rust/10-06-2021_DJI_0018_611_1,DehazeFormer,PSNR,27.612860797053425
vari-grip/rust/10-06-2021_DJI_0018_611_7,DehazeFormer,PSNR,27.17490646208328
vari-grip/rust/10-06-2021_DJI_0019_613_5,DehazeFormer,PSNR,24.188236604282462
vari-grip/rust/11-06-2021_DJI_0479_11_6,DehazeFormer,PSNR,26.431679359556806
vari-grip/rust/11-06-2021_DJI_0479_11_7,DehazeFormer,PSNR,21.59769860521189
vari-grip/rust/11-06-2021_DJI_0479_11_8,DehazeFormer,PSNR,30.14857289801655
vari-grip/rust/15-06-2021_DJI_0118_741,DehazeFormer,PSNR,31.68481411902644
vari-grip/rust/Fotos 23-10-2020_DJI_0029_vari_grip_745_7,DehazeFormer,PSNR,19.71205481459347
vari-grip/rust/Fotos 23-10-2020_DJI_0031_vari_grip_748_0,DehazeFormer,PSNR,18.723883024453983
vari-grip/rust/Fotos 23-10-2020_DJI_0031_vari_grip_748_7,DehazeFormer,PSNR,20.446930258115458
vari-grip/rust/Fotos 23-10-2020_DJI_0032_vari_grip_750,DehazeFormer,PSNR,26.404628671445863
vari-grip/rust/Fotos 23-10-2020_DJI_0032_vari_grip_750_3,DehazeFormer,PSNR,23.367114464172015
vari-grip/rust/Fotos 23-10-2020_DJI_0034_vari_grip_751_0,DehazeFormer,PSNR,24.842486437958193
vari-grip/rust/Fotos 23-10-2020_DJI_0034_vari_grip_752,DehazeFormer,PSNR,27.24743432160806
vari-grip/rust/Fotos 23-10-2020_DJI_0034_vari_grip_752_7,DehazeFormer,PSNR,23.162895495861477
vari-grip/rust/Fotos 23-10-2020_DJI_0035_vari_grip_753_4,DehazeFormer,PSNR,27.523039049167885
vari-grip/rust/Fotos 23-10-2020_DJI_0035_vari_grip_753_5,DehazeFormer,PSNR,26.240053531570563
vari-grip/rust/Fotos 23-10-2020_DJI_0038_vari_grip_756_1,DehazeFormer,PSNR,25.433334294579172
vari-grip/rust/Fotos 23-10-2020_DJI_0038_vari_grip_756_4,DehazeFormer,PSNR,29.914664997668524
vari-grip/rust/Fotos 23-10-2020_DJI_0041_vari_grip_757,DehazeFormer,PSNR,29.21673143825714
vari-grip/rust/Fotos 23-10-2020_DJI_0043_vari_grip_759,DehazeFormer,PSNR,29.39415137209657
vari-grip/rust/Fotos 23-10-2020_DJI_0043_vari_grip_760_5,DehazeFormer,PSNR,28.2298749726747
vari-grip/rust/Fotos 23-10-2020_DJI_0043_vari_grip_760_8,DehazeFormer,PSNR,29.563199812912732
vari-grip/rust/Fotos 23-10-2020_DJI_0047_vari_grip_763_6,DehazeFormer,PSNR,28.094122352244728
vari-grip/rust/Fotos 23-10-2020_DJI_0047_vari_grip_764_0,DehazeFormer,PSNR,22.577619980602716
vari-grip/rust/Fotos 23-10-2020_DJI_0047_vari_grip_764_1,DehazeFormer,PSNR,25.40440730593431
vari-grip/rust/Fotos 23-10-2020_DJI_0047_vari_grip_764_3,DehazeFormer,PSNR,23.830844720034452
vari-grip/rust/Fotos 23-10-2020_DJI_0047_vari_grip_764_5,DehazeFormer,PSNR,24.306372069042805
vari-grip/rust/Fotos 23-10-2020_DJI_0048_vari_grip_765,DehazeFormer,PSNR,26.216271023420497
vari-grip/rust/Fotos 23-10-2020_DJI_0065_vari_grip_736,DehazeFormer,PSNR,29.823513749592053
vari-grip/rust/Fotos 23-10-2020_DJI_0065_vari_grip_736_0,DehazeFormer,PSNR,23.98488114902196
vari-grip/rust/Fotos 23-10-2020_DJI_0065_vari_grip_736_5,DehazeFormer,PSNR,28.199718787094003
vari-grip/rust/Fotos 23-10-2020_DJI_0072_vari_grip_737_3,DehazeFormer,PSNR,26.743610997983264
vari-grip/rust/Fotos 23-10-2020_DJI_0072_vari_grip_737_4,DehazeFormer,PSNR,26.19365460575089
vari-grip/rust/Fotos 23-10-2020_DJI_0072_vari_grip_737_6,DehazeFormer,PSNR,25.844463187995046
vari-grip/rust/Fotos 23-10-2020_DJI_0072_vari_grip_737_8,DehazeFormer,PSNR,25.756585145770487
vari-grip/rust/Fotos 23-10-2020_DJI_0073_vari_grip_738_1,DehazeFormer,PSNR,26.85956240538963
vari-grip/rust/Fotos 23-10-2020_DJI_0073_vari_grip_738_2,DehazeFormer,PSNR,29.260067395694527
vari-grip/rust/Fotos 23-10-2020_DJI_0074_vari_grip_739_0,DehazeFormer,PSNR,30.181807501329054
vari-grip/rust/Fotos 23-10-2020_DJI_0074_vari_grip_739_3,DehazeFormer,PSNR,26.273921574433725
vari-grip/rust/Fotos 23-10-2020_DJI_0113_vari_grip_743_4,DehazeFormer,PSNR,26.358671099000833
vari-grip/rust/Fotos 23-10-2020_DJI_0114_vari_grip_744_1,DehazeFormer,PSNR,28.74357531932905
vari-grip/rust/Fotos 23-10-2020_DJI_0114_vari_grip_744_7,DehazeFormer,PSNR,28.9427600139995
vari-grip/rust/Fotos 23-10-2020_DJI_0114_vari_grip_744_8,DehazeFormer,PSNR,30.207417714634317
vari-grip/bird-nest/08-06-2021_DJI_0089_322,DehazeFormer,SSIM,0.9653328401701791
vari-grip/bird-nest/08-06-2021_DJI_0089_322_3,DehazeFormer,SSIM,0.949487566947937
vari-grip/bird-nest/08-06-2021_DJI_0285_392,DehazeFormer,SSIM,0.9275603379522052
vari-grip/bird-nest/10-06-2021_DJI_0244_649_2,DehazeFormer,SSIM,0.9251109191349575
vari-grip/bird-nest/10-06-2021_DJI_0270_657_5,DehazeFormer,SSIM,0.8788228460720607
vari-grip/bird-nest/10-06-2021_DJI_0270_657_7,DehazeFormer,SSIM,0.9401036671229771
vari-grip/bird-nest/10-06-2021_DJI_0271_658_1,DehazeFormer,SSIM,0.974016147000449
vari-grip/bird-nest/10-06-2021_DJI_0271_658_2,DehazeFormer,SSIM,0.9584564481462751
vari-grip/bird-nest/10-06-2021_DJI_0271_658_6,DehazeFormer,SSIM,0.9796968187604632
vari-grip/bird-nest/10-06-2021_DJI_0271_658_8,DehazeFormer,SSIM,0.9671446681022644
vari-grip/bird-nest/11-06-2021_DJI_0121_4_1,DehazeFormer,SSIM,0.9772621393203735
vari-grip/bird-nest/11-06-2021_DJI_0121_4_4,DehazeFormer,SSIM,0.9737776347569057
vari-grip/bird-nest/11-06-2021_DJI_0121_4_5,DehazeFormer,SSIM,0.947029343673161
vari-grip/bird-nest/11-06-2021_DJI_0132_6_0,DehazeFormer,SSIM,0.9783618365015302
vari-grip/bird-nest/11-06-2021_DJI_0132_6_6,DehazeFormer,SSIM,0.9758765527180263
vari-grip/bird-nest/15-06-2021_DJI_0044_726,DehazeFormer,SSIM,0.9802159667015076
vari-grip/bird-nest/15-06-2021_DJI_0044_726_6,DehazeFormer,SSIM,0.9407387460981097
vari-grip/bird-nest/Fotos 02-12-2020_DJI_0492_vari_grip_56_4,DehazeFormer,SSIM,0.9620888658932277
vari-grip/bird-nest/Fotos 02-12-2020_DJI_0492_vari_grip_57_0,DehazeFormer,SSIM,0.9737101367541722
vari-grip/bird-nest/Fotos 02-12-2020_DJI_0492_vari_grip_57_4,DehazeFormer,SSIM,0.9532588975770133
vari-grip/bird-nest/Fotos 17-11-2020_DJI_0289_vari_grip_478,DehazeFormer,SSIM,0.9421960370881217
vari-grip/bird-nest/Fotos 17-11-2020_DJI_0303_vari_grip_479_0,DehazeFormer,SSIM,0.8940496785300118
vari-grip/bird-nest/Fotos 17-11-2020_DJI_0304_vari_grip_480,DehazeFormer,SSIM,0.9002351547990527
vari-grip/bird-nest/Fotos 18-11-2020_DJI_0209_vari_grip_530_0,DehazeFormer,SSIM,0.939970680645534
vari-grip/bird-nest/Fotos 18-11-2020_DJI_0209_vari_grip_530_3,DehazeFormer,SSIM,0.8899209584508624
vari-grip/bird-nest/Fotos 19-11-2020_DJI_0140_vari_grip_571_3,DehazeFormer,SSIM,0.9320530891418457
vari-grip/bird-nest/Fotos 19-11-2020_DJI_0140_vari_grip_571_7,DehazeFormer,SSIM,0.8848766429083688
vari-grip/bird-nest/Fotos 19-11-2020_DJI_0149_vari_grip_573_0,DehazeFormer,SSIM,0.876228792326791
vari-grip/bird-nest/Fotos 19-11-2020_DJI_0149_vari_grip_573_4,DehazeFormer,SSIM,0.8394923721040998
vari-grip/bird-nest/Fotos 19-11-2020_DJI_0149_vari_grip_573_6,DehazeFormer,SSIM,0.7798295957701546
vari-grip/bird-nest/Fotos 19-11-2020_DJI_0150_vari_grip_574_0,DehazeFormer,SSIM,0.8848530735288348
vari-grip/bird-nest/Fotos 19-11-2020_DJI_0150_vari_grip_575_1,DehazeFormer,SSIM,0.9012283427374703
vari-grip/bird-nest/Fotos 19-11-2020_DJI_0150_vari_grip_575_2,DehazeFormer,SSIM,0.94631256375994
vari-grip/bird-nest/Fotos 19-11-2020_DJI_0151_vari_grip_577_2,DehazeFormer,SSIM,0.935252674988338
vari-grip/bird-nest/Fotos 19-11-2020_DJI_0151_vari_grip_577_3,DehazeFormer,SSIM,0.899161330291203
vari-grip/bird-nest/Fotos 19-11-2020_DJI_0151_vari_grip_577_4,DehazeFormer,SSIM,0.9174738356045314
vari-grip/bird-nest/Fotos 20-11-2020_DJI_0210_vari_grip_683_2,DehazeFormer,SSIM,0.9146887574877057
vari-grip/bird-nest/Fotos 20-11-2020_DJI_0210_vari_grip_683_7,DehazeFormer,SSIM,0.9620792014258248
vari-grip/bird-nest/Fotos 23-11-2020_DJI_0279_vari_grip_768_0,DehazeFormer,SSIM,0.9291530506951469
vari-grip/bird-nest/Fotos 23-11-2020_DJI_0279_vari_grip_768_2,DehazeFormer,SSIM,0.8439225639615741
vari-grip/bird-nest/Fotos 25-11-2020_DJI_0207_vari_grip_861_0,DehazeFormer,SSIM,0.9222262757165092
vari-grip/bird-nest/Fotos 25-11-2020_DJI_0207_vari_grip_861_6,DehazeFormer,SSIM,0.9498390640531268
vari-grip/bird-nest/Fotos 25-11-2020_DJI_0563_vari_grip_841_0,DehazeFormer,SSIM,0.8728394848959786
vari-grip/bird-nest/Fotos 25-11-2020_DJI_0563_vari_grip_841_2,DehazeFormer,SSIM,0.9471061400004795
vari-grip/bird-nest/Fotos 25-11-2020_DJI_0563_vari_grip_841_4,DehazeFormer,SSIM,0.9117658393723624
vari-grip/bird-nest/Fotos 25-11-2020_DJI_0563_vari_grip_841_7,DehazeFormer,SSIM,0.9127703309059143
vari-grip/bird-nest/Fotos 25-11-2020_DJI_0564_vari_grip_843,DehazeFormer,SSIM,0.9292373486927578
vari-grip/bird-nest/Fotos 25-11-2020_DJI_0564_vari_grip_843_1,DehazeFormer,SSIM,0.9403686693736485
vari-grip/bird-nest/Fotos 25-11-2020_DJI_0564_vari_grip_843_2,DehazeFormer,SSIM,0.9546525308064052
vari-grip/bird-nest/Fotos 25-11-2020_DJI_0564_vari_grip_844,DehazeFormer,SSIM,0.9688213637896946
vari-grip/bird-nest/Fotos 25-11-2020_DJI_0564_vari_grip_844_4,DehazeFormer,SSIM,0.9347929869379316
vari-grip/bird-nest/Fotos 25-11-2020_DJI_0564_vari_grip_844_7,DehazeFormer,SSIM,0.9529034835951669
vari-grip/bird-nest/Fotos 25-11-2020_DJI_0564_vari_grip_844_8,DehazeFormer,SSIM,0.9507138218198504
vari-grip/bird-nest/Fotos 25-11-2020_DJI_0586_vari_grip_845,DehazeFormer,SSIM,0.9918075799942017
vari-grip/bird-nest/Fotos 25-11-2020_DJI_0586_vari_grip_845_2,DehazeFormer,SSIM,0.9634835720062256
vari-grip/bird-nest/Fotos 25-11-2020_DJI_0586_vari_grip_845_7,DehazeFormer,SSIM,0.9414550321442741
vari-grip/bird-nest/Fotos 25-11-2020_DJI_0586_vari_grip_845_8,DehazeFormer,SSIM,0.982461324759892
vari-grip/bird-nest/Fotos 25-11-2020_DJI_0586_vari_grip_846,DehazeFormer,SSIM,0.9880069664546421
vari-grip/bird-nest/Fotos 25-11-2020_DJI_0586_vari_grip_846_3,DehazeFormer,SSIM,0.9690642612321037
vari-grip/bird-nest/Fotos 25-11-2020_DJI_0586_vari_grip_846_4,DehazeFormer,SSIM,0.9890607254845756
vari-grip/bird-nest/Fotos 25-11-2020_DJI_0588_vari_grip_847_1,DehazeFormer,SSIM,0.930258401802608
vari-grip/bird-nest/Fotos 25-11-2020_DJI_0588_vari_grip_847_8,DehazeFormer,SSIM,0.9739350846835545
vari-grip/bird-nest/Fotos 26-11-2020_DJI_0214_vari_grip_906_1,DehazeFormer,SSIM,0.779711127281189
vari-grip/bird-nest/Fotos 26-11-2020_DJI_0214_vari_grip_907,DehazeFormer,SSIM,0.818368775503976
vari-grip/bird-nest/Fotos 26-11-2020_DJI_0215_vari_grip_908_3,DehazeFormer,SSIM,0.8937495010239738
vari-grip/bird-nest/Fotos 26-11-2020_DJI_0262_vari_grip_910,DehazeFormer,SSIM,0.8906086172376361
vari-grip/bird-nest/Fotos 26-11-2020_DJI_0262_vari_grip_911,DehazeFormer,SSIM,0.8658805319241115
vari-grip/bird-nest/Fotos 27-11-2020_DJI_0491_vari_grip_933_1,DehazeFormer,SSIM,0.8298751371247428
vari-grip/bird-nest/Fotos 27-11-2020_DJI_0491_vari_grip_933_4,DehazeFormer,SSIM,0.9351032631737846
vari-grip/bird-nest/Fotos 27-11-2020_DJI_0491_vari_grip_933_8,DehazeFormer,SSIM,0.9245207735470363
vari-grip/bird-nest/Fotos 27-11-2020_DJI_0566_vari_grip_924_6,DehazeFormer,SSIM,0.9138433252062116
vari-grip/bird-nest/Fotos 27-11-2020_DJI_0566_vari_grip_925,DehazeFormer,SSIM,0.9566331335476467
vari-grip/bird-nest/Fotos 27-11-2020_DJI_0566_vari_grip_925_2,DehazeFormer,SSIM,0.9120038662637983
vari-grip/bird-nest/Fotos 27-11-2020_DJI_0566_vari_grip_925_3,DehazeFormer,SSIM,0.9181182639939445
vari-grip/bird-nest/Fotos 27-11-2020_DJI_0566_vari_grip_925_6,DehazeFormer,SSIM,0.9071859291621617
vari-grip/good/Fotos 01-12-2020_DJI_0079_vari_grip_51,DehazeFormer,SSIM,0.9880200539316449
vari-grip/good/Fotos 01-12-2020_DJI_0140_vari_grip_47,DehazeFormer,SSIM,0.9690049460956028
vari-grip/good/Fotos 01-12-2020_DJI_0199_vari_grip_41,DehazeFormer,SSIM,0.9839599217687335
vari-grip/good/Fotos 01-12-2020_DJI_0342_vari_grip_32,DehazeFormer,SSIM,0.9854759659085955
vari-grip/good/Fotos 01-12-2020_DJI_0402_vari_grip_29,DehazeFormer,SSIM,0.9926247426441738
vari-grip/good/Fotos 01-12-2020_DJI_0457_vari_grip_24,DehazeFormer,SSIM,0.9821950793266296
vari-grip/good/Fotos 01-12-2020_DJI_0457_vari_grip_25,DehazeFormer,SSIM,0.9800923551831927
vari-grip/good/Fotos 02-12-2020_DJI_0020_vari_grip_94,DehazeFormer,SSIM,0.9901572125298637
vari-grip/good/Fotos 02-12-2020_DJI_0132_vari_grip_88,DehazeFormer,SSIM,0.98127623966762
vari-grip/good/Fotos 02-12-2020_DJI_0194_vari_grip_84,DehazeFormer,SSIM,0.9673592788832528
vari-grip/good/Fotos 02-12-2020_DJI_0367_vari_grip_65,DehazeFormer,SSIM,0.9823322381292071
vari-grip/good/Fotos 02-12-2020_DJI_0368_vari_grip_67,DehazeFormer,SSIM,0.9794900417327881
vari-grip/good/Fotos 02-12-2020_DJI_0374_vari_grip_71,DehazeFormer,SSIM,0.9681813631738935
vari-grip/good/Fotos 02-12-2020_DJI_0427_vari_grip_61,DehazeFormer,SSIM,0.9904431360108512
vari-grip/good/Fotos 03-12-2020_DJI_0149_vari_grip_126,DehazeFormer,SSIM,0.9911267757415771
vari-grip/good/Fotos 03-12-2020_DJI_0150_vari_grip_128,DehazeFormer,SSIM,0.9865512677601406
vari-grip/good/Fotos 03-12-2020_DJI_0457_vari_grip_110,DehazeFormer,SSIM,0.9913890957832336
vari-grip/good/Fotos 03-12-2020_DJI_0561_vari_grip_100,DehazeFormer,SSIM,0.9889208078384399
vari-grip/good/Fotos 04-12-2020_DJI_0762_vari_grip_164,DehazeFormer,SSIM,0.9926996741976056
vari-grip/good/Fotos 04-12-2020_DJI_0806_vari_grip_160,DehazeFormer,SSIM,0.9920777678489685
vari-grip/good/Fotos 04-12-2020_DJI_0902_vari_grip_149,DehazeFormer,SSIM,0.9961680769920349
vari-grip/good/Fotos 04-12-2020_DJI_0950_vari_grip_142,DehazeFormer,SSIM,0.99224454164505
vari-grip/good/Fotos 04-12-2020_DJI_0951_vari_grip_145,DehazeFormer,SSIM,0.984462422983987
vari-grip/good/Fotos 04-12-2020_DJI_0954_vari_grip_146,DehazeFormer,SSIM,0.8851372855050224
vari-grip/good/Fotos 04-12-2020_DJI_1000 (2)_vari_grip_141,DehazeFormer,SSIM,0.8766451137406486
vari-grip/good/Fotos 07-12-2020_DJI_0059_vari_grip_192,DehazeFormer,SSIM,0.9922537122453962
vari-grip/good/Fotos 07-12-2020_DJI_0140_vari_grip_183,DehazeFormer,SSIM,0.9299277663230896
vari-grip/good/Fotos 07-12-2020_DJI_0141_vari_grip_185,DehazeFormer,SSIM,0.9411401578358242
vari-grip/good/Fotos 07-12-2020_DJI_0155_vari_grip_186,DehazeFormer,SSIM,0.9632028937339783
vari-grip/good/Fotos 07-12-2020_DJI_0187_vari_grip_179,DehazeFormer,SSIM,0.9708475385393415
vari-grip/good/Fotos 08-12-2020_DJI_0452_vari_grip_225,DehazeFormer,SSIM,0.9890515889440264
vari-grip/good/Fotos 08-12-2020_DJI_0455_vari_grip_229,DehazeFormer,SSIM,0.8297691345214844
vari-grip/good/Fotos 08-12-2020_DJI_0538_vari_grip_218,DehazeFormer,SSIM,0.8536007915224347
vari-grip/good/Fotos 08-12-2020_DJI_0613_vari_grip_208,DehazeFormer,SSIM,0.9904244712420872
vari-grip/good/Fotos 08-12-2020_DJI_0652_vari_grip_204,DehazeFormer,SSIM,0.9893097792352948
vari-grip/good/Fotos 09-12-2020_DJI_0017_vari_grip_269,DehazeFormer,SSIM,0.9929535729544503
vari-grip/good/Fotos 09-12-2020_DJI_0018_vari_grip_271,DehazeFormer,SSIM,0.9761818051338196
vari-grip/good/Fotos 09-12-2020_DJI_0056_vari_grip_263,DehazeFormer,SSIM,0.9942615628242493
vari-grip/good/Fotos 09-12-2020_DJI_0102_vari_grip_261,DehazeFormer,SSIM,0.9868507385253906
vari-grip/good/Fotos 09-12-2020_DJI_0143_vari_grip_249,DehazeFormer,SSIM,0.9868610416139875
vari-grip/good/Fotos 09-12-2020_DJI_0144_vari_grip_252,DehazeFormer,SSIM,0.9882731778281075
vari-grip/good/Fotos 09-12-2020_DJI_0310_vari_grip_238,DehazeFormer,SSIM,0.9890466162136623
vari-grip/good/Fotos 09-12-2020_DJI_0348_vari_grip_233,DehazeFormer,SSIM,0.9742347172328404
vari-grip/good/Fotos 10-12-2020_DJI_0020_vari_grip_327,DehazeFormer,SSIM,0.9819779481206622
vari-grip/good/Fotos 10-12-2020_DJI_0024_vari_grip_332,DehazeFormer,SSIM,0.8785901665687561
vari-grip/good/Fotos 10-12-2020_DJI_0101_vari_grip_312,DehazeFormer,SSIM,0.9934357489858355
vari-grip/good/Fotos 10-12-2020_DJI_0140_vari_grip_300,DehazeFormer,SSIM,0.9917401160512652
vari-grip/good/Fotos 10-12-2020_DJI_0182_vari_grip_295,DehazeFormer,SSIM,0.9911990080560956
vari-grip/good/Fotos 10-12-2020_DJI_0182_vari_grip_296,DehazeFormer,SSIM,0.9917607477733067
vari-grip/good/Fotos 10-12-2020_DJI_0184_vari_grip_299,DehazeFormer,SSIM,0.952052891254425
vari-grip/good/Fotos 10-12-2020_DJI_0258_vari_grip_282,DehazeFormer,SSIM,0.9943698985236031
vari-grip/good/Fotos 10-12-2020_DJI_0259_vari_grip_283,DehazeFormer,SSIM,0.9756986498832703
vari-grip/good/Fotos 10-12-2020_DJI_0262_vari_grip_285,DehazeFormer,SSIM,0.9710615532738822
vari-grip/good/Fotos 11-12-2020_DJI_0055_vari_grip_379,DehazeFormer,SSIM,0.9907885193824768
vari-grip/good/Fotos 11-12-2020_DJI_0290_vari_grip_346,DehazeFormer,SSIM,0.8559976475579398
vari-grip/good/Fotos 14-12-2020_DJI_0433_vari_grip_399,DehazeFormer,SSIM,0.9034711633409772
vari-grip/good/Fotos 14-12-2020_DJI_0624_vari_grip_392,DehazeFormer,SSIM,0.9664266364915031
vari-grip/good/Fotos 16-11-2020_DJI_0110_vari_grip_439,DehazeFormer,SSIM,0.9044705203601292
vari-grip/good/Fotos 16-11-2020_DJI_0153_vari_grip_434,DehazeFormer,SSIM,0.9065966180392674
vari-grip/good/Fotos 16-11-2020_DJI_0157_vari_grip_438,DehazeFormer,SSIM,0.9377660240445819
vari-grip/good/Fotos 16-12-2020_DJI_0034_vari_grip_475,DehazeFormer,SSIM,0.9738806315830776
vari-grip/good/Fotos 16-12-2020_DJI_0188_vari_grip_464,DehazeFormer,SSIM,0.9860794288771493
vari-grip/good/Fotos 16-12-2020_DJI_0404_vari_grip_450,DehazeFormer,SSIM,0.9239880187170846
vari-grip/good/Fotos 17-11-2020_DJI_0106_vari_grip_493,DehazeFormer,SSIM,0.9436607871736798
vari-grip/good/Fotos 17-11-2020_DJI_0120_vari_grip_496,DehazeFormer,SSIM,0.8898566152368274
vari-grip/good/Fotos 17-11-2020_DJI_0121_vari_grip_497,DehazeFormer,SSIM,0.954706072807312
vari-grip/good/Fotos 17-11-2020_DJI_0206_vari_grip_491,DehazeFormer,SSIM,0.9096547620637077
vari-grip/good/Fotos 17-12-2020_DJI_0168_vari_grip_514,DehazeFormer,SSIM,0.9666993958609444
vari-grip/good/Fotos 18-11-2020_DJI_0070_vari_grip_548,DehazeFormer,SSIM,0.9461905360221863
vari-grip/good/Fotos 18-11-2020_DJI_0109_vari_grip_546,DehazeFormer,SSIM,0.9579371469361442
vari-grip/good/Fotos 18-11-2020_DJI_0137_vari_grip_541,DehazeFormer,SSIM,0.9024421657834735
vari-grip/good/Fotos 18-11-2020_DJI_0246_vari_grip_528,DehazeFormer,SSIM,0.9680806313242231
vari-grip/good/Fotos 19-10-2020_DJI_0045_vari_grip_4,DehazeFormer,SSIM,0.9643033061708722
vari-grip/good/Fotos 19-10-2020_DJI_0046_vari_grip_6,DehazeFormer,SSIM,0.9710487978799003
vari-grip/good/Fotos 19-10-2020_DJI_0046_vari_grip_7,DehazeFormer,SSIM,0.9458210042544773
vari-grip/good/Fotos 19-10-2020_DJI_0083_vari_grip_15,DehazeFormer,SSIM,0.9535076703344073
vari-grip/good/Fotos 19-10-2020_DJI_0084_vari_grip_16,DehazeFormer,SSIM,0.9517400520188468
vari-grip/good/Fotos 19-11-2020_DJI_0119_vari_grip_578,DehazeFormer,SSIM,0.9718323605401176
vari-grip/good/Fotos 19-11-2020_DJI_0199_vari_grip_562,DehazeFormer,SSIM,0.957160200391497
vari-grip/good/Fotos 19-11-2020_DJI_0236_vari_grip_561,DehazeFormer,SSIM,0.9437038387571063
vari-grip/good/Fotos 20-10-2020_DJI_0201_vari_grip_613,DehazeFormer,SSIM,0.9911777802876064
vari-grip/good/Fotos 20-10-2020_DJI_0205_vari_grip_620,DehazeFormer,SSIM,0.9745775631495884
vari-grip/good/Fotos 20-10-2020_DJI_0211_vari_grip_633,DehazeFormer,SSIM,0.9783634458269391
vari-grip/good/Fotos 20-10-2020_DJI_0238_vari_grip_641,DehazeFormer,SSIM,0.932384158883776
vari-grip/good/Fotos 20-10-2020_DJI_0243_vari_grip_648,DehazeFormer,SSIM,0.9496415853500366
vari-grip/good/Fotos 20-10-2020_DJI_0244_vari_grip_651,DehazeFormer,SSIM,0.9158144422939846
vari-grip/good/Fotos 20-10-2020_DJI_0245_vari_grip_653,DehazeFormer,SSIM,0.9303749203681946
vari-grip/good/Fotos 20-10-2020_DJI_0255_vari_grip_658,DehazeFormer,SSIM,0.9792422822543553
vari-grip/good/Fotos 20-10-2020_DJI_0255_vari_grip_659,DehazeFormer,SSIM,0.969592979976109
vari-grip/good/Fotos 20-10-2020_DJI_0256_vari_grip_660,DehazeFormer,SSIM,0.9681934118270874
vari-grip/good/Fotos 20-10-2020_DJI_0265_vari_grip_586,DehazeFormer,SSIM,0.941038361617497
vari-grip/good/Fotos 20-10-2020_DJI_0268_vari_grip_589,DehazeFormer,SSIM,0.9599947929382324
vari-grip/good/Fotos 20-10-2020_DJI_0282_vari_grip_590,DehazeFormer,SSIM,0.9527490990502494
vari-grip/good/Fotos 20-11-2020_DJI_0144_vari_grip_697,DehazeFormer,SSIM,0.8916851196970258
vari-grip/good/Fotos 20-11-2020_DJI_0171_vari_grip_687,DehazeFormer,SSIM,0.9710814186504909
vari-grip/good/Fotos 20-11-2020_DJI_0172_vari_grip_689,DehazeFormer,SSIM,0.9682028123310634
vari-grip/good/Fotos 20-11-2020_DJI_0275_vari_grip_672,DehazeFormer,SSIM,0.9893983347075326
vari-grip/good/Fotos 22-10-2020_DJI_0858_vari_grip_718,DehazeFormer,SSIM,0.9328367965562003
vari-grip/good/Fotos 22-10-2020_DJI_0864_vari_grip_724,DehazeFormer,SSIM,0.9460455008915493
vari-grip/good/Fotos 22-10-2020_DJI_0864_vari_grip_725,DehazeFormer,SSIM,0.9312496951648167
vari-grip/good/Fotos 22-10-2020_DJI_0880_vari_grip_734,DehazeFormer,SSIM,0.957523090498788
vari-grip/good/Fotos 23-11-2020_DJI_0143_vari_grip_783,DehazeFormer,SSIM,0.9840178063937596
vari-grip/good/Fotos 23-11-2020_DJI_0177_vari_grip_782,DehazeFormer,SSIM,0.9907614929335458
vari-grip/good/Fotos 23-11-2020_DJI_0209_vari_grip_777,DehazeFormer,SSIM,0.9643301367759705
vari-grip/good/Fotos 24-11-2020_DJI_0101_vari_grip_837,DehazeFormer,SSIM,0.9803270782743182
vari-grip/good/Fotos 24-11-2020_DJI_0243_vari_grip_827,DehazeFormer,SSIM,0.9201570408684867
vari-grip/good/Fotos 24-11-2020_DJI_0244_vari_grip_830,DehazeFormer,SSIM,0.8784440159797668
vari-grip/good/Fotos 25-11-2020_DJI_0208_vari_grip_862,DehazeFormer,SSIM,0.96123206615448
vari-grip/good/Fotos 26-11-2020_DJI_0213_vari_grip_904,DehazeFormer,SSIM,0.9047039236341204
vari-grip/good/Fotos 26-11-2020_DJI_0213_vari_grip_905,DehazeFormer,SSIM,0.9260876859937396
vari-grip/good/Fotos 27-11-2020_DJI_0421_vari_grip_934,DehazeFormer,SSIM,0.9081845113209316
vari-grip/good/Fotos 27-11-2020_DJI_0421_vari_grip_935,DehazeFormer,SSIM,0.9041333879743304
vari-grip/good/Fotos 27-11-2020_DJI_0422_vari_grip_937,DehazeFormer,SSIM,0.924358572278704
vari-grip/good/Fotos 30-11-2020_DJI_0033_vari_grip_1007,DehazeFormer,SSIM,0.9896129710333688
vari-grip/good/Fotos 30-11-2020_DJI_0193_vari_grip_996,DehazeFormer,SSIM,0.9825751270566668
vari-grip/good/Fotos 30-11-2020_DJI_0437_vari_grip_975,DehazeFormer,SSIM,0.9848327125821795
vari-grip/good/Fotos 30-11-2020_DJI_0438_vari_grip_976,DehazeFormer,SSIM,0.9903312070029122
vari-grip/good/Fotos 30-11-2020_DJI_0501_vari_grip_969,DehazeFormer,SSIM,0.9910614320210048
vari-grip/good/Fotos 30-11-2020_DJI_0561_vari_grip_964,DehazeFormer,SSIM,0.9906970688274929
vari-grip/rust/01-06-2021_DJI_0030_6_0,DehazeFormer,SSIM,0.9636983445712498
vari-grip/rust/01-06-2021_DJI_0030_6_7,DehazeFormer,SSIM,0.9399681091308594
vari-grip/rust/01-06-2021_DJI_0146_39_2,DehazeFormer,SSIM,0.9499586139406476
vari-grip/rust/01-06-2021_DJI_0146_39_6,DehazeFormer,SSIM,0.9292122040476117
vari-grip/rust/01-06-2021_DJI_0146_40_0,DehazeFormer,SSIM,0.9783946531159537
vari-grip/rust/01-06-2021_DJI_0162_46_6,DehazeFormer,SSIM,0.982965988772256
vari-grip/rust/02-06-2021_DJI_0359_261_8,DehazeFormer,SSIM,0.9244486519268581
vari-grip/rust/08-06-2021_DJI_0385_421_2,DehazeFormer,SSIM,0.9765029890196664
vari-grip/rust/08-06-2021_DJI_0385_421_4,DehazeFormer,SSIM,0.9641860553196498
vari-grip/rust/08-06-2021_DJI_0385_421_6,DehazeFormer,SSIM,0.9605292337281364
vari-grip/rust/08-06-2021_DJI_0385_422,DehazeFormer,SSIM,0.9622975843293327
vari-grip/rust/08-06-2021_DJI_0385_422_0,DehazeFormer,SSIM,0.9390611733709063
vari-grip/rust/08-06-2021_DJI_0385_422_5,DehazeFormer,SSIM,0.9493497950690133
vari-grip/rust/09-06-2021_DJI_0466_568,DehazeFormer,SSIM,0.9783630967140198
vari-grip/rust/09-06-2021_DJI_0466_568_6,DehazeFormer,SSIM,0.9815988455499921
vari-grip/rust/09-06-2021_DJI_0467_570_2,DehazeFormer,SSIM,0.9287335617201669
vari-grip/rust/09-06-2021_DJI_0467_570_4,DehazeFormer,SSIM,0.9228057180132184
vari-grip/rust/10-06-2021_DJI_0018_611,DehazeFormer,SSIM,0.9496651462146214
vari-grip/rust/10-06-2021_DJI_0018_611_1,DehazeFormer,SSIM,0.9065976824079242
vari-grip/rust/10-06-2021_DJI_0018_611_7,DehazeFormer,SSIM,0.947427111012595
vari-grip/rust/10-06-2021_DJI_0019_613_5,DehazeFormer,SSIM,0.9463277544294085
vari-grip/rust/11-06-2021_DJI_0479_11_6,DehazeFormer,SSIM,0.9516363739967346
vari-grip/rust/11-06-2021_DJI_0479_11_7,DehazeFormer,SSIM,0.906225323677063
vari-grip/rust/11-06-2021_DJI_0479_11_8,DehazeFormer,SSIM,0.9486889924321856
vari-grip/rust/15-06-2021_DJI_0118_741,DehazeFormer,SSIM,0.9728554061480931
vari-grip/rust/Fotos 23-10-2020_DJI_0029_vari_grip_745_7,DehazeFormer,SSIM,0.8734071510178703
vari-grip/rust/Fotos 23-10-2020_DJI_0031_vari_grip_748_0,DehazeFormer,SSIM,0.816350417477744
vari-grip/rust/Fotos 23-10-2020_DJI_0031_vari_grip_748_7,DehazeFormer,SSIM,0.7936728000640869
vari-grip/rust/Fotos 23-10-2020_DJI_0032_vari_grip_750,DehazeFormer,SSIM,0.9190192137445722
vari-grip/rust/Fotos 23-10-2020_DJI_0032_vari_grip_750_3,DehazeFormer,SSIM,0.8663058025496346
vari-grip/rust/Fotos 23-10-2020_DJI_0034_vari_grip_751_0,DehazeFormer,SSIM,0.9432608314922878
vari-grip/rust/Fotos 23-10-2020_DJI_0034_vari_grip_752,DehazeFormer,SSIM,0.9611685190882001
vari-grip/rust/Fotos 23-10-2020_DJI_0034_vari_grip_752_7,DehazeFormer,SSIM,0.9252935477665493
vari-grip/rust/Fotos 23-10-2020_DJI_0035_vari_grip_753_4,DehazeFormer,SSIM,0.9471074598176139
vari-grip/rust/Fotos 23-10-2020_DJI_0035_vari_grip_753_5,DehazeFormer,SSIM,0.9301332150186811
vari-grip/rust/Fotos 23-10-2020_DJI_0038_vari_grip_756_1,DehazeFormer,SSIM,0.9654051406042916
vari-grip/rust/Fotos 23-10-2020_DJI_0038_vari_grip_756_4,DehazeFormer,SSIM,0.9679554189954486
vari-grip/rust/Fotos 23-10-2020_DJI_0041_vari_grip_757,DehazeFormer,SSIM,0.9373319149017334
vari-grip/rust/Fotos 23-10-2020_DJI_0043_vari_grip_759,DehazeFormer,SSIM,0.964879972594125
vari-grip/rust/Fotos 23-10-2020_DJI_0043_vari_grip_760_5,DehazeFormer,SSIM,0.9651988829885211
vari-grip/rust/Fotos 23-10-2020_DJI_0043_vari_grip_760_8,DehazeFormer,SSIM,0.9456502710069928
vari-grip/rust/Fotos 23-10-2020_DJI_0047_vari_grip_763_6,DehazeFormer,SSIM,0.962943570954459
vari-grip/rust/Fotos 23-10-2020_DJI_0047_vari_grip_764_0,DehazeFormer,SSIM,0.8425594568252563
vari-grip/rust/Fotos 23-10-2020_DJI_0047_vari_grip_764_1,DehazeFormer,SSIM,0.9211320791925702
vari-grip/rust/Fotos 23-10-2020_DJI_0047_vari_grip_764_3,DehazeFormer,SSIM,0.860123757805143
vari-grip/rust/Fotos 23-10-2020_DJI_0047_vari_grip_764_5,DehazeFormer,SSIM,0.9046959621565682
vari-grip/rust/Fotos 23-10-2020_DJI_0048_vari_grip_765,DehazeFormer,SSIM,0.9148811527660915
vari-grip/rust/Fotos 23-10-2020_DJI_0065_vari_grip_736,DehazeFormer,SSIM,0.9605911203793117
vari-grip/rust/Fotos 23-10-2020_DJI_0065_vari_grip_736_0,DehazeFormer,SSIM,0.8473443048340934
vari-grip/rust/Fotos 23-10-2020_DJI_0065_vari_grip_736_5,DehazeFormer,SSIM,0.929535618850163
vari-grip/rust/Fotos 23-10-2020_DJI_0072_vari_grip_737_3,DehazeFormer,SSIM,0.9180225559643337
vari-grip/rust/Fotos 23-10-2020_DJI_0072_vari_grip_737_4,DehazeFormer,SSIM,0.9442164131573269
vari-grip/rust/Fotos 23-10-2020_DJI_0072_vari_grip_737_6,DehazeFormer,SSIM,0.9297794359070914
vari-grip/rust/Fotos 23-10-2020_DJI_0072_vari_grip_737_8,DehazeFormer,SSIM,0.9054002676691327
vari-grip/rust/Fotos 23-10-2020_DJI_0073_vari_grip_738_1,DehazeFormer,SSIM,0.9237721392086574
vari-grip/rust/Fotos 23-10-2020_DJI_0073_vari_grip_738_2,DehazeFormer,SSIM,0.9639931235994611
vari-grip/rust/Fotos 23-10-2020_DJI_0074_vari_grip_739_0,DehazeFormer,SSIM,0.9801998479025704
vari-grip/rust/Fotos 23-10-2020_DJI_0074_vari_grip_739_3,DehazeFormer,SSIM,0.9707025630133492
vari-grip/rust/Fotos 23-10-2020_DJI_0113_vari_grip_743_4,DehazeFormer,SSIM,0.8466553815773555
vari-grip/rust/Fotos 23-10-2020_DJI_0114_vari_grip_744_1,DehazeFormer,SSIM,0.9256241066115243
vari-grip/rust/Fotos 23-10-2020_DJI_0114_vari_grip_744_7,DehazeFormer,SSIM,0.9207130755696978
vari-grip/rust/Fotos 23-10-2020_DJI_0114_vari_grip_744_8,DehazeFormer,SSIM,0.9429055537496295
vari-grip/bird-nest/08-06-2021_DJI_0089_322,DehazeFormer,LPIPS,0.15610807149537972
vari-grip/bird-nest/08-06-2021_DJI_0089_322_3,DehazeFormer,LPIPS,0.1318166878606592
vari-grip/bird-nest/08-06-2021_DJI_0285_392,DehazeFormer,LPIPS,0.16418283512549742
vari-grip/bird-nest/10-06-2021_DJI_0244_649_2,DehazeFormer,LPIPS,0.11409763193556241
vari-grip/bird-nest/10-06-2021_DJI_0270_657_5,DehazeFormer,LPIPS,0.21682913042604923
vari-grip/bird-nest/10-06-2021_DJI_0270_657_7,DehazeFormer,LPIPS,0.1864106436925275
vari-grip/bird-nest/10-06-2021_DJI_0271_658_1,DehazeFormer,LPIPS,0.10208505179200854
vari-grip/bird-nest/10-06-2021_DJI_0271_658_2,DehazeFormer,LPIPS,0.10435526126197406
vari-grip/bird-nest/10-06-2021_DJI_0271_658_6,DehazeFormer,LPIPS,0.06315581394093377
vari-grip/bird-nest/10-06-2021_DJI_0271_658_8,DehazeFormer,LPIPS,0.10706317584429469
vari-grip/bird-nest/11-06-2021_DJI_0121_4_1,DehazeFormer,LPIPS,0.13883554775800025
vari-grip/bird-nest/11-06-2021_DJI_0121_4_4,DehazeFormer,LPIPS,0.12432586188827242
vari-grip/bird-nest/11-06-2021_DJI_0121_4_5,DehazeFormer,LPIPS,0.16148835101297923
vari-grip/bird-nest/11-06-2021_DJI_0132_6_0,DehazeFormer,LPIPS,0.1498453989624977
vari-grip/bird-nest/11-06-2021_DJI_0132_6_6,DehazeFormer,LPIPS,0.14917892616774356
vari-grip/bird-nest/15-06-2021_DJI_0044_726,DehazeFormer,LPIPS,0.07534767554274627
vari-grip/bird-nest/15-06-2021_DJI_0044_726_6,DehazeFormer,LPIPS,0.16942971545670713
vari-grip/bird-nest/Fotos 02-12-2020_DJI_0492_vari_grip_56_4,DehazeFormer,LPIPS,0.13703981068517482
vari-grip/bird-nest/Fotos 02-12-2020_DJI_0492_vari_grip_57_0,DehazeFormer,LPIPS,0.10994782937424523
vari-grip/bird-nest/Fotos 02-12-2020_DJI_0492_vari_grip_57_4,DehazeFormer,LPIPS,0.14677428188068525
vari-grip/bird-nest/Fotos 17-11-2020_DJI_0289_vari_grip_478,DehazeFormer,LPIPS,0.10580459982156754
vari-grip/bird-nest/Fotos 17-11-2020_DJI_0303_vari_grip_479_0,DehazeFormer,LPIPS,0.14840167494756834
vari-grip/bird-nest/Fotos 17-11-2020_DJI_0304_vari_grip_480,DehazeFormer,LPIPS,0.1427859818296773
vari-grip/bird-nest/Fotos 18-11-2020_DJI_0209_vari_grip_530_0,DehazeFormer,LPIPS,0.17117587264095033
vari-grip/bird-nest/Fotos 18-11-2020_DJI_0209_vari_grip_530_3,DehazeFormer,LPIPS,0.18063979968428612
vari-grip/bird-nest/Fotos 19-11-2020_DJI_0140_vari_grip_571_3,DehazeFormer,LPIPS,0.1766306928225926
vari-grip/bird-nest/Fotos 19-11-2020_DJI_0140_vari_grip_571_7,DehazeFormer,LPIPS,0.2175928886447634
vari-grip/bird-nest/Fotos 19-11-2020_DJI_0149_vari_grip_573_0,DehazeFormer,LPIPS,0.2330933458038739
vari-grip/bird-nest/Fotos 19-11-2020_DJI_0149_vari_grip_573_4,DehazeFormer,LPIPS,0.19402873516082764
vari-grip/bird-nest/Fotos 19-11-2020_DJI_0149_vari_grip_573_6,DehazeFormer,LPIPS,0.25574707239866257
vari-grip/bird-nest/Fotos 19-11-2020_DJI_0150_vari_grip_574_0,DehazeFormer,LPIPS,0.29591465847832815
vari-grip/bird-nest/Fotos 19-11-2020_DJI_0150_vari_grip_575_1,DehazeFormer,LPIPS,0.22932513217840875
vari-grip/bird-nest/Fotos 19-11-2020_DJI_0150_vari_grip_575_2,DehazeFormer,LPIPS,0.12463568869446005
vari-grip/bird-nest/Fotos 19-11-2020_DJI_0151_vari_grip_577_2,DehazeFormer,LPIPS,0.11220489389130048
vari-grip/bird-nest/Fotos 19-11-2020_DJI_0151_vari_grip_577_3,DehazeFormer,LPIPS,0.20869592364345277
vari-grip/bird-nest/Fotos 19-11-2020_DJI_0151_vari_grip_577_4,DehazeFormer,LPIPS,0.15465844316141947
vari-grip/bird-nest/Fotos 20-11-2020_DJI_0210_vari_grip_683_2,DehazeFormer,LPIPS,0.18666189217141696
vari-grip/bird-nest/Fotos 20-11-2020_DJI_0210_vari_grip_683_7,DehazeFormer,LPIPS,0.1557884652699743
vari-grip/bird-nest/Fotos 23-11-2020_DJI_0279_vari_grip_768_0,DehazeFormer,LPIPS,0.12603444180318288
vari-grip/bird-nest/Fotos 23-11-2020_DJI_0279_vari_grip_768_2,DehazeFormer,LPIPS,0.18998199914182937
vari-grip/bird-nest/Fotos 25-11-2020_DJI_0207_vari_grip_861_0,DehazeFormer,LPIPS,0.12632707985384123
vari-grip/bird-nest/Fotos 25-11-2020_DJI_0207_vari_grip_861_6,DehazeFormer,LPIPS,0.11831457806485039
vari-grip/bird-nest/Fotos 25-11-2020_DJI_0563_vari_grip_841_0,DehazeFormer,LPIPS,0.15711828587310656
vari-grip/bird-nest/Fotos 25-11-2020_DJI_0563_vari_grip_841_2,DehazeFormer,LPIPS,0.12478202421750341
vari-grip/bird-nest/Fotos 25-11-2020_DJI_0563_vari_grip_841_4,DehazeFormer,LPIPS,0.1682642176747322
vari-grip/bird-nest/Fotos 25-11-2020_DJI_0563_vari_grip_841_7,DehazeFormer,LPIPS,0.1569413851414408
vari-grip/bird-nest/Fotos 25-11-2020_DJI_0564_vari_grip_843,DehazeFormer,LPIPS,0.1740762751017298
vari-grip/bird-nest/Fotos 25-11-2020_DJI_0564_vari_grip_843_1,DehazeFormer,LPIPS,0.11254872647779328
vari-grip/bird-nest/Fotos 25-11-2020_DJI_0564_vari_grip_843_2,DehazeFormer,LPIPS,0.17805957315223558
vari-grip/bird-nest/Fotos 25-11-2020_DJI_0564_vari_grip_844,DehazeFormer,LPIPS,0.12814424825566156
vari-grip/bird-nest/Fotos 25-11-2020_DJI_0564_vari_grip_844_4,DehazeFormer,LPIPS,0.19499077381832258
vari-grip/bird-nest/Fotos 25-11-2020_DJI_0564_vari_grip_844_7,DehazeFormer,LPIPS,0.10988540388643742
vari-grip/bird-nest/Fotos 25-11-2020_DJI_0564_vari_grip_844_8,DehazeFormer,LPIPS,0.125213695956128
vari-grip/bird-nest/Fotos 25-11-2020_DJI_0586_vari_grip_845,DehazeFormer,LPIPS,0.06123581102916172
vari-grip/bird-nest/Fotos 25-11-2020_DJI_0586_vari_grip_845_2,DehazeFormer,LPIPS,0.1337430737912655
vari-grip/bird-nest/Fotos 25-11-2020_DJI_0586_vari_grip_845_7,DehazeFormer,LPIPS,0.1800282634794712
vari-grip/bird-nest/Fotos 25-11-2020_DJI_0586_vari_grip_845_8,DehazeFormer,LPIPS,0.11470854202551502
vari-grip/bird-nest/Fotos 25-11-2020_DJI_0586_vari_grip_846,DehazeFormer,LPIPS,0.06627512669989041
vari-grip/bird-nest/Fotos 25-11-2020_DJI_0586_vari_grip_846_3,DehazeFormer,LPIPS,0.11120135563292674
vari-grip/bird-nest/Fotos 25-11-2020_DJI_0586_vari_grip_846_4,DehazeFormer,LPIPS,0.05947682660605226
vari-grip/bird-nest/Fotos 25-11-2020_DJI_0588_vari_grip_847_1,DehazeFormer,LPIPS,0.1810735480061599
vari-grip/bird-nest/Fotos 25-11-2020_DJI_0588_vari_grip_847_8,DehazeFormer,LPIPS,0.1569703561919076
vari-grip/bird-nest/Fotos 26-11-2020_DJI_0214_vari_grip_906_1,DehazeFormer,LPIPS,0.212983315544469
vari-grip/bird-nest/Fotos 26-11-2020_DJI_0214_vari_grip_907,DehazeFormer,LPIPS,0.18253590086741106
vari-grip/bird-nest/Fotos 26-11-2020_DJI_0215_vari_grip_908_3,DehazeFormer,LPIPS,0.18447857137237275
vari-grip/bird-nest/Fotos 26-11-2020_DJI_0262_vari_grip_910,DehazeFormer,LPIPS,0.21621642261743546
vari-grip/bird-nest/Fotos 26-11-2020_DJI_0262_vari_grip_911,DehazeFormer,LPIPS,0.1696224957704544
vari-grip/bird-nest/Fotos 27-11-2020_DJI_0491_vari_grip_933_1,DehazeFormer,LPIPS,0.1831828776214804
vari-grip/bird-nest/Fotos 27-11-2020_DJI_0491_vari_grip_933_4,DehazeFormer,LPIPS,0.12176409629838807
vari-grip/bird-nest/Fotos 27-11-2020_DJI_0491_vari_grip_933_8,DehazeFormer,LPIPS,0.14145754703453609
vari-grip/bird-nest/Fotos 27-11-2020_DJI_0566_vari_grip_924_6,DehazeFormer,LPIPS,0.1479360439947673
vari-grip/bird-nest/Fotos 27-11-2020_DJI_0566_vari_grip_925,DehazeFormer,LPIPS,0.07008465086775166
vari-grip/bird-nest/Fotos 27-11-2020_DJI_0566_vari_grip_925_2,DehazeFormer,LPIPS,0.16017980740538665
vari-grip/bird-nest/Fotos 27-11-2020_DJI_0566_vari_grip_925_3,DehazeFormer,LPIPS,0.12613995027329242
vari-grip/bird-nest/Fotos 27-11-2020_DJI_0566_vari_grip_925_6,DehazeFormer,LPIPS,0.14586483288024152
vari-grip/good/Fotos 01-12-2020_DJI_0079_vari_grip_51,DehazeFormer,LPIPS,0.12815021936382567
vari-grip/good/Fotos 01-12-2020_DJI_0140_vari_grip_47,DehazeFormer,LPIPS,0.15026736578771047
vari-grip/good/Fotos 01-12-2020_DJI_0199_vari_grip_41,DehazeFormer,LPIPS,0.08298262687666076
vari-grip/good/Fotos 01-12-2020_DJI_0342_vari_grip_32,DehazeFormer,LPIPS,0.10413789962019239
vari-grip/good/Fotos 01-12-2020_DJI_0402_vari_grip_29,DehazeFormer,LPIPS,0.054470310519848554
vari-grip/good/Fotos 01-12-2020_DJI_0457_vari_grip_24,DehazeFormer,LPIPS,0.11940895659582955
vari-grip/good/Fotos 01-12-2020_DJI_0457_vari_grip_25,DehazeFormer,LPIPS,0.11556266301444598
vari-grip/good/Fotos 02-12-2020_DJI_0020_vari_grip_94,DehazeFormer,LPIPS,0.07039144794855799
vari-grip/good/Fotos 02-12-2020_DJI_0132_vari_grip_88,DehazeFormer,LPIPS,0.05238228637192931
vari-grip/good/Fotos 02-12-2020_DJI_0194_vari_grip_84,DehazeFormer,LPIPS,0.11224807798862457
vari-grip/good/Fotos 02-12-2020_DJI_0367_vari_grip_65,DehazeFormer,LPIPS,0.06790670539651598
vari-grip/good/Fotos 02-12-2020_DJI_0368_vari_grip_67,DehazeFormer,LPIPS,0.06276896170207433
vari-grip/good/Fotos 02-12-2020_DJI_0374_vari_grip_71,DehazeFormer,LPIPS,0.16867366220269883
vari-grip/good/Fotos 02-12-2020_DJI_0427_vari_grip_61,DehazeFormer,LPIPS,0.05970855137067182
vari-grip/good/Fotos 03-12-2020_DJI_0149_vari_grip_126,DehazeFormer,LPIPS,0.05709710743810449
vari-grip/good/Fotos 03-12-2020_DJI_0150_vari_grip_128,DehazeFormer,LPIPS,0.05887907184660435
vari-grip/good/Fotos 03-12-2020_DJI_0457_vari_grip_110,DehazeFormer,LPIPS,0.04969483640577112
vari-grip/good/Fotos 03-12-2020_DJI_0561_vari_grip_100,DehazeFormer,LPIPS,0.06982012811516013
vari-grip/good/Fotos 04-12-2020_DJI_0762_vari_grip_164,DehazeFormer,LPIPS,0.06637932306953839
vari-grip/good/Fotos 04-12-2020_DJI_0806_vari_grip_160,DehazeFormer,LPIPS,0.05784841414008822
vari-grip/good/Fotos 04-12-2020_DJI_0902_vari_grip_149,DehazeFormer,LPIPS,0.025873014969485148
vari-grip/good/Fotos 04-12-2020_DJI_0950_vari_grip_142,DehazeFormer,LPIPS,0.05431984258549554
vari-grip/good/Fotos 04-12-2020_DJI_0951_vari_grip_145,DehazeFormer,LPIPS,0.07373346787478242
vari-grip/good/Fotos 04-12-2020_DJI_0954_vari_grip_146,DehazeFormer,LPIPS,0.29462011797087534
vari-grip/good/Fotos 04-12-2020_DJI_1000 (2)_vari_grip_141,DehazeFormer,LPIPS,0.2470219082065991
vari-grip/good/Fotos 07-12-2020_DJI_0059_vari_grip_192,DehazeFormer,LPIPS,0.06092796953661101
vari-grip/good/Fotos 07-12-2020_DJI_0140_vari_grip_183,DehazeFormer,LPIPS,0.13923845519976957
vari-grip/good/Fotos 07-12-2020_DJI_0141_vari_grip_185,DehazeFormer,LPIPS,0.12752018868923187
vari-grip/good/Fotos 07-12-2020_DJI_0155_vari_grip_186,DehazeFormer,LPIPS,0.08028483763337135
vari-grip/good/Fotos 07-12-2020_DJI_0187_vari_grip_179,DehazeFormer,LPIPS,0.09308777722929205
vari-grip/good/Fotos 08-12-2020_DJI_0452_vari_grip_225,DehazeFormer,LPIPS,0.07149610349110194
vari-grip/good/Fotos 08-12-2020_DJI_0455_vari_grip_229,DehazeFormer,LPIPS,0.29942562005349566
vari-grip/good/Fotos 08-12-2020_DJI_0538_vari_grip_218,DehazeFormer,LPIPS,0.3280376068183354
vari-grip/good/Fotos 08-12-2020_DJI_0613_vari_grip_208,DehazeFormer,LPIPS,0.06802676671317645
vari-grip/good/Fotos 08-12-2020_DJI_0652_vari_grip_204,DehazeFormer,LPIPS,0.052869614745889394
vari-grip/good/Fotos 09-12-2020_DJI_0017_vari_grip_269,DehazeFormer,LPIPS,0.05022432708314487
vari-grip/good/Fotos 09-12-2020_DJI_0018_vari_grip_271,DehazeFormer,LPIPS,0.15736021686877524
vari-grip/good/Fotos 09-12-2020_DJI_0056_vari_grip_263,DehazeFormer,LPIPS,0.0564924781875951
vari-grip/good/Fotos 09-12-2020_DJI_0102_vari_grip_261,DehazeFormer,LPIPS,0.07573855482041836
vari-grip/good/Fotos 09-12-2020_DJI_0143_vari_grip_249,DehazeFormer,LPIPS,0.11632625918303217
vari-grip/good/Fotos 09-12-2020_DJI_0144_vari_grip_252,DehazeFormer,LPIPS,0.09781127848795482
vari-grip/good/Fotos 09-12-2020_DJI_0310_vari_grip_238,DehazeFormer,LPIPS,0.07592151526893888
vari-grip/good/Fotos 09-12-2020_DJI_0348_vari_grip_233,DehazeFormer,LPIPS,0.09916842090232032
vari-grip/good/Fotos 10-12-2020_DJI_0020_vari_grip_327,DehazeFormer,LPIPS,0.07717106943683964
vari-grip/good/Fotos 10-12-2020_DJI_0024_vari_grip_332,DehazeFormer,LPIPS,0.31857242967401234
vari-grip/good/Fotos 10-12-2020_DJI_0101_vari_grip_312,DehazeFormer,LPIPS,0.09238725740994726
vari-grip/good/Fotos 10-12-2020_DJI_0140_vari_grip_300,DehazeFormer,LPIPS,0.05303114772375141
vari-grip/good/Fotos 10-12-2020_DJI_0182_vari_grip_295,DehazeFormer,LPIPS,0.09158458028520856
vari-grip/good/Fotos 10-12-2020_DJI_0182_vari_grip_296,DehazeFormer,LPIPS,0.08749728942556041
vari-grip/good/Fotos 10-12-2020_DJI_0184_vari_grip_299,DehazeFormer,LPIPS,0.19801016471215657
vari-grip/good/Fotos 10-12-2020_DJI_0258_vari_grip_282,DehazeFormer,LPIPS,0.03702938716326441
vari-grip/good/Fotos 10-12-2020_DJI_0259_vari_grip_283,DehazeFormer,LPIPS,0.12438515041555677
vari-grip/good/Fotos 10-12-2020_DJI_0262_vari_grip_285,DehazeFormer,LPIPS,0.1263308743281024
vari-grip/good/Fotos 11-12-2020_DJI_0055_vari_grip_379,DehazeFormer,LPIPS,0.05576946320278304
vari-grip/good/Fotos 11-12-2020_DJI_0290_vari_grip_346,DehazeFormer,LPIPS,0.26123764578785214
vari-grip/good/Fotos 14-12-2020_DJI_0433_vari_grip_399,DehazeFormer,LPIPS,0.1625859732074397
vari-grip/good/Fotos 14-12-2020_DJI_0624_vari_grip_392,DehazeFormer,LPIPS,0.14226712020380156
vari-grip/good/Fotos 16-11-2020_DJI_0110_vari_grip_439,DehazeFormer,LPIPS,0.13647490234247275
vari-grip/good/Fotos 16-11-2020_DJI_0153_vari_grip_434,DehazeFormer,LPIPS,0.12686967131282603
vari-grip/good/Fotos 16-11-2020_DJI_0157_vari_grip_438,DehazeFormer,LPIPS,0.13851728875722205
vari-grip/good/Fotos 16-12-2020_DJI_0034_vari_grip_475,DehazeFormer,LPIPS,0.14949201526386396
vari-grip/good/Fotos 16-12-2020_DJI_0188_vari_grip_464,DehazeFormer,LPIPS,0.06939904764294624
vari-grip/good/Fotos 16-12-2020_DJI_0404_vari_grip_450,DehazeFormer,LPIPS,0.1954040303826332
vari-grip/good/Fotos 17-11-2020_DJI_0106_vari_grip_493,DehazeFormer,LPIPS,0.13046194187232427
vari-grip/good/Fotos 17-11-2020_DJI_0120_vari_grip_496,DehazeFormer,LPIPS,0.10696125988449369
vari-grip/good/Fotos 17-11-2020_DJI_0121_vari_grip_497,DehazeFormer,LPIPS,0.11841527638690812
vari-grip/good/Fotos 17-11-2020_DJI_0206_vari_grip_491,DehazeFormer,LPIPS,0.1919155985649143
vari-grip/good/Fotos 17-12-2020_DJI_0168_vari_grip_514,DehazeFormer,LPIPS,0.13194976507553033
vari-grip/good/Fotos 18-11-2020_DJI_0070_vari_grip_548,DehazeFormer,LPIPS,0.13336200107421195
vari-grip/good/Fotos 18-11-2020_DJI_0109_vari_grip_546,DehazeFormer,LPIPS,0.1757615783384868
vari-grip/good/Fotos 18-11-2020_DJI_0137_vari_grip_541,DehazeFormer,LPIPS,0.19683942518063954
vari-grip/good/Fotos 18-11-2020_DJI_0246_vari_grip_528,DehazeFormer,LPIPS,0.11829039693943091
vari-grip/good/Fotos 19-10-2020_DJI_0045_vari_grip_4,DehazeFormer,LPIPS,0.13919921379004205
vari-grip/good/Fotos 19-10-2020_DJI_0046_vari_grip_6,DehazeFormer,LPIPS,0.11739202854888779
vari-grip/good/Fotos 19-10-2020_DJI_0046_vari_grip_7,DehazeFormer,LPIPS,0.13552700728178024
vari-grip/good/Fotos 19-10-2020_DJI_0083_vari_grip_15,DehazeFormer,LPIPS,0.1386199572256633
vari-grip/good/Fotos 19-10-2020_DJI_0084_vari_grip_16,DehazeFormer,LPIPS,0.21196075741733825
vari-grip/good/Fotos 19-11-2020_DJI_0119_vari_grip_578,DehazeFormer,LPIPS,0.091518265328237
vari-grip/good/Fotos 19-11-2020_DJI_0199_vari_grip_562,DehazeFormer,LPIPS,0.1330347875399249
vari-grip/good/Fotos 19-11-2020_DJI_0236_vari_grip_561,DehazeFormer,LPIPS,0.1311185665960823
vari-grip/good/Fotos 20-10-2020_DJI_0201_vari_grip_613,DehazeFormer,LPIPS,0.06606402301362582
vari-grip/good/Fotos 20-10-2020_DJI_0205_vari_grip_620,DehazeFormer,LPIPS,0.08193986623414926
vari-grip/good/Fotos 20-10-2020_DJI_0211_vari_grip_633,DehazeFormer,LPIPS,0.16909926437905856
vari-grip/good/Fotos 20-10-2020_DJI_0238_vari_grip_641,DehazeFormer,LPIPS,0.15589860613856996
vari-grip/good/Fotos 20-10-2020_DJI_0243_vari_grip_648,DehazeFormer,LPIPS,0.13317272599254334
vari-grip/good/Fotos 20-10-2020_DJI_0244_vari_grip_651,DehazeFormer,LPIPS,0.15666125289031438
vari-grip/good/Fotos 20-10-2020_DJI_0245_vari_grip_653,DehazeFormer,LPIPS,0.16770250243800028
vari-grip/good/Fotos 20-10-2020_DJI_0255_vari_grip_658,DehazeFormer,LPIPS,0.11071808210441045
vari-grip/good/Fotos 20-10-2020_DJI_0255_vari_grip_659,DehazeFormer,LPIPS,0.10943522091422762
vari-grip/good/Fotos 20-10-2020_DJI_0256_vari_grip_660,DehazeFormer,LPIPS,0.1296995175736291
vari-grip/good/Fotos 20-10-2020_DJI_0265_vari_grip_586,DehazeFormer,LPIPS,0.18450843755687987
vari-grip/good/Fotos 20-10-2020_DJI_0268_vari_grip_589,DehazeFormer,LPIPS,0.1431157509131091
vari-grip/good/Fotos 20-10-2020_DJI_0282_vari_grip_590,DehazeFormer,LPIPS,0.14600380190781184
vari-grip/good/Fotos 20-11-2020_DJI_0144_vari_grip_697,DehazeFormer,LPIPS,0.23989718886358397
vari-grip/good/Fotos 20-11-2020_DJI_0171_vari_grip_687,DehazeFormer,LPIPS,0.12785441002675466
vari-grip/good/Fotos 20-11-2020_DJI_0172_vari_grip_689,DehazeFormer,LPIPS,0.12838564759918622
vari-grip/good/Fotos 20-11-2020_DJI_0275_vari_grip_672,DehazeFormer,LPIPS,0.07604011573961802
vari-grip/good/Fotos 22-10-2020_DJI_0858_vari_grip_718,DehazeFormer,LPIPS,0.1280777651284422
vari-grip/good/Fotos 22-10-2020_DJI_0864_vari_grip_724,DehazeFormer,LPIPS,0.10980068785803658
vari-grip/good/Fotos 22-10-2020_DJI_0864_vari_grip_725,DehazeFormer,LPIPS,0.1690875068306923
vari-grip/good/Fotos 22-10-2020_DJI_0880_vari_grip_734,DehazeFormer,LPIPS,0.1498397918684142
vari-grip/good/Fotos 23-11-2020_DJI_0143_vari_grip_783,DehazeFormer,LPIPS,0.1074483213680131
vari-grip/good/Fotos 23-11-2020_DJI_0177_vari_grip_782,DehazeFormer,LPIPS,0.0701241996139288
vari-grip/good/Fotos 23-11-2020_DJI_0209_vari_grip_777,DehazeFormer,LPIPS,0.13101281651428767
vari-grip/good/Fotos 24-11-2020_DJI_0101_vari_grip_837,DehazeFormer,LPIPS,0.1379209751529353
vari-grip/good/Fotos 24-11-2020_DJI_0243_vari_grip_827,DehazeFormer,LPIPS,0.1302720851131848
vari-grip/good/Fotos 24-11-2020_DJI_0244_vari_grip_830,DehazeFormer,LPIPS,0.24010540944124972
vari-grip/good/Fotos 25-11-2020_DJI_0208_vari_grip_862,DehazeFormer,LPIPS,0.07818816256310258
vari-grip/good/Fotos 26-11-2020_DJI_0213_vari_grip_904,DehazeFormer,LPIPS,0.1726632011788232
vari-grip/good/Fotos 26-11-2020_DJI_0213_vari_grip_905,DehazeFormer,LPIPS,0.17175041884183884
vari-grip/good/Fotos 27-11-2020_DJI_0421_vari_grip_934,DehazeFormer,LPIPS,0.17289863101073674
vari-grip/good/Fotos 27-11-2020_DJI_0421_vari_grip_935,DehazeFormer,LPIPS,0.15192257346851484
vari-grip/good/Fotos 27-11-2020_DJI_0422_vari_grip_937,DehazeFormer,LPIPS,0.150065560692123
vari-grip/good/Fotos 30-11-2020_DJI_0033_vari_grip_1007,DehazeFormer,LPIPS,0.07521530560084752
vari-grip/good/Fotos 30-11-2020_DJI_0193_vari_grip_996,DehazeFormer,LPIPS,0.1338473813874381
vari-grip/good/Fotos 30-11-2020_DJI_0437_vari_grip_975,DehazeFormer,LPIPS,0.08668120365057673
vari-grip/good/Fotos 30-11-2020_DJI_0438_vari_grip_976,DehazeFormer,LPIPS,0.08593294663088662
vari-grip/good/Fotos 30-11-2020_DJI_0501_vari_grip_969,DehazeFormer,LPIPS,0.08145983676825251
vari-grip/good/Fotos 30-11-2020_DJI_0561_vari_grip_964,DehazeFormer,LPIPS,0.12521687522530556
vari-grip/rust/01-06-2021_DJI_0030_6_0,DehazeFormer,LPIPS,0.0942131272916283
vari-grip/rust/01-06-2021_DJI_0030_6_7,DehazeFormer,LPIPS,0.1635510003460305
vari-grip/rust/01-06-2021_DJI_0146_39_2,DehazeFormer,LPIPS,0.13887990665222918
vari-grip/rust/01-06-2021_DJI_0146_39_6,DehazeFormer,LPIPS,0.10791402762489659
vari-grip/rust/01-06-2021_DJI_0146_40_0,DehazeFormer,LPIPS,0.0407662500760385
vari-grip/rust/01-06-2021_DJI_0162_46_6,DehazeFormer,LPIPS,0.09104718427572932
vari-grip/rust/02-06-2021_DJI_0359_261_8,DehazeFormer,LPIPS,0.1428158131561109
vari-grip/rust/08-06-2021_DJI_0385_421_2,DehazeFormer,LPIPS,0.08633666991123132
vari-grip/rust/08-06-2021_DJI_0385_421_4,DehazeFormer,LPIPS,0.10217303197298731
vari-grip/rust/08-06-2021_DJI_0385_421_6,DehazeFormer,LPIPS,0.07760143100417086
vari-grip/rust/08-06-2021_DJI_0385_422,DehazeFormer,LPIPS,0.11453013228518623
vari-grip/rust/08-06-2021_DJI_0385_422_0,DehazeFormer,LPIPS,0.11916252438511167
vari-grip/rust/08-06-2021_DJI_0385_422_5,DehazeFormer,LPIPS,0.11430726679308074
vari-grip/rust/09-06-2021_DJI_0466_568,DehazeFormer,LPIPS,0.09317537796284471
vari-grip/rust/09-06-2021_DJI_0466_568_6,DehazeFormer,LPIPS,0.08538266564054149
vari-grip/rust/09-06-2021_DJI_0467_570_2,DehazeFormer,LPIPS,0.12709609738418035
vari-grip/rust/09-06-2021_DJI_0467_570_4,DehazeFormer,LPIPS,0.14146687675799643
vari-grip/rust/10-06-2021_DJI_0018_611,DehazeFormer,LPIPS,0.1161980748708759
vari-grip/rust/10-06-2021_DJI_0018_611_1,DehazeFormer,LPIPS,0.1601965328944581
vari-grip/rust/10-06-2021_DJI_0018_611_7,DehazeFormer,LPIPS,0.10327531756567103
vari-grip/rust/10-06-2021_DJI_0019_613_5,DehazeFormer,LPIPS,0.1672552635094949
vari-grip/rust/11-06-2021_DJI_0479_11_6,DehazeFormer,LPIPS,0.12574893981218338
vari-grip/rust/11-06-2021_DJI_0479_11_7,DehazeFormer,LPIPS,0.1961598763508456
vari-grip/rust/11-06-2021_DJI_0479_11_8,DehazeFormer,LPIPS,0.18653029522725514
vari-grip/rust/15-06-2021_DJI_0118_741,DehazeFormer,LPIPS,0.07204160360353333
vari-grip/rust/Fotos 23-10-2020_DJI_0029_vari_grip_745_7,DehazeFormer,LPIPS,0.27159278839826584
vari-grip/rust/Fotos 23-10-2020_DJI_0031_vari_grip_748_0,DehazeFormer,LPIPS,0.2557206664766584
vari-grip/rust/Fotos 23-10-2020_DJI_0031_vari_grip_748_7,DehazeFormer,LPIPS,0.2398416151159576
vari-grip/rust/Fotos 23-10-2020_DJI_0032_vari_grip_750,DehazeFormer,LPIPS,0.1788504762308938
vari-grip/rust/Fotos 23-10-2020_DJI_0032_vari_grip_750_3,DehazeFormer,LPIPS,0.2264090616788183
vari-grip/rust/Fotos 23-10-2020_DJI_0034_vari_grip_751_0,DehazeFormer,LPIPS,0.14115814864635468
vari-grip/rust/Fotos 23-10-2020_DJI_0034_vari_grip_752,DehazeFormer,LPIPS,0.15440790674516133
vari-grip/rust/Fotos 23-10-2020_DJI_0034_vari_grip_752_7,DehazeFormer,LPIPS,0.16236108568097865
vari-grip/rust/Fotos 23-10-2020_DJI_0035_vari_grip_753_4,DehazeFormer,LPIPS,0.1369087818477835
vari-grip/rust/Fotos 23-10-2020_DJI_0035_vari_grip_753_5,DehazeFormer,LPIPS,0.1854033416935376
vari-grip/rust/Fotos 23-10-2020_DJI_0038_vari_grip_756_1,DehazeFormer,LPIPS,0.15636691451072693
vari-grip/rust/Fotos 23-10-2020_DJI_0038_vari_grip_756_4,DehazeFormer,LPIPS,0.11036424764565059
vari-grip/rust/Fotos 23-10-2020_DJI_0041_vari_grip_757,DehazeFormer,LPIPS,0.15074090553181513
vari-grip/rust/Fotos 23-10-2020_DJI_0043_vari_grip_759,DehazeFormer,LPIPS,0.14633446612528392
vari-grip/rust/Fotos 23-10-2020_DJI_0043_vari_grip_760_5,DehazeFormer,LPIPS,0.11990372836589813
vari-grip/rust/Fotos 23-10-2020_DJI_0043_vari_grip_760_8,DehazeFormer,LPIPS,0.17580917477607727
vari-grip/rust/Fotos 23-10-2020_DJI_0047_vari_grip_763_6,DehazeFormer,LPIPS,0.11680698714085988
vari-grip/rust/Fotos 23-10-2020_DJI_0047_vari_grip_764_0,DehazeFormer,LPIPS,0.2202721339251314
vari-grip/rust/Fotos 23-10-2020_DJI_0047_vari_grip_764_1,DehazeFormer,LPIPS,0.21969586903495447
vari-grip/rust/Fotos 23-10-2020_DJI_0047_vari_grip_764_3,DehazeFormer,LPIPS,0.23905296730143683
vari-grip/rust/Fotos 23-10-2020_DJI_0047_vari_grip_764_5,DehazeFormer,LPIPS,0.17434607126883098
vari-grip/rust/Fotos 23-10-2020_DJI_0048_vari_grip_765,DehazeFormer,LPIPS,0.1746810046689851
vari-grip/rust/Fotos 23-10-2020_DJI_0065_vari_grip_736,DehazeFormer,LPIPS,0.08576387273413795
vari-grip/rust/Fotos 23-10-2020_DJI_0065_vari_grip_736_0,DehazeFormer,LPIPS,0.24957409075328282
vari-grip/rust/Fotos 23-10-2020_DJI_0065_vari_grip_736_5,DehazeFormer,LPIPS,0.15027985189642226
vari-grip/rust/Fotos 23-10-2020_DJI_0072_vari_grip_737_3,DehazeFormer,LPIPS,0.14873993875724928
vari-grip/rust/Fotos 23-10-2020_DJI_0072_vari_grip_737_4,DehazeFormer,LPIPS,0.13038386703867996
vari-grip/rust/Fotos 23-10-2020_DJI_0072_vari_grip_737_6,DehazeFormer,LPIPS,0.1535113797123943
vari-grip/rust/Fotos 23-10-2020_DJI_0072_vari_grip_737_8,DehazeFormer,LPIPS,0.17204750435692923
vari-grip/rust/Fotos 23-10-2020_DJI_0073_vari_grip_738_1,DehazeFormer,LPIPS,0.13469903144453252
vari-grip/rust/Fotos 23-10-2020_DJI_0073_vari_grip_738_2,DehazeFormer,LPIPS,0.09931079511131559
vari-grip/rust/Fotos 23-10-2020_DJI_0074_vari_grip_739_0,DehazeFormer,LPIPS,0.08144411311617919
vari-grip/rust/Fotos 23-10-2020_DJI_0074_vari_grip_739_3,DehazeFormer,LPIPS,0.11067193746566772
vari-grip/rust/Fotos 23-10-2020_DJI_0113_vari_grip_743_4,DehazeFormer,LPIPS,0.21139192474739893
vari-grip/rust/Fotos 23-10-2020_DJI_0114_vari_grip_744_1,DehazeFormer,LPIPS,0.18886285488094604
vari-grip/rust/Fotos 23-10-2020_DJI_0114_vari_grip_744_7,DehazeFormer,LPIPS,0.24210597148963384
vari-grip/rust/Fotos 23-10-2020_DJI_0114_vari_grip_744_8,DehazeFormer,LPIPS,0.12550789011376245
vari-grip/bird-nest/08-06-2021_DJI_0089_322,DehazeFormer,Top1,0.7142857142857143
vari-grip/bird-nest/08-06-2021_DJI_0089_322_3,DehazeFormer,Top1,0.7142857142857143
vari-grip/bird-nest/08-06-2021_DJI_0285_392,DehazeFormer,Top1,0.8571428571428571
vari-grip/bird-nest/10-06-2021_DJI_0244_649_2,DehazeFormer,Top1,0.7142857142857143
vari-grip/bird-nest/10-06-2021_DJI_0270_657_5,DehazeFormer,Top1,0.5714285714285714
vari-grip/bird-nest/10-06-2021_DJI_0270_657_7,DehazeFormer,Top1,0.5714285714285714
vari-grip/bird-nest/10-06-2021_DJI_0271_658_1,DehazeFormer,Top1,0.5714285714285714
vari-grip/bird-nest/10-06-2021_DJI_0271_658_2,DehazeFormer,Top1,0.2857142857142857
vari-grip/bird-nest/10-06-2021_DJI_0271_658_6,DehazeFormer,Top1,0.7142857142857143
vari-grip/bird-nest/10-06-2021_DJI_0271_658_8,DehazeFormer,Top1,0.2857142857142857
vari-grip/bird-nest/11-06-2021_DJI_0121_4_1,DehazeFormer,Top1,0.7142857142857143
vari-grip/bird-nest/11-06-2021_DJI_0121_4_4,DehazeFormer,Top1,0.14285714285714285
vari-grip/bird-nest/11-06-2021_DJI_0121_4_5,DehazeFormer,Top1,0.0
vari-grip/bird-nest/11-06-2021_DJI_0132_6_0,DehazeFormer,Top1,0.7142857142857143
vari-grip/bird-nest/11-06-2021_DJI_0132_6_6,DehazeFormer,Top1,0.8571428571428571
vari-grip/bird-nest/15-06-2021_DJI_0044_726,DehazeFormer,Top1,0.8571428571428571
vari-grip/bird-nest/15-06-2021_DJI_0044_726_6,DehazeFormer,Top1,0.14285714285714285
vari-grip/bird-nest/Fotos 02-12-2020_DJI_0492_vari_grip_56_4,DehazeFormer,Top1,0.2857142857142857
vari-grip/bird-nest/Fotos 02-12-2020_DJI_0492_vari_grip_57_0,DehazeFormer,Top1,0.5714285714285714
vari-grip/bird-nest/Fotos 02-12-2020_DJI_0492_vari_grip_57_4,DehazeFormer,Top1,0.2857142857142857
vari-grip/bird-nest/Fotos 17-11-2020_DJI_0289_vari_grip_478,DehazeFormer,Top1,0.5714285714285714
vari-grip/bird-nest/Fotos 17-11-2020_DJI_0303_vari_grip_479_0,DehazeFormer,Top1,0.7142857142857143
vari-grip/bird-nest/Fotos 17-11-2020_DJI_0304_vari_grip_480,DehazeFormer,Top1,0.5714285714285714
vari-grip/bird-nest/Fotos 18-11-2020_DJI_0209_vari_grip_530_0,DehazeFormer,Top1,0.7142857142857143
vari-grip/bird-nest/Fotos 18-11-2020_DJI_0209_vari_grip_530_3,DehazeFormer,Top1,0.5714285714285714
vari-grip/bird-nest/Fotos 19-11-2020_DJI_0140_vari_grip_571_3,DehazeFormer,Top1,0.7142857142857143
vari-grip/bird-nest/Fotos 19-11-2020_DJI_0140_vari_grip_571_7,DehazeFormer,Top1,0.5714285714285714
vari-grip/bird-nest/Fotos 19-11-2020_DJI_0149_vari_grip_573_0,DehazeFormer,Top1,0.42857142857142855
vari-grip/bird-nest/Fotos 19-11-2020_DJI_0149_vari_grip_573_4,DehazeFormer,Top1,0.14285714285714285
vari-grip/bird-nest/Fotos 19-11-2020_DJI_0149_vari_grip_573_6,DehazeFormer,Top1,0.5714285714285714
vari-grip/bird-nest/Fotos 19-11-2020_DJI_0150_vari_grip_574_0,DehazeFormer,Top1,0.7142857142857143
vari-grip/bird-nest/Fotos 19-11-2020_DJI_0150_vari_grip_575_1,DehazeFormer,Top1,0.7142857142857143
vari-grip/bird-nest/Fotos 19-11-2020_DJI_0150_vari_grip_575_2,DehazeFormer,Top1,0.8571428571428571
vari-grip/bird-nest/Fotos 19-11-2020_DJI_0151_vari_grip_577_2,DehazeFormer,Top1,0.8571428571428571
vari-grip/bird-nest/Fotos 19-11-2020_DJI_0151_vari_grip_577_3,DehazeFormer,Top1,0.7142857142857143
vari-grip/bird-nest/Fotos 19-11-2020_DJI_0151_vari_grip_577_4,DehazeFormer,Top1,0.42857142857142855
vari-grip/bird-nest/Fotos 20-11-2020_DJI_0210_vari_grip_683_2,DehazeFormer,Top1,0.7142857142857143
vari-grip/bird-nest/Fotos 20-11-2020_DJI_0210_vari_grip_683_7,DehazeFormer,Top1,0.8571428571428571
vari-grip/bird-nest/Fotos 23-11-2020_DJI_0279_vari_grip_768_0,DehazeFormer,Top1,1.0
vari-grip/bird-nest/Fotos 23-11-2020_DJI_0279_vari_grip_768_2,DehazeFormer,Top1,0.42857142857142855
vari-grip/bird-nest/Fotos 25-11-2020_DJI_0207_vari_grip_861_0,DehazeFormer,Top1,0.7142857142857143
vari-grip/bird-nest/Fotos 25-11-2020_DJI_0207_vari_grip_861_6,DehazeFormer,Top1,0.7142857142857143
vari-grip/bird-nest/Fotos 25-11-2020_DJI_0563_vari_grip_841_0,DehazeFormer,Top1,0.2857142857142857
vari-grip/bird-nest/Fotos 25-11-2020_DJI_0563_vari_grip_841_2,DehazeFormer,Top1,0.8571428571428571
vari-grip/bird-nest/Fotos 25-11-2020_DJI_0563_vari_grip_841_4,DehazeFormer,Top1,0.5714285714285714
vari-grip/bird-nest/Fotos 25-11-2020_DJI_0563_vari_grip_841_7,DehazeFormer,Top1,0.42857142857142855
vari-grip/bird-nest/Fotos 25-11-2020_DJI_0564_vari_grip_843,DehazeFormer,Top1,0.14285714285714285
vari-grip/bird-nest/Fotos 25-11-2020_DJI_0564_vari_grip_843_1,DehazeFormer,Top1,0.5714285714285714
vari-grip/bird-nest/Fotos 25-11-2020_DJI_0564_vari_grip_843_2,DehazeFormer,Top1,0.5714285714285714
vari-grip/bird-nest/Fotos 25-11-2020_DJI_0564_vari_grip_844,DehazeFormer,Top1,0.8571428571428571
vari-grip/bird-nest/Fotos 25-11-2020_DJI_0564_vari_grip_844_4,DehazeFormer,Top1,0.42857142857142855
vari-grip/bird-nest/Fotos 25-11-2020_DJI_0564_vari_grip_844_7,DehazeFormer,Top1,0.8571428571428571
vari-grip/bird-nest/Fotos 25-11-2020_DJI_0564_vari_grip_844_8,DehazeFormer,Top1,0.8571428571428571
vari-grip/bird-nest/Fotos 25-11-2020_DJI_0586_vari_grip_845,DehazeFormer,Top1,1.0
vari-grip/bird-nest/Fotos 25-11-2020_DJI_0586_vari_grip_845_2,DehazeFormer,Top1,0.5714285714285714
vari-grip/bird-nest/Fotos 25-11-2020_DJI_0586_vari_grip_845_7,DehazeFormer,Top1,0.7142857142857143
vari-grip/bird-nest/Fotos 25-11-2020_DJI_0586_vari_grip_845_8,DehazeFormer,Top1,1.0
vari-grip/bird-nest/Fotos 25-11-2020_DJI_0586_vari_grip_846,DehazeFormer,Top1,0.7142857142857143
vari-grip/bird-nest/Fotos 25-11-2020_DJI_0586_vari_grip_846_3,DehazeFormer,Top1,0.42857142857142855
vari-grip/bird-nest/Fotos 25-11-2020_DJI_0586_vari_grip_846_4,DehazeFormer,Top1,0.8571428571428571
vari-grip/bird-nest/Fotos 25-11-2020_DJI_0588_vari_grip_847_1,DehazeFormer,Top1,0.7142857142857143
vari-grip/bird-nest/Fotos 25-11-2020_DJI_0588_vari_grip_847_8,DehazeFormer,Top1,0.42857142857142855
vari-grip/bird-nest/Fotos 26-11-2020_DJI_0214_vari_grip_906_1,DehazeFormer,Top1,0.14285714285714285
vari-grip/bird-nest/Fotos 26-11-2020_DJI_0214_vari_grip_907,DehazeFormer,Top1,0.2857142857142857
vari-grip/bird-nest/Fotos 26-11-2020_DJI_0215_vari_grip_908_3,DehazeFormer,Top1,0.42857142857142855
vari-grip/bird-nest/Fotos 26-11-2020_DJI_0262_vari_grip_910,DehazeFormer,Top1,0.5714285714285714
vari-grip/bird-nest/Fotos 26-11-2020_DJI_0262_vari_grip_911,DehazeFormer,Top1,0.2857142857142857
vari-grip/bird-nest/Fotos 27-11-2020_DJI_0491_vari_grip_933_1,DehazeFormer,Top1,0.42857142857142855
vari-grip/bird-nest/Fotos 27-11-2020_DJI_0491_vari_grip_933_4,DehazeFormer,Top1,0.5714285714285714
vari-grip/bird-nest/Fotos 27-11-2020_DJI_0491_vari_grip_933_8,DehazeFormer,Top1,0.5714285714285714
vari-grip/bird-nest/Fotos 27-11-2020_DJI_0566_vari_grip_924_6,DehazeFormer,Top1,0.42857142857142855
vari-grip/bird-nest/Fotos 27-11-2020_DJI_0566_vari_grip_925,DehazeFormer,Top1,0.5714285714285714
vari-grip/bird-nest/Fotos 27-11-2020_DJI_0566_vari_grip_925_2,DehazeFormer,Top1,0.42857142857142855
vari-grip/bird-nest/Fotos 27-11-2020_DJI_0566_vari_grip_925_3,DehazeFormer,Top1,0.0
vari-grip/bird-nest/Fotos 27-11-2020_DJI_0566_vari_grip_925_6,DehazeFormer,Top1,0.5714285714285714
vari-grip/good/Fotos 01-12-2020_DJI_0079_vari_grip_51,DehazeFormer,Top1,1.0
vari-grip/good/Fotos 01-12-2020_DJI_0140_vari_grip_47,DehazeFormer,Top1,0.7142857142857143
vari-grip/good/Fotos 01-12-2020_DJI_0199_vari_grip_41,DehazeFormer,Top1,0.8571428571428571
vari-grip/good/Fotos 01-12-2020_DJI_0342_vari_grip_32,DehazeFormer,Top1,0.8571428571428571
vari-grip/good/Fotos 01-12-2020_DJI_0402_vari_grip_29,DehazeFormer,Top1,0.8571428571428571
vari-grip/good/Fotos 01-12-2020_DJI_0457_vari_grip_24,DehazeFormer,Top1,0.42857142857142855
vari-grip/good/Fotos 01-12-2020_DJI_0457_vari_grip_25,DehazeFormer,Top1,0.5714285714285714
vari-grip/good/Fotos 02-12-2020_DJI_0020_vari_grip_94,DehazeFormer,Top1,0.7142857142857143
vari-grip/good/Fotos 02-12-2020_DJI_0132_vari_grip_88,DehazeFormer,Top1,1.0
vari-grip/good/Fotos 02-12-2020_DJI_0194_vari_grip_84,DehazeFormer,Top1,1.0
vari-grip/good/Fotos 02-12-2020_DJI_0367_vari_grip_65,DehazeFormer,Top1,0.8571428571428571
vari-grip/good/Fotos 02-12-2020_DJI_0368_vari_grip_67,DehazeFormer,Top1,0.7142857142857143
vari-grip/good/Fotos 02-12-2020_DJI_0374_vari_grip_71,DehazeFormer,Top1,0.7142857142857143
vari-grip/good/Fotos 02-12-2020_DJI_0427_vari_grip_61,DehazeFormer,Top1,1.0
vari-grip/good/Fotos 03-12-2020_DJI_0149_vari_grip_126,DehazeFormer,Top1,0.8571428571428571
vari-grip/good/Fotos 03-12-2020_DJI_0150_vari_grip_128,DehazeFormer,Top1,0.7142857142857143
vari-grip/good/Fotos 03-12-2020_DJI_0457_vari_grip_110,DehazeFormer,Top1,0.8571428571428571
vari-grip/good/Fotos 03-12-2020_DJI_0561_vari_grip_100,DehazeFormer,Top1,0.5714285714285714
vari-grip/good/Fotos 04-12-2020_DJI_0762_vari_grip_164,DehazeFormer,Top1,1.0
vari-grip/good/Fotos 04-12-2020_DJI_0806_vari_grip_160,DehazeFormer,Top1,1.0
vari-grip/good/Fotos 04-12-2020_DJI_0902_vari_grip_149,DehazeFormer,Top1,0.8571428571428571
vari-grip/good/Fotos 04-12-2020_DJI_0950_vari_grip_142,DehazeFormer,Top1,0.2857142857142857
vari-grip/good/Fotos 04-12-2020_DJI_0951_vari_grip_145,DehazeFormer,Top1,0.5714285714285714
vari-grip/good/Fotos 04-12-2020_DJI_0954_vari_grip_146,DehazeFormer,Top1,0.42857142857142855
vari-grip/good/Fotos 04-12-2020_DJI_1000 (2)_vari_grip_141,DehazeFormer,Top1,0.5714285714285714
vari-grip/good/Fotos 07-12-2020_DJI_0059_vari_grip_192,DehazeFormer,Top1,1.0
vari-grip/good/Fotos 07-12-2020_DJI_0140_vari_grip_183,DehazeFormer,Top1,0.7142857142857143
vari-grip/good/Fotos 07-12-2020_DJI_0141_vari_grip_185,DehazeFormer,Top1,0.7142857142857143
vari-grip/good/Fotos 07-12-2020_DJI_0155_vari_grip_186,DehazeFormer,Top1,0.5714285714285714
vari-grip/good/Fotos 07-12-2020_DJI_0187_vari_grip_179,DehazeFormer,Top1,0.8571428571428571
vari-grip/good/Fotos 08-12-2020_DJI_0452_vari_grip_225,DehazeFormer,Top1,1.0
vari-grip/good/Fotos 08-12-2020_DJI_0455_vari_grip_229,DehazeFormer,Top1,0.2857142857142857
vari-grip/good/Fotos 08-12-2020_DJI_0538_vari_grip_218,DehazeFormer,Top1,0.2857142857142857
vari-grip/good/Fotos 08-12-2020_DJI_0613_vari_grip_208,DehazeFormer,Top1,0.7142857142857143
vari-grip/good/Fotos 08-12-2020_DJI_0652_vari_grip_204,DehazeFormer,Top1,0.8571428571428571
vari-grip/good/Fotos 09-12-2020_DJI_0017_vari_grip_269,DehazeFormer,Top1,0.7142857142857143
vari-grip/good/Fotos 09-12-2020_DJI_0018_vari_grip_271,DehazeFormer,Top1,0.7142857142857143
vari-grip/good/Fotos 09-12-2020_DJI_0056_vari_grip_263,DehazeFormer,Top1,1.0
vari-grip/good/Fotos 09-12-2020_DJI_0102_vari_grip_261,DehazeFormer,Top1,0.7142857142857143
vari-grip/good/Fotos 09-12-2020_DJI_0143_vari_grip_249,DehazeFormer,Top1,0.8571428571428571
vari-grip/good/Fotos 09-12-2020_DJI_0144_vari_grip_252,DehazeFormer,Top1,1.0
vari-grip/good/Fotos 09-12-2020_DJI_0310_vari_grip_238,DehazeFormer,Top1,0.7142857142857143
vari-grip/good/Fotos 09-12-2020_DJI_0348_vari_grip_233,DehazeFormer,Top1,0.42857142857142855
vari-grip/good/Fotos 10-12-2020_DJI_0020_vari_grip_327,DehazeFormer,Top1,1.0
vari-grip/good/Fotos 10-12-2020_DJI_0024_vari_grip_332,DehazeFormer,Top1,0.2857142857142857
vari-grip/good/Fotos 10-12-2020_DJI_0101_vari_grip_312,DehazeFormer,Top1,1.0
vari-grip/good/Fotos 10-12-2020_DJI_0140_vari_grip_300,DehazeFormer,Top1,1.0
vari-grip/good/Fotos 10-12-2020_DJI_0182_vari_grip_295,DehazeFormer,Top1,0.7142857142857143
vari-grip/good/Fotos 10-12-2020_DJI_0182_vari_grip_296,DehazeFormer,Top1,1.0
vari-grip/good/Fotos 10-12-2020_DJI_0184_vari_grip_299,DehazeFormer,Top1,0.8571428571428571
vari-grip/good/Fotos 10-12-2020_DJI_0258_vari_grip_282,DehazeFormer,Top1,1.0
vari-grip/good/Fotos 10-12-2020_DJI_0259_vari_grip_283,DehazeFormer,Top1,0.8571428571428571
vari-grip/good/Fotos 10-12-2020_DJI_0262_vari_grip_285,DehazeFormer,Top1,0.8571428571428571
vari-grip/good/Fotos 11-12-2020_DJI_0055_vari_grip_379,DehazeFormer,Top1,0.8571428571428571
vari-grip/good/Fotos 11-12-2020_DJI_0290_vari_grip_346,DehazeFormer,Top1,0.7142857142857143
vari-grip/good/Fotos 14-12-2020_DJI_0433_vari_grip_399,DehazeFormer,Top1,0.7142857142857143
vari-grip/good/Fotos 14-12-2020_DJI_0624_vari_grip_392,DehazeFormer,Top1,0.8571428571428571
vari-grip/good/Fotos 16-11-2020_DJI_0110_vari_grip_439,DehazeFormer,Top1,0.7142857142857143
vari-grip/good/Fotos 16-11-2020_DJI_0153_vari_grip_434,DehazeFormer,Top1,0.7142857142857143
vari-grip/good/Fotos 16-11-2020_DJI_0157_vari_grip_438,DehazeFormer,Top1,0.8571428571428571
vari-grip/good/Fotos 16-12-2020_DJI_0034_vari_grip_475,DehazeFormer,Top1,0.5714285714285714
vari-grip/good/Fotos 16-12-2020_DJI_0188_vari_grip_464,DehazeFormer,Top1,1.0
vari-grip/good/Fotos 16-12-2020_DJI_0404_vari_grip_450,DehazeFormer,Top1,0.2857142857142857
vari-grip/good/Fotos 17-11-2020_DJI_0106_vari_grip_493,DehazeFormer,Top1,0.42857142857142855
vari-grip/good/Fotos 17-11-2020_DJI_0120_vari_grip_496,DehazeFormer,Top1,0.7142857142857143
vari-grip/good/Fotos 17-11-2020_DJI_0121_vari_grip_497,DehazeFormer,Top1,0.8571428571428571
vari-grip/good/Fotos 17-11-2020_DJI_0206_vari_grip_491,DehazeFormer,Top1,0.5714285714285714
vari-grip/good/Fotos 17-12-2020_DJI_0168_vari_grip_514,DehazeFormer,Top1,0.8571428571428571
vari-grip/good/Fotos 18-11-2020_DJI_0070_vari_grip_548,DehazeFormer,Top1,0.8571428571428571
vari-grip/good/Fotos 18-11-2020_DJI_0109_vari_grip_546,DehazeFormer,Top1,0.8571428571428571
vari-grip/good/Fotos 18-11-2020_DJI_0137_vari_grip_541,DehazeFormer,Top1,0.5714285714285714
vari-grip/good/Fotos 18-11-2020_DJI_0246_vari_grip_528,DehazeFormer,Top1,1.0
vari-grip/good/Fotos 19-10-2020_DJI_0045_vari_grip_4,DehazeFormer,Top1,0.7142857142857143
vari-grip/good/Fotos 19-10-2020_DJI_0046_vari_grip_6,DehazeFormer,Top1,0.7142857142857143
vari-grip/good/Fotos 19-10-2020_DJI_0046_vari_grip_7,DehazeFormer,Top1,0.7142857142857143
vari-grip/good/Fotos 19-10-2020_DJI_0083_vari_grip_15,DehazeFormer,Top1,1.0
vari-grip/good/Fotos 19-10-2020_DJI_0084_vari_grip_16,DehazeFormer,Top1,0.5714285714285714
vari-grip/good/Fotos 19-11-2020_DJI_0119_vari_grip_578,DehazeFormer,Top1,1.0
vari-grip/good/Fotos 19-11-2020_DJI_0199_vari_grip_562,DehazeFormer,Top1,0.5714285714285714
vari-grip/good/Fotos 19-11-2020_DJI_0236_vari_grip_561,DehazeFormer,Top1,0.7142857142857143
vari-grip/good/Fotos 20-10-2020_DJI_0201_vari_grip_613,DehazeFormer,Top1,1.0
vari-grip/good/Fotos 20-10-2020_DJI_0205_vari_grip_620,DehazeFormer,Top1,1.0
vari-grip/good/Fotos 20-10-2020_DJI_0211_vari_grip_633,DehazeFormer,Top1,0.7142857142857143
vari-grip/good/Fotos 20-10-2020_DJI_0238_vari_grip_641,DehazeFormer,Top1,0.5714285714285714
vari-grip/good/Fotos 20-10-2020_DJI_0243_vari_grip_648,DehazeFormer,Top1,1.0
vari-grip/good/Fotos 20-10-2020_DJI_0244_vari_grip_651,DehazeFormer,Top1,0.42857142857142855
vari-grip/good/Fotos 20-10-2020_DJI_0245_vari_grip_653,DehazeFormer,Top1,0.5714285714285714
vari-grip/good/Fotos 20-10-2020_DJI_0255_vari_grip_658,DehazeFormer,Top1,0.7142857142857143
vari-grip/good/Fotos 20-10-2020_DJI_0255_vari_grip_659,DehazeFormer,Top1,0.8571428571428571
vari-grip/good/Fotos 20-10-2020_DJI_0256_vari_grip_660,DehazeFormer,Top1,0.7142857142857143
vari-grip/good/Fotos 20-10-2020_DJI_0265_vari_grip_586,DehazeFormer,Top1,0.8571428571428571
vari-grip/good/Fotos 20-10-2020_DJI_0268_vari_grip_589,DehazeFormer,Top1,0.8571428571428571
vari-grip/good/Fotos 20-10-2020_DJI_0282_vari_grip_590,DehazeFormer,Top1,0.42857142857142855
vari-grip/good/Fotos 20-11-2020_DJI_0144_vari_grip_697,DehazeFormer,Top1,0.5714285714285714
vari-grip/good/Fotos 20-11-2020_DJI_0171_vari_grip_687,DehazeFormer,Top1,0.5714285714285714
vari-grip/good/Fotos 20-11-2020_DJI_0172_vari_grip_689,DehazeFormer,Top1,0.5714285714285714
vari-grip/good/Fotos 20-11-2020_DJI_0275_vari_grip_672,DehazeFormer,Top1,0.8571428571428571
vari-grip/good/Fotos 22-10-2020_DJI_0858_vari_grip_718,DehazeFormer,Top1,0.7142857142857143
vari-grip/good/Fotos 22-10-2020_DJI_0864_vari_grip_724,DehazeFormer,Top1,0.8571428571428571
vari-grip/good/Fotos 22-10-2020_DJI_0864_vari_grip_725,DehazeFormer,Top1,0.5714285714285714
vari-grip/good/Fotos 22-10-2020_DJI_0880_vari_grip_734,DehazeFormer,Top1,0.5714285714285714
vari-grip/good/Fotos 23-11-2020_DJI_0143_vari_grip_783,DehazeFormer,Top1,0.8571428571428571
vari-grip/good/Fotos 23-11-2020_DJI_0177_vari_grip_782,DehazeFormer,Top1,0.7142857142857143
vari-grip/good/Fotos 23-11-2020_DJI_0209_vari_grip_777,DehazeFormer,Top1,0.7142857142857143
vari-grip/good/Fotos 24-11-2020_DJI_0101_vari_grip_837,DehazeFormer,Top1,0.5714285714285714
vari-grip/good/Fotos 24-11-2020_DJI_0243_vari_grip_827,DehazeFormer,Top1,0.2857142857142857
vari-grip/good/Fotos 24-11-2020_DJI_0244_vari_grip_830,DehazeFormer,Top1,0.2857142857142857
vari-grip/good/Fotos 25-11-2020_DJI_0208_vari_grip_862,DehazeFormer,Top1,0.8571428571428571
vari-grip/good/Fotos 26-11-2020_DJI_0213_vari_grip_904,DehazeFormer,Top1,0.8571428571428571
vari-grip/good/Fotos 26-11-2020_DJI_0213_vari_grip_905,DehazeFormer,Top1,0.7142857142857143
vari-grip/good/Fotos 27-11-2020_DJI_0421_vari_grip_934,DehazeFormer,Top1,0.42857142857142855
vari-grip/good/Fotos 27-11-2020_DJI_0421_vari_grip_935,DehazeFormer,Top1,0.7142857142857143
vari-grip/good/Fotos 27-11-2020_DJI_0422_vari_grip_937,DehazeFormer,Top1,0.8571428571428571
vari-grip/good/Fotos 30-11-2020_DJI_0033_vari_grip_1007,DehazeFormer,Top1,0.8571428571428571
vari-grip/good/Fotos 30-11-2020_DJI_0193_vari_grip_996,DehazeFormer,Top1,0.5714285714285714
vari-grip/good/Fotos 30-11-2020_DJI_0437_vari_grip_975,DehazeFormer,Top1,1.0
vari-grip/good/Fotos 30-11-2020_DJI_0438_vari_grip_976,DehazeFormer,Top1,1.0
vari-grip/good/Fotos 30-11-2020_DJI_0501_vari_grip_969,DehazeFormer,Top1,0.7142857142857143
vari-grip/good/Fotos 30-11-2020_DJI_0561_vari_grip_964,DehazeFormer,Top1,0.8571428571428571
vari-grip/rust/01-06-2021_DJI_0030_6_0,DehazeFormer,Top1,0.5714285714285714
vari-grip/rust/01-06-2021_DJI_0030_6_7,DehazeFormer,Top1,0.42857142857142855
vari-grip/rust/01-06-2021_DJI_0146_39_2,DehazeFormer,Top1,0.42857142857142855
vari-grip/rust/01-06-2021_DJI_0146_39_6,DehazeFormer,Top1,0.5714285714285714
vari-grip/rust/01-06-2021_DJI_0146_40_0,DehazeFormer,Top1,0.7142857142857143
vari-grip/rust/01-06-2021_DJI_0162_46_6,DehazeFormer,Top1,1.0
vari-grip/rust/02-06-2021_DJI_0359_261_8,DehazeFormer,Top1,0.7142857142857143
vari-grip/rust/08-06-2021_DJI_0385_421_2,DehazeFormer,Top1,0.5714285714285714
vari-grip/rust/08-06-2021_DJI_0385_421_4,DehazeFormer,Top1,0.7142857142857143
vari-grip/rust/08-06-2021_DJI_0385_421_6,DehazeFormer,Top1,0.7142857142857143
vari-grip/rust/08-06-2021_DJI_0385_422,DehazeFormer,Top1,0.2857142857142857
vari-grip/rust/08-06-2021_DJI_0385_422_0,DehazeFormer,Top1,0.5714285714285714
vari-grip/rust/08-06-2021_DJI_0385_422_5,DehazeFormer,Top1,0.7142857142857143
vari-grip/rust/09-06-2021_DJI_0466_568,DehazeFormer,Top1,0.42857142857142855
vari-grip/rust/09-06-2021_DJI_0466_568_6,DehazeFormer,Top1,0.5714285714285714
vari-grip/rust/09-06-2021_DJI_0467_570_2,DehazeFormer,Top1,0.8571428571428571
vari-grip/rust/09-06-2021_DJI_0467_570_4,DehazeFormer,Top1,0.5714285714285714
vari-grip/rust/10-06-2021_DJI_0018_611,DehazeFormer,Top1,0.8571428571428571
vari-grip/rust/10-06-2021_DJI_0018_611_1,DehazeFormer,Top1,0.7142857142857143
vari-grip/rust/10-06-2021_DJI_0018_611_7,DehazeFormer,Top1,0.8571428571428571
vari-grip/rust/10-06-2021_DJI_0019_613_5,DehazeFormer,Top1,0.7142857142857143
vari-grip/rust/11-06-2021_DJI_0479_11_6,DehazeFormer,Top1,0.8571428571428571
vari-grip/rust/11-06-2021_DJI_0479_11_7,DehazeFormer,Top1,0.42857142857142855
vari-grip/rust/11-06-2021_DJI_0479_11_8,DehazeFormer,Top1,0.8571428571428571
vari-grip/rust/15-06-2021_DJI_0118_741,DehazeFormer,Top1,0.7142857142857143
vari-grip/rust/Fotos 23-10-2020_DJI_0029_vari_grip_745_7,DehazeFormer,Top1,0.8571428571428571
vari-grip/rust/Fotos 23-10-2020_DJI_0031_vari_grip_748_0,DehazeFormer,Top1,0.42857142857142855
vari-grip/rust/Fotos 23-10-2020_DJI_0031_vari_grip_748_7,DehazeFormer,Top1,0.7142857142857143
vari-grip/rust/Fotos 23-10-2020_DJI_0032_vari_grip_750,DehazeFormer,Top1,0.5714285714285714
vari-grip/rust/Fotos 23-10-2020_DJI_0032_vari_grip_750_3,DehazeFormer,Top1,0.5714285714285714
vari-grip/rust/Fotos 23-10-2020_DJI_0034_vari_grip_751_0,DehazeFormer,Top1,1.0
vari-grip/rust/Fotos 23-10-2020_DJI_0034_vari_grip_752,DehazeFormer,Top1,0.8571428571428571
vari-grip/rust/Fotos 23-10-2020_DJI_0034_vari_grip_752_7,DehazeFormer,Top1,0.5714285714285714
vari-grip/rust/Fotos 23-10-2020_DJI_0035_vari_grip_753_4,DehazeFormer,Top1,0.8571428571428571
vari-grip/rust/Fotos 23-10-2020_DJI_0035_vari_grip_753_5,DehazeFormer,Top1,0.7142857142857143
vari-grip/rust/Fotos 23-10-2020_DJI_0038_vari_grip_756_1,DehazeFormer,Top1,0.42857142857142855
vari-grip/rust/Fotos 23-10-2020_DJI_0038_vari_grip_756_4,DehazeFormer,Top1,0.7142857142857143
vari-grip/rust/Fotos 23-10-2020_DJI_0041_vari_grip_757,DehazeFormer,Top1,0.5714285714285714
vari-grip/rust/Fotos 23-10-2020_DJI_0043_vari_grip_759,DehazeFormer,Top1,0.5714285714285714
vari-grip/rust/Fotos 23-10-2020_DJI_0043_vari_grip_760_5,DehazeFormer,Top1,0.42857142857142855
vari-grip/rust/Fotos 23-10-2020_DJI_0043_vari_grip_760_8,DehazeFormer,Top1,0.5714285714285714
vari-grip/rust/Fotos 23-10-2020_DJI_0047_vari_grip_763_6,DehazeFormer,Top1,0.7142857142857143
vari-grip/rust/Fotos 23-10-2020_DJI_0047_vari_grip_764_0,DehazeFormer,Top1,0.8571428571428571
vari-grip/rust/Fotos 23-10-2020_DJI_0047_vari_grip_764_1,DehazeFormer,Top1,0.8571428571428571
vari-grip/rust/Fotos 23-10-2020_DJI_0047_vari_grip_764_3,DehazeFormer,Top1,0.5714285714285714
vari-grip/rust/Fotos 23-10-2020_DJI_0047_vari_grip_764_5,DehazeFormer,Top1,0.8571428571428571
vari-grip/rust/Fotos 23-10-2020_DJI_0048_vari_grip_765,DehazeFormer,Top1,0.42857142857142855
vari-grip/rust/Fotos 23-10-2020_DJI_0065_vari_grip_736,DehazeFormer,Top1,0.7142857142857143
vari-grip/rust/Fotos 23-10-2020_DJI_0065_vari_grip_736_0,DehazeFormer,Top1,0.2857142857142857
vari-grip/rust/Fotos 23-10-2020_DJI_0065_vari_grip_736_5,DehazeFormer,Top1,0.0
vari-grip/rust/Fotos 23-10-2020_DJI_0072_vari_grip_737_3,DehazeFormer,Top1,0.42857142857142855
vari-grip/rust/Fotos 23-10-2020_DJI_0072_vari_grip_737_4,DehazeFormer,Top1,0.8571428571428571
vari-grip/rust/Fotos 23-10-2020_DJI_0072_vari_grip_737_6,DehazeFormer,Top1,0.7142857142857143
vari-grip/rust/Fotos 23-10-2020_DJI_0072_vari_grip_737_8,DehazeFormer,Top1,0.7142857142857143
vari-grip/rust/Fotos 23-10-2020_DJI_0073_vari_grip_738_1,DehazeFormer,Top1,0.7142857142857143
vari-grip/rust/Fotos 23-10-2020_DJI_0073_vari_grip_738_2,DehazeFormer,Top1,0.8571428571428571
vari-grip/rust/Fotos 23-10-2020_DJI_0074_vari_grip_739_0,DehazeFormer,Top1,0.8571428571428571
vari-grip/rust/Fotos 23-10-2020_DJI_0074_vari_grip_739_3,DehazeFormer,Top1,0.8571428571428571
vari-grip/rust/Fotos 23-10-2020_DJI_0113_vari_grip_743_4,DehazeFormer,Top1,0.5714285714285714
vari-grip/rust/Fotos 23-10-2020_DJI_0114_vari_grip_744_1,DehazeFormer,Top1,0.2857142857142857
vari-grip/rust/Fotos 23-10-2020_DJI_0114_vari_grip_744_7,DehazeFormer,Top1,0.7142857142857143
vari-grip/rust/Fotos 23-10-2020_DJI_0114_vari_grip_744_8,DehazeFormer,Top1,0.42857142857142855
vari-grip/bird-nest/08-06-2021_DJI_0089_322,DehazeFormer,Cosine,0.9922932812145778
vari-grip/bird-nest/08-06-2021_DJI_0089_322_3,DehazeFormer,Cosine,0.9883888023240226
vari-grip/bird-nest/08-06-2021_DJI_0285_392,DehazeFormer,Cosine,0.9880798203604562
vari-grip/bird-nest/10-06-2021_DJI_0244_649_2,DehazeFormer,Cosine,0.8871456044060844
vari-grip/bird-nest/10-06-2021_DJI_0270_657_5,DehazeFormer,Cosine,0.9240598934037345
vari-grip/bird-nest/10-06-2021_DJI_0270_657_7,DehazeFormer,Cosine,0.9463675958769662
vari-grip/bird-nest/10-06-2021_DJI_0271_658_1,DehazeFormer,Cosine,0.9981152755873544
vari-grip/bird-nest/10-06-2021_DJI_0271_658_2,DehazeFormer,Cosine,0.9939253585679191
vari-grip/bird-nest/10-06-2021_DJI_0271_658_6,DehazeFormer,Cosine,0.9983287879398891
vari-grip/bird-nest/10-06-2021_DJI_0271_658_8,DehazeFormer,Cosine,0.9916521992002215
vari-grip/bird-nest/11-06-2021_DJI_0121_4_1,DehazeFormer,Cosine,0.9807178207806179
vari-grip/bird-nest/11-06-2021_DJI_0121_4_4,DehazeFormer,Cosine,0.9926925642149789
vari-grip/bird-nest/11-06-2021_DJI_0121_4_5,DehazeFormer,Cosine,0.9649446606636047
vari-grip/bird-nest/11-06-2021_DJI_0132_6_0,DehazeFormer,Cosine,0.9985635536057609
vari-grip/bird-nest/11-06-2021_DJI_0132_6_6,DehazeFormer,Cosine,0.9894602213587079
vari-grip/bird-nest/15-06-2021_DJI_0044_726,DehazeFormer,Cosine,0.9989683628082275
vari-grip/bird-nest/15-06-2021_DJI_0044_726_6,DehazeFormer,Cosine,0.9876911469868251
vari-grip/bird-nest/Fotos 02-12-2020_DJI_0492_vari_grip_56_4,DehazeFormer,Cosine,0.9948617219924927
vari-grip/bird-nest/Fotos 02-12-2020_DJI_0492_vari_grip_57_0,DehazeFormer,Cosine,0.9993149212428502
vari-grip/bird-nest/Fotos 02-12-2020_DJI_0492_vari_grip_57_4,DehazeFormer,Cosine,0.9941394329071045
vari-grip/bird-nest/Fotos 17-11-2020_DJI_0289_vari_grip_478,DehazeFormer,Cosine,0.9827328324317932
vari-grip/bird-nest/Fotos 17-11-2020_DJI_0303_vari_grip_479_0,DehazeFormer,Cosine,0.9716416937964303
vari-grip/bird-nest/Fotos 17-11-2020_DJI_0304_vari_grip_480,DehazeFormer,Cosine,0.9906442335673741
vari-grip/bird-nest/Fotos 18-11-2020_DJI_0209_vari_grip_530_0,DehazeFormer,Cosine,0.9984078236988613
vari-grip/bird-nest/Fotos 18-11-2020_DJI_0209_vari_grip_530_3,DehazeFormer,Cosine,0.9908039655004229
vari-grip/bird-nest/Fotos 19-11-2020_DJI_0140_vari_grip_571_3,DehazeFormer,Cosine,0.9851940785135541
vari-grip/bird-nest/Fotos 19-11-2020_DJI_0140_vari_grip_571_7,DehazeFormer,Cosine,0.9468639152390617
vari-grip/bird-nest/Fotos 19-11-2020_DJI_0149_vari_grip_573_0,DehazeFormer,Cosine,0.985923741544996
vari-grip/bird-nest/Fotos 19-11-2020_DJI_0149_vari_grip_573_4,DehazeFormer,Cosine,0.891568341425487
vari-grip/bird-nest/Fotos 19-11-2020_DJI_0149_vari_grip_573_6,DehazeFormer,Cosine,0.8951390130179269
vari-grip/bird-nest/Fotos 19-11-2020_DJI_0150_vari_grip_574_0,DehazeFormer,Cosine,0.9816252844674247
vari-grip/bird-nest/Fotos 19-11-2020_DJI_0150_vari_grip_575_1,DehazeFormer,Cosine,0.9911806157657078
vari-grip/bird-nest/Fotos 19-11-2020_DJI_0150_vari_grip_575_2,DehazeFormer,Cosine,0.991561268057142
vari-grip/bird-nest/Fotos 19-11-2020_DJI_0151_vari_grip_577_2,DehazeFormer,Cosine,0.9931525758334568
vari-grip/bird-nest/Fotos 19-11-2020_DJI_0151_vari_grip_577_3,DehazeFormer,Cosine,0.821404463478497
vari-grip/bird-nest/Fotos 19-11-2020_DJI_0151_vari_grip_577_4,DehazeFormer,Cosine,0.9825442348207746
vari-grip/bird-nest/Fotos 20-11-2020_DJI_0210_vari_grip_683_2,DehazeFormer,Cosine,0.8200430391090257
vari-grip/bird-nest/Fotos 20-11-2020_DJI_0210_vari_grip_683_7,DehazeFormer,Cosine,0.9992026090621948
vari-grip/bird-nest/Fotos 23-11-2020_DJI_0279_vari_grip_768_0,DehazeFormer,Cosine,0.9989859802382333
vari-grip/bird-nest/Fotos 23-11-2020_DJI_0279_vari_grip_768_2,DehazeFormer,Cosine,0.9916204469544547
vari-grip/bird-nest/Fotos 25-11-2020_DJI_0207_vari_grip_861_0,DehazeFormer,Cosine,0.9678271412849426
vari-grip/bird-nest/Fotos 25-11-2020_DJI_0207_vari_grip_861_6,DehazeFormer,Cosine,0.998082024710519
vari-grip/bird-nest/Fotos 25-11-2020_DJI_0563_vari_grip_841_0,DehazeFormer,Cosine,0.989776006766728
vari-grip/bird-nest/Fotos 25-11-2020_DJI_0563_vari_grip_841_2,DehazeFormer,Cosine,0.9993948681013924
vari-grip/bird-nest/Fotos 25-11-2020_DJI_0563_vari_grip_841_4,DehazeFormer,Cosine,0.9857138565608433
vari-grip/bird-nest/Fotos 25-11-2020_DJI_0563_vari_grip_841_7,DehazeFormer,Cosine,0.9741465704781669
vari-grip/bird-nest/Fotos 25-11-2020_DJI_0564_vari_grip_843,DehazeFormer,Cosine,0.9847790769168309
vari-grip/bird-nest/Fotos 25-11-2020_DJI_0564_vari_grip_843_1,DehazeFormer,Cosine,0.9829438584191459
vari-grip/bird-nest/Fotos 25-11-2020_DJI_0564_vari_grip_843_2,DehazeFormer,Cosine,0.994264543056488
vari-grip/bird-nest/Fotos 25-11-2020_DJI_0564_vari_grip_844,DehazeFormer,Cosine,0.9969777039119175
vari-grip/bird-nest/Fotos 25-11-2020_DJI_0564_vari_grip_844_4,DehazeFormer,Cosine,0.9356756891523089
vari-grip/bird-nest/Fotos 25-11-2020_DJI_0564_vari_grip_844_7,DehazeFormer,Cosine,0.9932363203593663
vari-grip/bird-nest/Fotos 25-11-2020_DJI_0564_vari_grip_844_8,DehazeFormer,Cosine,0.9970306072916303
vari-grip/bird-nest/Fotos 25-11-2020_DJI_0586_vari_grip_845,DehazeFormer,Cosine,0.9995894091469901
vari-grip/bird-nest/Fotos 25-11-2020_DJI_0586_vari_grip_845_2,DehazeFormer,Cosine,0.9791808639253888
vari-grip/bird-nest/Fotos 25-11-2020_DJI_0586_vari_grip_845_7,DehazeFormer,Cosine,0.8884199580975941
vari-grip/bird-nest/Fotos 25-11-2020_DJI_0586_vari_grip_845_8,DehazeFormer,Cosine,0.9984170709337506
vari-grip/bird-nest/Fotos 25-11-2020_DJI_0586_vari_grip_846,DehazeFormer,Cosine,0.9998732124056134
vari-grip/bird-nest/Fotos 25-11-2020_DJI_0586_vari_grip_846_3,DehazeFormer,Cosine,0.8999127319880894
vari-grip/bird-nest/Fotos 25-11-2020_DJI_0586_vari_grip_846_4,DehazeFormer,Cosine,0.9994390606880188
vari-grip/bird-nest/Fotos 25-11-2020_DJI_0588_vari_grip_847_1,DehazeFormer,Cosine,0.9558371475764683
vari-grip/bird-nest/Fotos 25-11-2020_DJI_0588_vari_grip_847_8,DehazeFormer,Cosine,0.998516457421439
vari-grip/bird-nest/Fotos 26-11-2020_DJI_0214_vari_grip_906_1,DehazeFormer,Cosine,0.9784753663199288
vari-grip/bird-nest/Fotos 26-11-2020_DJI_0214_vari_grip_907,DehazeFormer,Cosine,0.9621053167751857
vari-grip/bird-nest/Fotos 26-11-2020_DJI_0215_vari_grip_908_3,DehazeFormer,Cosine,0.9857252836227417
vari-grip/bird-nest/Fotos 26-11-2020_DJI_0262_vari_grip_910,DehazeFormer,Cosine,0.996681204863957
vari-grip/bird-nest/Fotos 26-11-2020_DJI_0262_vari_grip_911,DehazeFormer,Cosine,0.9893316030502319
vari-grip/bird-nest/Fotos 27-11-2020_DJI_0491_vari_grip_933_1,DehazeFormer,Cosine,0.9781418442726135
vari-grip/bird-nest/Fotos 27-11-2020_DJI_0491_vari_grip_933_4,DehazeFormer,Cosine,0.9806680338723319
vari-grip/bird-nest/Fotos 27-11-2020_DJI_0491_vari_grip_933_8,DehazeFormer,Cosine,0.9950197679655892
vari-grip/bird-nest/Fotos 27-11-2020_DJI_0566_vari_grip_924_6,DehazeFormer,Cosine,0.9488720723560878
vari-grip/bird-nest/Fotos 27-11-2020_DJI_0566_vari_grip_925,DehazeFormer,Cosine,0.9328334331512451
vari-grip/bird-nest/Fotos 27-11-2020_DJI_0566_vari_grip_925_2,DehazeFormer,Cosine,0.8609552724020821
vari-grip/bird-nest/Fotos 27-11-2020_DJI_0566_vari_grip_925_3,DehazeFormer,Cosine,0.8317026921680996
vari-grip/bird-nest/Fotos 27-11-2020_DJI_0566_vari_grip_925_6,DehazeFormer,Cosine,0.9314929161752973
vari-grip/good/Fotos 01-12-2020_DJI_0079_vari_grip_51,DehazeFormer,Cosine,0.9995761684009007
vari-grip/good/Fotos 01-12-2020_DJI_0140_vari_grip_47,DehazeFormer,Cosine,0.9352284244128636
vari-grip/good/Fotos 01-12-2020_DJI_0199_vari_grip_41,DehazeFormer,Cosine,0.9998690996851239
vari-grip/good/Fotos 01-12-2020_DJI_0342_vari_grip_32,DehazeFormer,Cosine,0.9982713716370719
vari-grip/good/Fotos 01-12-2020_DJI_0402_vari_grip_29,DehazeFormer,Cosine,0.9986652135848999
vari-grip/good/Fotos 01-12-2020_DJI_0457_vari_grip_24,DehazeFormer,Cosine,0.99709381375994
vari-grip/good/Fotos 01-12-2020_DJI_0457_vari_grip_25,DehazeFormer,Cosine,0.998614524091993
vari-grip/good/Fotos 02-12-2020_DJI_0020_vari_grip_94,DehazeFormer,Cosine,0.9984076533998761
vari-grip/good/Fotos 02-12-2020_DJI_0132_vari_grip_88,DehazeFormer,Cosine,0.9998971990176609
vari-grip/good/Fotos 02-12-2020_DJI_0194_vari_grip_84,DehazeFormer,Cosine,0.9993942294801984
vari-grip/good/Fotos 02-12-2020_DJI_0367_vari_grip_65,DehazeFormer,Cosine,0.993433015687125
vari-grip/good/Fotos 02-12-2020_DJI_0368_vari_grip_67,DehazeFormer,Cosine,0.9998289261545453
vari-grip/good/Fotos 02-12-2020_DJI_0374_vari_grip_71,DehazeFormer,Cosine,0.9876277191298348
vari-grip/good/Fotos 02-12-2020_DJI_0427_vari_grip_61,DehazeFormer,Cosine,0.999963138784681
vari-grip/good/Fotos 03-12-2020_DJI_0149_vari_grip_126,DehazeFormer,Cosine,0.9998872109821865
vari-grip/good/Fotos 03-12-2020_DJI_0150_vari_grip_128,DehazeFormer,Cosine,0.9998402510370527
vari-grip/good/Fotos 03-12-2020_DJI_0457_vari_grip_110,DehazeFormer,Cosine,0.9683047788483756
vari-grip/good/Fotos 03-12-2020_DJI_0561_vari_grip_100,DehazeFormer,Cosine,0.9997835074152265
vari-grip/good/Fotos 04-12-2020_DJI_0762_vari_grip_164,DehazeFormer,Cosine,0.9997994729450771
vari-grip/good/Fotos 04-12-2020_DJI_0806_vari_grip_160,DehazeFormer,Cosine,0.9999709214482989
vari-grip/good/Fotos 04-12-2020_DJI_0902_vari_grip_149,DehazeFormer,Cosine,0.9997429762567792
vari-grip/good/Fotos 04-12-2020_DJI_0950_vari_grip_142,DehazeFormer,Cosine,0.9996171849114555
vari-grip/good/Fotos 04-12-2020_DJI_0951_vari_grip_145,DehazeFormer,Cosine,0.9992606725011554
vari-grip/good/Fotos 04-12-2020_DJI_0954_vari_grip_146,DehazeFormer,Cosine,0.9909132633890424
vari-grip/good/Fotos 04-12-2020_DJI_1000 (2)_vari_grip_141,DehazeFormer,Cosine,0.8892560260636466
vari-grip/good/Fotos 07-12-2020_DJI_0059_vari_grip_192,DehazeFormer,Cosine,0.9999752981322152
vari-grip/good/Fotos 07-12-2020_DJI_0140_vari_grip_183,DehazeFormer,Cosine,0.9642000879560199
vari-grip/good/Fotos 07-12-2020_DJI_0141_vari_grip_185,DehazeFormer,Cosine,0.9913218787738255
vari-grip/good/Fotos 07-12-2020_DJI_0155_vari_grip_186,DehazeFormer,Cosine,0.9693091767174857
vari-grip/good/Fotos 07-12-2020_DJI_0187_vari_grip_179,DehazeFormer,Cosine,0.9940707683563232
vari-grip/good/Fotos 08-12-2020_DJI_0452_vari_grip_225,DehazeFormer,Cosine,0.9996499844959804
vari-grip/good/Fotos 08-12-2020_DJI_0455_vari_grip_229,DehazeFormer,Cosine,0.7472724148205349
vari-grip/good/Fotos 08-12-2020_DJI_0538_vari_grip_218,DehazeFormer,Cosine,0.9325758559363229
vari-grip/good/Fotos 08-12-2020_DJI_0613_vari_grip_208,DehazeFormer,Cosine,0.9994642223630633
vari-grip/good/Fotos 08-12-2020_DJI_0652_vari_grip_204,DehazeFormer,Cosine,0.9955206598554339
vari-grip/good/Fotos 09-12-2020_DJI_0017_vari_grip_269,DehazeFormer,Cosine,0.9993871194975716
vari-grip/good/Fotos 09-12-2020_DJI_0018_vari_grip_271,DehazeFormer,Cosine,0.9446562102862767
vari-grip/good/Fotos 09-12-2020_DJI_0056_vari_grip_263,DehazeFormer,Cosine,0.999884443623679
vari-grip/good/Fotos 09-12-2020_DJI_0102_vari_grip_261,DehazeFormer,Cosine,0.999783822468349
vari-grip/good/Fotos 09-12-2020_DJI_0143_vari_grip_249,DehazeFormer,Cosine,0.999845027923584
vari-grip/good/Fotos 09-12-2020_DJI_0144_vari_grip_252,DehazeFormer,Cosine,0.9997620241982597
vari-grip/good/Fotos 09-12-2020_DJI_0310_vari_grip_238,DehazeFormer,Cosine,0.9977619051933289
vari-grip/good/Fotos 09-12-2020_DJI_0348_vari_grip_233,DehazeFormer,Cosine,0.9770709531647819
vari-grip/good/Fotos 10-12-2020_DJI_0020_vari_grip_327,DehazeFormer,Cosine,0.9981475046702794
vari-grip/good/Fotos 10-12-2020_DJI_0024_vari_grip_332,DehazeFormer,Cosine,0.9047362208366394
vari-grip/good/Fotos 10-12-2020_DJI_0101_vari_grip_312,DehazeFormer,Cosine,0.9987308382987976
vari-grip/good/Fotos 10-12-2020_DJI_0140_vari_grip_300,DehazeFormer,Cosine,0.9999591112136841
vari-grip/good/Fotos 10-12-2020_DJI_0182_vari_grip_295,DehazeFormer,Cosine,0.9973592332431248
vari-grip/good/Fotos 10-12-2020_DJI_0182_vari_grip_296,DehazeFormer,Cosine,0.9999188184738159
vari-grip/good/Fotos 10-12-2020_DJI_0184_vari_grip_299,DehazeFormer,Cosine,0.9986951521464756
vari-grip/good/Fotos 10-12-2020_DJI_0258_vari_grip_282,DehazeFormer,Cosine,0.999978951045445
vari-grip/good/Fotos 10-12-2020_DJI_0259_vari_grip_283,DehazeFormer,Cosine,0.9758978486061096
vari-grip/good/Fotos 10-12-2020_DJI_0262_vari_grip_285,DehazeFormer,Cosine,0.9411848868642535
vari-grip/good/Fotos 11-12-2020_DJI_0055_vari_grip_379,DehazeFormer,Cosine,0.995640252317701
vari-grip/good/Fotos 11-12-2020_DJI_0290_vari_grip_346,DehazeFormer,Cosine,0.8750337511301041
vari-grip/good/Fotos 14-12-2020_DJI_0433_vari_grip_399,DehazeFormer,Cosine,0.9684441089630127
vari-grip/good/Fotos 14-12-2020_DJI_0624_vari_grip_392,DehazeFormer,Cosine,0.9863480244364057
vari-grip/good/Fotos 16-11-2020_DJI_0110_vari_grip_439,DehazeFormer,Cosine,0.9961850643157959
vari-grip/good/Fotos 16-11-2020_DJI_0153_vari_grip_434,DehazeFormer,Cosine,0.9840027604784284
vari-grip/good/Fotos 16-11-2020_DJI_0157_vari_grip_438,DehazeFormer,Cosine,0.9990996292659214
vari-grip/good/Fotos 16-12-2020_DJI_0034_vari_grip_475,DehazeFormer,Cosine,0.9845232622964042
vari-grip/good/Fotos 16-12-2020_DJI_0188_vari_grip_464,DehazeFormer,Cosine,0.9964457835469928
vari-grip/good/Fotos 16-12-2020_DJI_0404_vari_grip_450,DehazeFormer,Cosine,0.68912102494921
vari-grip/good/Fotos 17-11-2020_DJI_0106_vari_grip_493,DehazeFormer,Cosine,0.9640379548072815
vari-grip/good/Fotos 17-11-2020_DJI_0120_vari_grip_496,DehazeFormer,Cosine,0.9324650083269391
vari-grip/good/Fotos 17-11-2020_DJI_0121_vari_grip_497,DehazeFormer,Cosine,0.9982236964362008
vari-grip/good/Fotos 17-11-2020_DJI_0206_vari_grip_491,DehazeFormer,Cosine,0.9977896639278957
vari-grip/good/Fotos 17-12-2020_DJI_0168_vari_grip_514,DehazeFormer,Cosine,0.9996493033000401
vari-grip/good/Fotos 18-11-2020_DJI_0070_vari_grip_548,DehazeFormer,Cosine,0.9986987965447562
vari-grip/good/Fotos 18-11-2020_DJI_0109_vari_grip_546,DehazeFormer,Cosine,0.9990401693752834
vari-grip/good/Fotos 18-11-2020_DJI_0137_vari_grip_541,DehazeFormer,Cosine,0.9987836820738656
vari-grip/good/Fotos 18-11-2020_DJI_0246_vari_grip_528,DehazeFormer,Cosine,0.999860439981733
vari-grip/good/Fotos 19-10-2020_DJI_0045_vari_grip_4,DehazeFormer,Cosine,0.9293702925954547
vari-grip/good/Fotos 19-10-2020_DJI_0046_vari_grip_6,DehazeFormer,Cosine,0.9191740070070539
vari-grip/good/Fotos 19-10-2020_DJI_0046_vari_grip_7,DehazeFormer,Cosine,0.8686846345663071
vari-grip/good/Fotos 19-10-2020_DJI_0083_vari_grip_15,DehazeFormer,Cosine,0.9996630464281354
vari-grip/good/Fotos 19-10-2020_DJI_0084_vari_grip_16,DehazeFormer,Cosine,0.9988480976649693
vari-grip/good/Fotos 19-11-2020_DJI_0119_vari_grip_578,DehazeFormer,Cosine,0.9990609969411578
vari-grip/good/Fotos 19-11-2020_DJI_0199_vari_grip_562,DehazeFormer,Cosine,0.9935095225061689
vari-grip/good/Fotos 19-11-2020_DJI_0236_vari_grip_561,DehazeFormer,Cosine,0.9941601582935878
vari-grip/good/Fotos 20-10-2020_DJI_0201_vari_grip_613,DehazeFormer,Cosine,0.9998807821954999
vari-grip/good/Fotos 20-10-2020_DJI_0205_vari_grip_620,DehazeFormer,Cosine,0.995115339756012
vari-grip/good/Fotos 20-10-2020_DJI_0211_vari_grip_633,DehazeFormer,Cosine,0.9951827015195575
vari-grip/good/Fotos 20-10-2020_DJI_0238_vari_grip_641,DehazeFormer,Cosine,0.9873224581990924
vari-grip/good/Fotos 20-10-2020_DJI_0243_vari_grip_648,DehazeFormer,Cosine,0.9997628927230835
vari-grip/good/Fotos 20-10-2020_DJI_0244_vari_grip_651,DehazeFormer,Cosine,0.9963093229702541
vari-grip/good/Fotos 20-10-2020_DJI_0245_vari_grip_653,DehazeFormer,Cosine,0.9957602194377354
vari-grip/good/Fotos 20-10-2020_DJI_0255_vari_grip_658,DehazeFormer,Cosine,0.9980481948171344
vari-grip/good/Fotos 20-10-2020_DJI_0255_vari_grip_659,DehazeFormer,Cosine,0.9984718986919948
vari-grip/good/Fotos 20-10-2020_DJI_0256_vari_grip_660,DehazeFormer,Cosine,0.996302034173693
vari-grip/good/Fotos 20-10-2020_DJI_0265_vari_grip_586,DehazeFormer,Cosine,0.9993473631995065
vari-grip/good/Fotos 20-10-2020_DJI_0268_vari_grip_589,DehazeFormer,Cosine,0.9996014407702855
vari-grip/good/Fotos 20-10-2020_DJI_0282_vari_grip_590,DehazeFormer,Cosine,0.9984117235456195
vari-grip/good/Fotos 20-11-2020_DJI_0144_vari_grip_697,DehazeFormer,Cosine,0.9930674178259713
vari-grip/good/Fotos 20-11-2020_DJI_0171_vari_grip_687,DehazeFormer,Cosine,0.9515579002244132
vari-grip/good/Fotos 20-11-2020_DJI_0172_vari_grip_689,DehazeFormer,Cosine,0.8346487666879382
vari-grip/good/Fotos 20-11-2020_DJI_0275_vari_grip_672,DehazeFormer,Cosine,0.9991049766540527
vari-grip/good/Fotos 22-10-2020_DJI_0858_vari_grip_718,DehazeFormer,Cosine,0.995003206389291
vari-grip/good/Fotos 22-10-2020_DJI_0864_vari_grip_724,DehazeFormer,Cosine,0.9973665135247367
vari-grip/good/Fotos 22-10-2020_DJI_0864_vari_grip_725,DehazeFormer,Cosine,0.9923829862049648
vari-grip/good/Fotos 22-10-2020_DJI_0880_vari_grip_734,DehazeFormer,Cosine,0.9926113401140485
vari-grip/good/Fotos 23-11-2020_DJI_0143_vari_grip_783,DehazeFormer,Cosine,0.992054786000933
vari-grip/good/Fotos 23-11-2020_DJI_0177_vari_grip_782,DehazeFormer,Cosine,0.9999302114759173
vari-grip/good/Fotos 23-11-2020_DJI_0209_vari_grip_777,DehazeFormer,Cosine,0.9924725464412144
vari-grip/good/Fotos 24-11-2020_DJI_0101_vari_grip_837,DehazeFormer,Cosine,0.9895129544394357
vari-grip/good/Fotos 24-11-2020_DJI_0243_vari_grip_827,DehazeFormer,Cosine,0.812851807036038
vari-grip/good/Fotos 24-11-2020_DJI_0244_vari_grip_830,DehazeFormer,Cosine,0.9188232592173985
vari-grip/good/Fotos 25-11-2020_DJI_0208_vari_grip_862,DehazeFormer,Cosine,0.9933996881757464
vari-grip/good/Fotos 26-11-2020_DJI_0213_vari_grip_904,DehazeFormer,Cosine,0.93019551890237
vari-grip/good/Fotos 26-11-2020_DJI_0213_vari_grip_905,DehazeFormer,Cosine,0.9942361031259809
vari-grip/good/Fotos 27-11-2020_DJI_0421_vari_grip_934,DehazeFormer,Cosine,0.9907714469092233
vari-grip/good/Fotos 27-11-2020_DJI_0421_vari_grip_935,DehazeFormer,Cosine,0.9751677853720528
vari-grip/good/Fotos 27-11-2020_DJI_0422_vari_grip_937,DehazeFormer,Cosine,0.9827539324760437
vari-grip/good/Fotos 30-11-2020_DJI_0033_vari_grip_1007,DehazeFormer,Cosine,0.9872424687658038
vari-grip/good/Fotos 30-11-2020_DJI_0193_vari_grip_996,DehazeFormer,Cosine,0.9834413783890861
vari-grip/good/Fotos 30-11-2020_DJI_0437_vari_grip_975,DehazeFormer,Cosine,0.9986690538270133
vari-grip/good/Fotos 30-11-2020_DJI_0438_vari_grip_976,DehazeFormer,Cosine,0.9992547716413226
vari-grip/good/Fotos 30-11-2020_DJI_0501_vari_grip_969,DehazeFormer,Cosine,0.9998941762106759
vari-grip/good/Fotos 30-11-2020_DJI_0561_vari_grip_964,DehazeFormer,Cosine,0.9992969717298236
vari-grip/rust/01-06-2021_DJI_0030_6_0,DehazeFormer,Cosine,0.9506342666489738
vari-grip/rust/01-06-2021_DJI_0030_6_7,DehazeFormer,Cosine,0.7927926821368081
vari-grip/rust/01-06-2021_DJI_0146_39_2,DehazeFormer,Cosine,0.845832177570888
vari-grip/rust/01-06-2021_DJI_0146_39_6,DehazeFormer,Cosine,0.863199804510389
vari-grip/rust/01-06-2021_DJI_0146_40_0,DehazeFormer,Cosine,0.9351499676704407
vari-grip/rust/01-06-2021_DJI_0162_46_6,DehazeFormer,Cosine,0.9991938727242606
vari-grip/rust/02-06-2021_DJI_0359_261_8,DehazeFormer,Cosine,0.9870220422744751
vari-grip/rust/08-06-2021_DJI_0385_421_2,DehazeFormer,Cosine,0.9225355897630964
vari-grip/rust/08-06-2021_DJI_0385_421_4,DehazeFormer,Cosine,0.974473374230521
vari-grip/rust/08-06-2021_DJI_0385_421_6,DehazeFormer,Cosine,0.9799723965781075
vari-grip/rust/08-06-2021_DJI_0385_422,DehazeFormer,Cosine,0.8414416440895626
vari-grip/rust/08-06-2021_DJI_0385_422_0,DehazeFormer,Cosine,0.7575355257306781
vari-grip/rust/08-06-2021_DJI_0385_422_5,DehazeFormer,Cosine,0.992493212223053
vari-grip/rust/09-06-2021_DJI_0466_568,DehazeFormer,Cosine,0.9973971588271004
vari-grip/rust/09-06-2021_DJI_0466_568_6,DehazeFormer,Cosine,0.9972527027130127
vari-grip/rust/09-06-2021_DJI_0467_570_2,DehazeFormer,Cosine,0.9943485600607735
vari-grip/rust/09-06-2021_DJI_0467_570_4,DehazeFormer,Cosine,0.9879073585782733
vari-grip/rust/10-06-2021_DJI_0018_611,DehazeFormer,Cosine,0.9979194317545209
vari-grip/rust/10-06-2021_DJI_0018_611_1,DehazeFormer,Cosine,0.9949287090982709
vari-grip/rust/10-06-2021_DJI_0018_611_7,DehazeFormer,Cosine,0.9959072981561933
vari-grip/rust/10-06-2021_DJI_0019_613_5,DehazeFormer,Cosine,0.9841561147144863
vari-grip/rust/11-06-2021_DJI_0479_11_6,DehazeFormer,Cosine,0.9942751611982074
vari-grip/rust/11-06-2021_DJI_0479_11_7,DehazeFormer,Cosine,0.9723512189728873
vari-grip/rust/11-06-2021_DJI_0479_11_8,DehazeFormer,Cosine,0.9942466361182076
vari-grip/rust/15-06-2021_DJI_0118_741,DehazeFormer,Cosine,0.8991369690213885
vari-grip/rust/Fotos 23-10-2020_DJI_0029_vari_grip_745_7,DehazeFormer,Cosine,0.9869529690061297
vari-grip/rust/Fotos 23-10-2020_DJI_0031_vari_grip_748_0,DehazeFormer,Cosine,0.9849064350128174
vari-grip/rust/Fotos 23-10-2020_DJI_0031_vari_grip_748_7,DehazeFormer,Cosine,0.9754935247557504
vari-grip/rust/Fotos 23-10-2020_DJI_0032_vari_grip_750,DehazeFormer,Cosine,0.9960592985153198
vari-grip/rust/Fotos 23-10-2020_DJI_0032_vari_grip_750_3,DehazeFormer,Cosine,0.9664801188877651
vari-grip/rust/Fotos 23-10-2020_DJI_0034_vari_grip_751_0,DehazeFormer,Cosine,0.9980381897517613
vari-grip/rust/Fotos 23-10-2020_DJI_0034_vari_grip_752,DehazeFormer,Cosine,0.9980946864400592
vari-grip/rust/Fotos 23-10-2020_DJI_0034_vari_grip_752_7,DehazeFormer,Cosine,0.9774475693702698
vari-grip/rust/Fotos 23-10-2020_DJI_0035_vari_grip_753_4,DehazeFormer,Cosine,0.9979656253542218
vari-grip/rust/Fotos 23-10-2020_DJI_0035_vari_grip_753_5,DehazeFormer,Cosine,0.9981091363089425
vari-grip/rust/Fotos 23-10-2020_DJI_0038_vari_grip_756_1,DehazeFormer,Cosine,0.9709259186472211
vari-grip/rust/Fotos 23-10-2020_DJI_0038_vari_grip_756_4,DehazeFormer,Cosine,0.9955941012927464
vari-grip/rust/Fotos 23-10-2020_DJI_0041_vari_grip_757,DehazeFormer,Cosine,0.860137049640928
vari-grip/rust/Fotos 23-10-2020_DJI_0043_vari_grip_759,DehazeFormer,Cosine,0.9552654879433768
vari-grip/rust/Fotos 23-10-2020_DJI_0043_vari_grip_760_5,DehazeFormer,Cosine,0.9525262202535357
vari-grip/rust/Fotos 23-10-2020_DJI_0043_vari_grip_760_8,DehazeFormer,Cosine,0.8588030125413623
vari-grip/rust/Fotos 23-10-2020_DJI_0047_vari_grip_763_6,DehazeFormer,Cosine,0.9786445839064462
vari-grip/rust/Fotos 23-10-2020_DJI_0047_vari_grip_764_0,DehazeFormer,Cosine,0.7457373738288879
vari-grip/rust/Fotos 23-10-2020_DJI_0047_vari_grip_764_1,DehazeFormer,Cosine,0.9855869582721165
vari-grip/rust/Fotos 23-10-2020_DJI_0047_vari_grip_764_3,DehazeFormer,Cosine,0.9554263353347778
vari-grip/rust/Fotos 23-10-2020_DJI_0047_vari_grip_764_5,DehazeFormer,Cosine,0.9734829579080854
vari-grip/rust/Fotos 23-10-2020_DJI_0048_vari_grip_765,DehazeFormer,Cosine,0.9783415879522052
vari-grip/rust/Fotos 23-10-2020_DJI_0065_vari_grip_736,DehazeFormer,Cosine,0.9973386440958295
vari-grip/rust/Fotos 23-10-2020_DJI_0065_vari_grip_736_0,DehazeFormer,Cosine,0.9855805890900748
vari-grip/rust/Fotos 23-10-2020_DJI_0065_vari_grip_736_5,DehazeFormer,Cosine,0.991753373827253
vari-grip/rust/Fotos 23-10-2020_DJI_0072_vari_grip_737_3,DehazeFormer,Cosine,0.9866104551724025
vari-grip/rust/Fotos 23-10-2020_DJI_0072_vari_grip_737_4,DehazeFormer,Cosine,0.9907141242708478
vari-grip/rust/Fotos 23-10-2020_DJI_0072_vari_grip_737_6,DehazeFormer,Cosine,0.993657009942191
vari-grip/rust/Fotos 23-10-2020_DJI_0072_vari_grip_737_8,DehazeFormer,Cosine,0.996320366859436
vari-grip/rust/Fotos 23-10-2020_DJI_0073_vari_grip_738_1,DehazeFormer,Cosine,0.9963291031973702
vari-grip/rust/Fotos 23-10-2020_DJI_0073_vari_grip_738_2,DehazeFormer,Cosine,0.998313444001334
vari-grip/rust/Fotos 23-10-2020_DJI_0074_vari_grip_739_0,DehazeFormer,Cosine,0.9981557045664106
vari-grip/rust/Fotos 23-10-2020_DJI_0074_vari_grip_739_3,DehazeFormer,Cosine,0.9976426448140826
vari-grip/rust/Fotos 23-10-2020_DJI_0113_vari_grip_743_4,DehazeFormer,Cosine,0.9755525248391288
vari-grip/rust/Fotos 23-10-2020_DJI_0114_vari_grip_744_1,DehazeFormer,Cosine,0.9950443506240845
vari-grip/rust/Fotos 23-10-2020_DJI_0114_vari_grip_744_7,DehazeFormer,Cosine,0.9739663856370109
vari-grip/rust/Fotos 23-10-2020_DJI_0114_vari_grip_744_8,DehazeFormer,Cosine,0.9975629278591701
vari-grip/bird-nest/08-06-2021_DJI_0089_322,DehazeFormer,Margin,0.001398052488054548
vari-grip/bird-nest/08-06-2021_DJI_0089_322_3,DehazeFormer,Margin,0.008597493171691895
vari-grip/bird-nest/08-06-2021_DJI_0285_392,DehazeFormer,Margin,0.0200637834412711
vari-grip/bird-nest/10-06-2021_DJI_0244_649_2,DehazeFormer,Margin,0.04226975781576974
vari-grip/bird-nest/10-06-2021_DJI_0270_657_5,DehazeFormer,Margin,-0.002345400197165353
vari-grip/bird-nest/10-06-2021_DJI_0270_657_7,DehazeFormer,Margin,-0.019455220018114363
vari-grip/bird-nest/10-06-2021_DJI_0271_658_1,DehazeFormer,Margin,-0.0012180549757821219
vari-grip/bird-nest/10-06-2021_DJI_0271_658_2,DehazeFormer,Margin,-0.005438429968697684
vari-grip/bird-nest/10-06-2021_DJI_0271_658_6,DehazeFormer,Margin,-0.0014051965304783412
vari-grip/bird-nest/10-06-2021_DJI_0271_658_8,DehazeFormer,Margin,-0.004287634577069964
vari-grip/bird-nest/11-06-2021_DJI_0121_4_1,DehazeFormer,Margin,-0.018123396805354526
vari-grip/bird-nest/11-06-2021_DJI_0121_4_4,DehazeFormer,Margin,-0.004680011953626361
vari-grip/bird-nest/11-06-2021_DJI_0121_4_5,DehazeFormer,Margin,-0.032939791679382324
vari-grip/bird-nest/11-06-2021_DJI_0132_6_0,DehazeFormer,Margin,0.0009930389268057688
vari-grip/bird-nest/11-06-2021_DJI_0132_6_6,DehazeFormer,Margin,-0.003414886338370187
vari-grip/bird-nest/15-06-2021_DJI_0044_726,DehazeFormer,Margin,0.0002094677516392299
vari-grip/bird-nest/15-06-2021_DJI_0044_726_6,DehazeFormer,Margin,-0.0043778930391584125
vari-grip/bird-nest/Fotos 02-12-2020_DJI_0492_vari_grip_56_4,DehazeFormer,Margin,-0.004052068505968366
vari-grip/bird-nest/Fotos 02-12-2020_DJI_0492_vari_grip_57_0,DehazeFormer,Margin,-0.00023220266614641462
vari-grip/bird-nest/Fotos 02-12-2020_DJI_0492_vari_grip_57_4,DehazeFormer,Margin,-0.004235437938145229
vari-grip/bird-nest/Fotos 17-11-2020_DJI_0289_vari_grip_478,DehazeFormer,Margin,-0.016126317637307302
vari-grip/bird-nest/Fotos 17-11-2020_DJI_0303_vari_grip_479_0,DehazeFormer,Margin,-0.010733459677015032
vari-grip/bird-nest/Fotos 17-11-2020_DJI_0304_vari_grip_480,DehazeFormer,Margin,-0.007513727460588727
vari-grip/bird-nest/Fotos 18-11-2020_DJI_0209_vari_grip_530_0,DehazeFormer,Margin,-0.0006772960935320173
vari-grip/bird-nest/Fotos 18-11-2020_DJI_0209_vari_grip_530_3,DehazeFormer,Margin,-0.003116633210863386
vari-grip/bird-nest/Fotos 19-11-2020_DJI_0140_vari_grip_571_3,DehazeFormer,Margin,-0.009693520409720284
vari-grip/bird-nest/Fotos 19-11-2020_DJI_0140_vari_grip_571_7,DehazeFormer,Margin,-0.05030110904148647
vari-grip/bird-nest/Fotos 19-11-2020_DJI_0149_vari_grip_573_0,DehazeFormer,Margin,-0.011191257408687047
vari-grip/bird-nest/Fotos 19-11-2020_DJI_0149_vari_grip_573_4,DehazeFormer,Margin,-0.08622628024646214
vari-grip/bird-nest/Fotos 19-11-2020_DJI_0149_vari_grip_573_6,DehazeFormer,Margin,-0.049471642289842875
vari-grip/bird-nest/Fotos 19-11-2020_DJI_0150_vari_grip_574_0,DehazeFormer,Margin,-0.015387952327728271
vari-grip/bird-nest/Fotos 19-11-2020_DJI_0150_vari_grip_575_1,DehazeFormer,Margin,-0.003936707973480225
vari-grip/bird-nest/Fotos 19-11-2020_DJI_0150_vari_grip_575_2,DehazeFormer,Margin,-0.002018911497933524
vari-grip/bird-nest/Fotos 19-11-2020_DJI_0151_vari_grip_577_2,DehazeFormer,Margin,0.0017886246953691756
vari-grip/bird-nest/Fotos 19-11-2020_DJI_0151_vari_grip_577_3,DehazeFormer,Margin,-0.1607166635138648
vari-grip/bird-nest/Fotos 19-11-2020_DJI_0151_vari_grip_577_4,DehazeFormer,Margin,-0.013159445353916712
vari-grip/bird-nest/Fotos 20-11-2020_DJI_0210_vari_grip_683_2,DehazeFormer,Margin,-0.11362698780638832
vari-grip/bird-nest/Fotos 20-11-2020_DJI_0210_vari_grip_683_7,DehazeFormer,Margin,0.0014444504465375627
vari-grip/bird-nest/Fotos 23-11-2020_DJI_0279_vari_grip_768_0,DehazeFormer,Margin,0.001177370548248291
vari-grip/bird-nest/Fotos 23-11-2020_DJI_0279_vari_grip_768_2,DehazeFormer,Margin,-0.006641949926103864
vari-grip/bird-nest/Fotos 25-11-2020_DJI_0207_vari_grip_861_0,DehazeFormer,Margin,-0.03059323344911848
vari-grip/bird-nest/Fotos 25-11-2020_DJI_0207_vari_grip_861_6,DehazeFormer,Margin,0.002582047666822161
vari-grip/bird-nest/Fotos 25-11-2020_DJI_0563_vari_grip_841_0,DehazeFormer,Margin,-0.008973070553370885
vari-grip/bird-nest/Fotos 25-11-2020_DJI_0563_vari_grip_841_2,DehazeFormer,Margin,0.0006098066057477679
vari-grip/bird-nest/Fotos 25-11-2020_DJI_0563_vari_grip_841_4,DehazeFormer,Margin,-0.012357873576028007
vari-grip/bird-nest/Fotos 25-11-2020_DJI_0563_vari_grip_841_7,DehazeFormer,Margin,-0.024633637496403286
vari-grip/bird-nest/Fotos 25-11-2020_DJI_0564_vari_grip_843,DehazeFormer,Margin,-0.011700289590018136
vari-grip/bird-nest/Fotos 25-11-2020_DJI_0564_vari_grip_843_1,DehazeFormer,Margin,-0.015382885932922363
vari-grip/bird-nest/Fotos 25-11-2020_DJI_0564_vari_grip_843_2,DehazeFormer,Margin,-0.0025821924209594727
vari-grip/bird-nest/Fotos 25-11-2020_DJI_0564_vari_grip_844,DehazeFormer,Margin,0.0046199049268450055
vari-grip/bird-nest/Fotos 25-11-2020_DJI_0564_vari_grip_844_4,DehazeFormer,Margin,-0.06100224597113473
vari-grip/bird-nest/Fotos 25-11-2020_DJI_0564_vari_grip_844_7,DehazeFormer,Margin,-0.0026584863662719727
vari-grip/bird-nest/Fotos 25-11-2020_DJI_0564_vari_grip_844_8,DehazeFormer,Margin,0.0015907457896641322
vari-grip/bird-nest/Fotos 25-11-2020_DJI_0586_vari_grip_845,DehazeFormer,Margin,0.007069562162671771
vari-grip/bird-nest/Fotos 25-11-2020_DJI_0586_vari_grip_845_2,DehazeFormer,Margin,-0.011250206402369909
vari-grip/bird-nest/Fotos 25-11-2020_DJI_0586_vari_grip_845_7,DehazeFormer,Margin,-0.07101609238556453
vari-grip/bird-nest/Fotos 25-11-2020_DJI_0586_vari_grip_845_8,DehazeFormer,Margin,0.001885056495666504
vari-grip/bird-nest/Fotos 25-11-2020_DJI_0586_vari_grip_846,DehazeFormer,Margin,2.725635256086077e-05
vari-grip/bird-nest/Fotos 25-11-2020_DJI_0586_vari_grip_846_3,DehazeFormer,Margin,-0.08027135474341256
vari-grip/bird-nest/Fotos 25-11-2020_DJI_0586_vari_grip_846_4,DehazeFormer,Margin,-7.304974964686803e-05
vari-grip/bird-nest/Fotos 25-11-2020_DJI_0588_vari_grip_847_1,DehazeFormer,Margin,-0.028179219790867398
vari-grip/bird-nest/Fotos 25-11-2020_DJI_0588_vari_grip_847_8,DehazeFormer,Margin,-0.00025900772639683316
vari-grip/bird-nest/Fotos 26-11-2020_DJI_0214_vari_grip_906_1,DehazeFormer,Margin,-0.01686783347811018
vari-grip/bird-nest/Fotos 26-11-2020_DJI_0214_vari_grip_907,DehazeFormer,Margin,-0.03337830305099487
vari-grip/bird-nest/Fotos 26-11-2020_DJI_0215_vari_grip_908_3,DehazeFormer,Margin,-0.007913197789873396
vari-grip/bird-nest/Fotos 26-11-2020_DJI_0262_vari_grip_910,DehazeFormer,Margin,-0.0005571331296648298
vari-grip/bird-nest/Fotos 26-11-2020_DJI_0262_vari_grip_911,DehazeFormer,Margin,-0.007434964179992676
vari-grip/bird-nest/Fotos 27-11-2020_DJI_0491_vari_grip_933_1,DehazeFormer,Margin,-0.016996383666992188
vari-grip/bird-nest/Fotos 27-11-2020_DJI_0491_vari_grip_933_4,DehazeFormer,Margin,-0.015307239123753138
vari-grip/bird-nest/Fotos 27-11-2020_DJI_0491_vari_grip_933_8,DehazeFormer,Margin,0.0014372638293675014
vari-grip/bird-nest/Fotos 27-11-2020_DJI_0566_vari_grip_924_6,DehazeFormer,Margin,-0.04075455665588379
vari-grip/bird-nest/Fotos 27-11-2020_DJI_0566_vari_grip_925,DehazeFormer,Margin,-0.05265315089906965
vari-grip/bird-nest/Fotos 27-11-2020_DJI_0566_vari_grip_925_2,DehazeFormer,Margin,-0.10920025621141706
vari-grip/bird-nest/Fotos 27-11-2020_DJI_0566_vari_grip_925_3,DehazeFormer,Margin,-0.1482043947492327
vari-grip/bird-nest/Fotos 27-11-2020_DJI_0566_vari_grip_925_6,DehazeFormer,Margin,-0.02522407259259905
vari-grip/good/Fotos 01-12-2020_DJI_0079_vari_grip_51,DehazeFormer,Margin,0.003269944872174944
vari-grip/good/Fotos 01-12-2020_DJI_0140_vari_grip_47,DehazeFormer,Margin,-0.05901065043040684
vari-grip/good/Fotos 01-12-2020_DJI_0199_vari_grip_41,DehazeFormer,Margin,5.473409380231585e-05
vari-grip/good/Fotos 01-12-2020_DJI_0342_vari_grip_32,DehazeFormer,Margin,0.0003019486154828753
vari-grip/good/Fotos 01-12-2020_DJI_0402_vari_grip_29,DehazeFormer,Margin,0.0030335443360464914
vari-grip/good/Fotos 01-12-2020_DJI_0457_vari_grip_24,DehazeFormer,Margin,-0.0011412160737173898
vari-grip/good/Fotos 01-12-2020_DJI_0457_vari_grip_25,DehazeFormer,Margin,-0.000194549560546875
vari-grip/good/Fotos 02-12-2020_DJI_0020_vari_grip_94,DehazeFormer,Margin,-0.0002644402640206473
vari-grip/good/Fotos 02-12-2020_DJI_0132_vari_grip_88,DehazeFormer,Margin,0.0003598587853567941
vari-grip/good/Fotos 02-12-2020_DJI_0194_vari_grip_84,DehazeFormer,Margin,0.006907752582005092
vari-grip/good/Fotos 02-12-2020_DJI_0367_vari_grip_65,DehazeFormer,Margin,-0.0031647426741463797
vari-grip/good/Fotos 02-12-2020_DJI_0368_vari_grip_67,DehazeFormer,Margin,3.26122556413923e-06
vari-grip/good/Fotos 02-12-2020_DJI_0374_vari_grip_71,DehazeFormer,Margin,0.005133467061179025
vari-grip/good/Fotos 02-12-2020_DJI_0427_vari_grip_61,DehazeFormer,Margin,0.00016452584947858538
vari-grip/good/Fotos 03-12-2020_DJI_0149_vari_grip_126,DehazeFormer,Margin,6.762572697230748e-05
vari-grip/good/Fotos 03-12-2020_DJI_0150_vari_grip_128,DehazeFormer,Margin,-1.9618443080357144e-05
vari-grip/good/Fotos 03-12-2020_DJI_0457_vari_grip_110,DehazeFormer,Margin,-0.021848218781607493
vari-grip/good/Fotos 03-12-2020_DJI_0561_vari_grip_100,DehazeFormer,Margin,-7.958923067365373e-05
vari-grip/good/Fotos 04-12-2020_DJI_0762_vari_grip_164,DehazeFormer,Margin,0.002102196216583252
vari-grip/good/Fotos 04-12-2020_DJI_0806_vari_grip_160,DehazeFormer,Margin,0.00022095441818237305
vari-grip/good/Fotos 04-12-2020_DJI_0902_vari_grip_149,DehazeFormer,Margin,9.23020499093192e-05
vari-grip/good/Fotos 04-12-2020_DJI_0950_vari_grip_142,DehazeFormer,Margin,-6.80685043334961e-05
vari-grip/good/Fotos 04-12-2020_DJI_0951_vari_grip_145,DehazeFormer,Margin,-0.0004541022436959403
vari-grip/good/Fotos 04-12-2020_DJI_0954_vari_grip_146,DehazeFormer,Margin,-0.0016498310225350516
vari-grip/good/Fotos 04-12-2020_DJI_1000 (2)_vari_grip_141,DehazeFormer,Margin,-0.09509892123086112
vari-grip/good/Fotos 07-12-2020_DJI_0059_vari_grip_192,DehazeFormer,Margin,0.0007965224129813058
vari-grip/good/Fotos 07-12-2020_DJI_0140_vari_grip_183,DehazeFormer,Margin,-0.02119664634977068
vari-grip/good/Fotos 07-12-2020_DJI_0141_vari_grip_185,DehazeFormer,Margin,-0.004939956324441093
vari-grip/good/Fotos 07-12-2020_DJI_0155_vari_grip_186,DehazeFormer,Margin,-0.02773637431008475
vari-grip/good/Fotos 07-12-2020_DJI_0187_vari_grip_179,DehazeFormer,Margin,0.0006203651428222656
vari-grip/good/Fotos 08-12-2020_DJI_0452_vari_grip_225,DehazeFormer,Margin,0.008395126887730189
vari-grip/good/Fotos 08-12-2020_DJI_0455_vari_grip_229,DehazeFormer,Margin,-0.20296025276184082
vari-grip/good/Fotos 08-12-2020_DJI_0538_vari_grip_218,DehazeFormer,Margin,-0.046378254890441895
vari-grip/good/Fotos 08-12-2020_DJI_0613_vari_grip_208,DehazeFormer,Margin,7.585116795131139e-05
vari-grip/good/Fotos 08-12-2020_DJI_0652_vari_grip_204,DehazeFormer,Margin,-0.00025649581636701314
vari-grip/good/Fotos 09-12-2020_DJI_0017_vari_grip_269,DehazeFormer,Margin,-0.00023772035326276506
vari-grip/good/Fotos 09-12-2020_DJI_0018_vari_grip_271,DehazeFormer,Margin,0.0025281735828944613
vari-grip/good/Fotos 09-12-2020_DJI_0056_vari_grip_263,DehazeFormer,Margin,0.004464796611240932
vari-grip/good/Fotos 09-12-2020_DJI_0102_vari_grip_261,DehazeFormer,Margin,-2.4591173444475445e-05
vari-grip/good/Fotos 09-12-2020_DJI_0143_vari_grip_249,DehazeFormer,Margin,0.00020476749965122769
vari-grip/good/Fotos 09-12-2020_DJI_0144_vari_grip_252,DehazeFormer,Margin,0.0016872286796569824
vari-grip/good/Fotos 09-12-2020_DJI_0310_vari_grip_238,DehazeFormer,Margin,-0.0003684929438999721
vari-grip/good/Fotos 09-12-2020_DJI_0348_vari_grip_233,DehazeFormer,Margin,-0.01683661767414638
vari-grip/good/Fotos 10-12-2020_DJI_0020_vari_grip_327,DehazeFormer,Margin,0.004385573523385184
vari-grip/good/Fotos 10-12-2020_DJI_0024_vari_grip_332,DehazeFormer,Margin,-0.0786009430885315
vari-grip/good/Fotos 10-12-2020_DJI_0101_vari_grip_312,DehazeFormer,Margin,0.003743069512503488
vari-grip/good/Fotos 10-12-2020_DJI_0140_vari_grip_300,DehazeFormer,Margin,0.00010488714490618025
vari-grip/good/Fotos 10-12-2020_DJI_0182_vari_grip_295,DehazeFormer,Margin,0.006997976984296527
vari-grip/good/Fotos 10-12-2020_DJI_0182_vari_grip_296,DehazeFormer,Margin,0.0002160923821585519
vari-grip/good/Fotos 10-12-2020_DJI_0184_vari_grip_299,DehazeFormer,Margin,0.003135315009525844
vari-grip/good/Fotos 10-12-2020_DJI_0258_vari_grip_282,DehazeFormer,Margin,0.00042192425046648296
vari-grip/good/Fotos 10-12-2020_DJI_0259_vari_grip_283,DehazeFormer,Margin,-0.015124142169952393
vari-grip/good/Fotos 10-12-2020_DJI_0262_vari_grip_285,DehazeFormer,Margin,-0.014815049512045724
vari-grip/good/Fotos 11-12-2020_DJI_0055_vari_grip_379,DehazeFormer,Margin,-0.0014466558183942521
vari-grip/good/Fotos 11-12-2020_DJI_0290_vari_grip_346,DehazeFormer,Margin,-0.07837960762637002
vari-grip/good/Fotos 14-12-2020_DJI_0433_vari_grip_399,DehazeFormer,Margin,-0.02929596390042986
vari-grip/good/Fotos 14-12-2020_DJI_0624_vari_grip_392,DehazeFormer,Margin,0.023467404501778737
vari-grip/good/Fotos 16-11-2020_DJI_0110_vari_grip_439,DehazeFormer,Margin,-0.0007859468460083008
vari-grip/good/Fotos 16-11-2020_DJI_0153_vari_grip_434,DehazeFormer,Margin,-0.012235667024339949
vari-grip/good/Fotos 16-11-2020_DJI_0157_vari_grip_438,DehazeFormer,Margin,0.0020252040454319547
vari-grip/good/Fotos 16-12-2020_DJI_0034_vari_grip_475,DehazeFormer,Margin,-0.007268130779266357
vari-grip/good/Fotos 16-12-2020_DJI_0188_vari_grip_464,DehazeFormer,Margin,0.07194483280181885
vari-grip/good/Fotos 16-12-2020_DJI_0404_vari_grip_450,DehazeFormer,Margin,-0.2737031238419669
vari-grip/good/Fotos 17-11-2020_DJI_0106_vari_grip_493,DehazeFormer,Margin,-0.03258766446794782
vari-grip/good/Fotos 17-11-2020_DJI_0120_vari_grip_496,DehazeFormer,Margin,-0.02505080189023699
vari-grip/good/Fotos 17-11-2020_DJI_0121_vari_grip_497,DehazeFormer,Margin,0.0034069333757672992
vari-grip/good/Fotos 17-11-2020_DJI_0206_vari_grip_491,DehazeFormer,Margin,-0.0005901285580226354
vari-grip/good/Fotos 17-12-2020_DJI_0168_vari_grip_514,DehazeFormer,Margin,0.0006456715720040458
vari-grip/good/Fotos 18-11-2020_DJI_0070_vari_grip_548,DehazeFormer,Margin,0.00044742652348109653
vari-grip/good/Fotos 18-11-2020_DJI_0109_vari_grip_546,DehazeFormer,Margin,0.0009129984038216728
vari-grip/good/Fotos 18-11-2020_DJI_0137_vari_grip_541,DehazeFormer,Margin,0.00036166395459856303
vari-grip/good/Fotos 18-11-2020_DJI_0246_vari_grip_528,DehazeFormer,Margin,0.0014405761446271623
vari-grip/good/Fotos 19-10-2020_DJI_0045_vari_grip_4,DehazeFormer,Margin,-0.042006501129695346
vari-grip/good/Fotos 19-10-2020_DJI_0046_vari_grip_6,DehazeFormer,Margin,-0.04560158933912005
vari-grip/good/Fotos 19-10-2020_DJI_0046_vari_grip_7,DehazeFormer,Margin,-0.11323743845735278
vari-grip/good/Fotos 19-10-2020_DJI_0083_vari_grip_15,DehazeFormer,Margin,0.0007204668862479073
vari-grip/good/Fotos 19-10-2020_DJI_0084_vari_grip_16,DehazeFormer,Margin,0.0013598629406520299
vari-grip/good/Fotos 19-11-2020_DJI_0119_vari_grip_578,DehazeFormer,Margin,0.003093353339603969
vari-grip/good/Fotos 19-11-2020_DJI_0199_vari_grip_562,DehazeFormer,Margin,-0.0028067401477268766
vari-grip/good/Fotos 19-11-2020_DJI_0236_vari_grip_561,DehazeFormer,Margin,-0.0043095435414995465
vari-grip/good/Fotos 20-10-2020_DJI_0201_vari_grip_613,DehazeFormer,Margin,0.002148517540522984
vari-grip/good/Fotos 20-10-2020_DJI_0205_vari_grip_620,DehazeFormer,Margin,0.0030028223991394043
vari-grip/good/Fotos 20-10-2020_DJI_0211_vari_grip_633,DehazeFormer,Margin,-0.001380554267338344
vari-grip/good/Fotos 20-10-2020_DJI_0238_vari_grip_641,DehazeFormer,Margin,-0.009320046220506941
vari-grip/good/Fotos 20-10-2020_DJI_0243_vari_grip_648,DehazeFormer,Margin,0.0018774441310337611
vari-grip/good/Fotos 20-10-2020_DJI_0244_vari_grip_651,DehazeFormer,Margin,-0.0023298518998282297
vari-grip/good/Fotos 20-10-2020_DJI_0245_vari_grip_653,DehazeFormer,Margin,-0.003163703850337437
vari-grip/good/Fotos 20-10-2020_DJI_0255_vari_grip_658,DehazeFormer,Margin,-0.0009925620896475656
vari-grip/good/Fotos 20-10-2020_DJI_0255_vari_grip_659,DehazeFormer,Margin,0.003443854195731027
vari-grip/good/Fotos 20-10-2020_DJI_0256_vari_grip_660,DehazeFormer,Margin,-0.0025001168251037598
vari-grip/good/Fotos 20-10-2020_DJI_0265_vari_grip_586,DehazeFormer,Margin,0.0008269122668675014
vari-grip/good/Fotos 20-10-2020_DJI_0268_vari_grip_589,DehazeFormer,Margin,0.0012547033173697336
vari-grip/good/Fotos 20-10-2020_DJI_0282_vari_grip_590,DehazeFormer,Margin,-0.0004144906997680664
vari-grip/good/Fotos 20-11-2020_DJI_0144_vari_grip_697,DehazeFormer,Margin,-0.003348597458430699
vari-grip/good/Fotos 20-11-2020_DJI_0171_vari_grip_687,DehazeFormer,Margin,-0.03988565717424665
vari-grip/good/Fotos 20-11-2020_DJI_0172_vari_grip_689,DehazeFormer,Margin,-0.13025841968400137
vari-grip/good/Fotos 20-11-2020_DJI_0275_vari_grip_672,DehazeFormer,Margin,0.002210634095328195
vari-grip/good/Fotos 22-10-2020_DJI_0858_vari_grip_718,DehazeFormer,Margin,-0.002251991203853062
vari-grip/good/Fotos 22-10-2020_DJI_0864_vari_grip_724,DehazeFormer,Margin,0.0035317199570792063
vari-grip/good/Fotos 22-10-2020_DJI_0864_vari_grip_725,DehazeFormer,Margin,0.0028087922504970004
vari-grip/good/Fotos 22-10-2020_DJI_0880_vari_grip_734,DehazeFormer,Margin,0.0008419837270464216
vari-grip/good/Fotos 23-11-2020_DJI_0143_vari_grip_783,DehazeFormer,Margin,0.003791059766496931
vari-grip/good/Fotos 23-11-2020_DJI_0177_vari_grip_782,DehazeFormer,Margin,5.8966023581368585e-05
vari-grip/good/Fotos 23-11-2020_DJI_0209_vari_grip_777,DehazeFormer,Margin,0.0009977562086922781
vari-grip/good/Fotos 24-11-2020_DJI_0101_vari_grip_837,DehazeFormer,Margin,-0.008998325892857142
vari-grip/good/Fotos 24-11-2020_DJI_0243_vari_grip_827,DehazeFormer,Margin,-0.17541477170639805
vari-grip/good/Fotos 24-11-2020_DJI_0244_vari_grip_830,DehazeFormer,Margin,-0.07537657022476196
vari-grip/good/Fotos 25-11-2020_DJI_0208_vari_grip_862,DehazeFormer,Margin,-0.004066910062517438
vari-grip/good/Fotos 26-11-2020_DJI_0213_vari_grip_904,DehazeFormer,Margin,-0.06641924381256104
vari-grip/good/Fotos 26-11-2020_DJI_0213_vari_grip_905,DehazeFormer,Margin,0.0014466473034449986
vari-grip/good/Fotos 27-11-2020_DJI_0421_vari_grip_934,DehazeFormer,Margin,-0.004853223051343646
vari-grip/good/Fotos 27-11-2020_DJI_0421_vari_grip_935,DehazeFormer,Margin,-0.017639092036655972
vari-grip/good/Fotos 27-11-2020_DJI_0422_vari_grip_937,DehazeFormer,Margin,0.0002657089914594378
vari-grip/good/Fotos 30-11-2020_DJI_0033_vari_grip_1007,DehazeFormer,Margin,-0.0038701040404183523
vari-grip/good/Fotos 30-11-2020_DJI_0193_vari_grip_996,DehazeFormer,Margin,-0.010891973972320557
vari-grip/good/Fotos 30-11-2020_DJI_0437_vari_grip_975,DehazeFormer,Margin,0.03490544216973441
vari-grip/good/Fotos 30-11-2020_DJI_0438_vari_grip_976,DehazeFormer,Margin,0.01712327344076974
vari-grip/good/Fotos 30-11-2020_DJI_0501_vari_grip_969,DehazeFormer,Margin,2.0895685468401227e-05
vari-grip/good/Fotos 30-11-2020_DJI_0561_vari_grip_964,DehazeFormer,Margin,0.0011590208326067244
vari-grip/rust/01-06-2021_DJI_0030_6_0,DehazeFormer,Margin,-0.0008241278784615653
vari-grip/rust/01-06-2021_DJI_0030_6_7,DehazeFormer,Margin,-0.1700929616178785
vari-grip/rust/01-06-2021_DJI_0146_39_2,DehazeFormer,Margin,-0.09447165046419416
vari-grip/rust/01-06-2021_DJI_0146_39_6,DehazeFormer,Margin,-0.09719210011618477
vari-grip/rust/01-06-2021_DJI_0146_40_0,DehazeFormer,Margin,0.012078770569392614
vari-grip/rust/01-06-2021_DJI_0162_46_6,DehazeFormer,Margin,0.002056343214852469
vari-grip/rust/02-06-2021_DJI_0359_261_8,DehazeFormer,Margin,0.003438387598310198
vari-grip/rust/08-06-2021_DJI_0385_421_2,DehazeFormer,Margin,-0.028231467519487654
vari-grip/rust/08-06-2021_DJI_0385_421_4,DehazeFormer,Margin,0.0032346759523664203
vari-grip/rust/08-06-2021_DJI_0385_421_6,DehazeFormer,Margin,0.011126867362431117
vari-grip/rust/08-06-2021_DJI_0385_422,DehazeFormer,Margin,-0.12117049949509758
vari-grip/rust/08-06-2021_DJI_0385_422_0,DehazeFormer,Margin,-0.22646841832569667
vari-grip/rust/08-06-2021_DJI_0385_422_5,DehazeFormer,Margin,0.005192961011614118
vari-grip/rust/09-06-2021_DJI_0466_568,DehazeFormer,Margin,-0.0009126578058515276
vari-grip/rust/09-06-2021_DJI_0466_568_6,DehazeFormer,Margin,-0.0003731506211417062
vari-grip/rust/09-06-2021_DJI_0467_570_2,DehazeFormer,Margin,0.009833506175449916
vari-grip/rust/09-06-2021_DJI_0467_570_4,DehazeFormer,Margin,0.00023355654307774136
vari-grip/rust/10-06-2021_DJI_0018_611,DehazeFormer,Margin,0.004411859171731132
vari-grip/rust/10-06-2021_DJI_0018_611_1,DehazeFormer,Margin,0.00013963665281023298
vari-grip/rust/10-06-2021_DJI_0018_611_7,DehazeFormer,Margin,-7.527215140206473e-05
vari-grip/rust/10-06-2021_DJI_0019_613_5,DehazeFormer,Margin,-0.004652210644313267
vari-grip/rust/11-06-2021_DJI_0479_11_6,DehazeFormer,Margin,0.004086460386003766
vari-grip/rust/11-06-2021_DJI_0479_11_7,DehazeFormer,Margin,-0.017836153507232666
vari-grip/rust/11-06-2021_DJI_0479_11_8,DehazeFormer,Margin,0.0011233346802847727
vari-grip/rust/15-06-2021_DJI_0118_741,DehazeFormer,Margin,-0.026896553380148753
vari-grip/rust/Fotos 23-10-2020_DJI_0029_vari_grip_745_7,DehazeFormer,Margin,0.012843685490744454
vari-grip/rust/Fotos 23-10-2020_DJI_0031_vari_grip_748_0,DehazeFormer,Margin,-0.008579390389578683
vari-grip/rust/Fotos 23-10-2020_DJI_0031_vari_grip_748_7,DehazeFormer,Margin,-0.013955022607530867
vari-grip/rust/Fotos 23-10-2020_DJI_0032_vari_grip_750,DehazeFormer,Margin,-0.00044920614787510464
vari-grip/rust/Fotos 23-10-2020_DJI_0032_vari_grip_750_3,DehazeFormer,Margin,-0.018730206148965017
vari-grip/rust/Fotos 23-10-2020_DJI_0034_vari_grip_751_0,DehazeFormer,Margin,0.006162370954241071
vari-grip/rust/Fotos 23-10-2020_DJI_0034_vari_grip_752,DehazeFormer,Margin,0.0002180337905883789
vari-grip/rust/Fotos 23-10-2020_DJI_0034_vari_grip_752_7,DehazeFormer,Margin,-0.014088783945356096
vari-grip/rust/Fotos 23-10-2020_DJI_0035_vari_grip_753_4,DehazeFormer,Margin,0.002574026584625244
vari-grip/rust/Fotos 23-10-2020_DJI_0035_vari_grip_753_5,DehazeFormer,Margin,0.0004389030592782157
vari-grip/rust/Fotos 23-10-2020_DJI_0038_vari_grip_756_1,DehazeFormer,Margin,-0.022484958171844482
vari-grip/rust/Fotos 23-10-2020_DJI_0038_vari_grip_756_4,DehazeFormer,Margin,-0.0016388467379978725
vari-grip/rust/Fotos 23-10-2020_DJI_0041_vari_grip_757,DehazeFormer,Margin,-0.11263592328344073
vari-grip/rust/Fotos 23-10-2020_DJI_0043_vari_grip_759,DehazeFormer,Margin,-0.017045233930860246
vari-grip/rust/Fotos 23-10-2020_DJI_0043_vari_grip_760_5,DehazeFormer,Margin,-0.010693481990269251
vari-grip/rust/Fotos 23-10-2020_DJI_0043_vari_grip_760_8,DehazeFormer,Margin,-0.1316293009689876
vari-grip/rust/Fotos 23-10-2020_DJI_0047_vari_grip_763_6,DehazeFormer,Margin,-0.009081729820796422
vari-grip/rust/Fotos 23-10-2020_DJI_0047_vari_grip_764_0,DehazeFormer,Margin,-0.24946682793753489
vari-grip/rust/Fotos 23-10-2020_DJI_0047_vari_grip_764_1,DehazeFormer,Margin,-0.0016254016331263951
vari-grip/rust/Fotos 23-10-2020_DJI_0047_vari_grip_764_3,DehazeFormer,Margin,-0.03574585063116891
vari-grip/rust/Fotos 23-10-2020_DJI_0047_vari_grip_764_5,DehazeFormer,Margin,-0.014942458697727748
vari-grip/rust/Fotos 23-10-2020_DJI_0048_vari_grip_765,DehazeFormer,Margin,-0.016938328742980957
vari-grip/rust/Fotos 23-10-2020_DJI_0065_vari_grip_736,DehazeFormer,Margin,-0.0016333375658307756
vari-grip/rust/Fotos 23-10-2020_DJI_0065_vari_grip_736_0,DehazeFormer,Margin,-0.012075986180986677
vari-grip/rust/Fotos 23-10-2020_DJI_0065_vari_grip_736_5,DehazeFormer,Margin,-0.00665360689163208
vari-grip/rust/Fotos 23-10-2020_DJI_0072_vari_grip_737_3,DehazeFormer,Margin,-0.011103366102491106
vari-grip/rust/Fotos 23-10-2020_DJI_0072_vari_grip_737_4,DehazeFormer,Margin,-0.00047457218170166016
vari-grip/rust/Fotos 23-10-2020_DJI_0072_vari_grip_737_6,DehazeFormer,Margin,-0.002914956637791225
vari-grip/rust/Fotos 23-10-2020_DJI_0072_vari_grip_737_8,DehazeFormer,Margin,0.0003800051552908761
vari-grip/rust/Fotos 23-10-2020_DJI_0073_vari_grip_738_1,DehazeFormer,Margin,-0.0022980315344674246
vari-grip/rust/Fotos 23-10-2020_DJI_0073_vari_grip_738_2,DehazeFormer,Margin,0.00039012091500418525
vari-grip/rust/Fotos 23-10-2020_DJI_0074_vari_grip_739_0,DehazeFormer,Margin,-0.0003681182861328125
vari-grip/rust/Fotos 23-10-2020_DJI_0074_vari_grip_739_3,DehazeFormer,Margin,0.005126791340964181
vari-grip/rust/Fotos 23-10-2020_DJI_0113_vari_grip_743_4,DehazeFormer,Margin,-0.021901369094848633
vari-grip/rust/Fotos 23-10-2020_DJI_0114_vari_grip_744_1,DehazeFormer,Margin,-0.001503697463444301
vari-grip/rust/Fotos 23-10-2020_DJI_0114_vari_grip_744_7,DehazeFormer,Margin,-0.0178510206086295
vari-grip/rust/Fotos 23-10-2020_DJI_0114_vari_grip_744_8,DehazeFormer,Margin,-0.00022584199905395508
vari-grip/bird-nest/08-06-2021_DJI_0089_322,PromptIR,PSNR,25.610542880729547
vari-grip/bird-nest/08-06-2021_DJI_0089_322_3,PromptIR,PSNR,24.112059215397203
vari-grip/bird-nest/08-06-2021_DJI_0285_392,PromptIR,PSNR,23.491419804941007
vari-grip/bird-nest/10-06-2021_DJI_0244_649_2,PromptIR,PSNR,27.587136997402162
vari-grip/bird-nest/10-06-2021_DJI_0270_657_5,PromptIR,PSNR,20.68025847527252
vari-grip/bird-nest/10-06-2021_DJI_0270_657_7,PromptIR,PSNR,23.052476188474536
vari-grip/bird-nest/10-06-2021_DJI_0271_658_1,PromptIR,PSNR,28.869500581322956
vari-grip/bird-nest/10-06-2021_DJI_0271_658_2,PromptIR,PSNR,24.81428101890076
vari-grip/bird-nest/10-06-2021_DJI_0271_658_6,PromptIR,PSNR,28.968490542887334
vari-grip/bird-nest/10-06-2021_DJI_0271_658_8,PromptIR,PSNR,24.91919251498658
vari-grip/bird-nest/11-06-2021_DJI_0121_4_1,PromptIR,PSNR,25.512116078690664
vari-grip/bird-nest/11-06-2021_DJI_0121_4_4,PromptIR,PSNR,23.287467459835817
vari-grip/bird-nest/11-06-2021_DJI_0121_4_5,PromptIR,PSNR,21.42861065793727
vari-grip/bird-nest/11-06-2021_DJI_0132_6_0,PromptIR,PSNR,25.569993728607887
vari-grip/bird-nest/11-06-2021_DJI_0132_6_6,PromptIR,PSNR,27.487639106277935
vari-grip/bird-nest/15-06-2021_DJI_0044_726,PromptIR,PSNR,25.835039517769022
vari-grip/bird-nest/15-06-2021_DJI_0044_726_6,PromptIR,PSNR,22.70937087779121
vari-grip/bird-nest/Fotos 02-12-2020_DJI_0492_vari_grip_56_4,PromptIR,PSNR,23.914165161505895
vari-grip/bird-nest/Fotos 02-12-2020_DJI_0492_vari_grip_57_0,PromptIR,PSNR,28.257590360464
vari-grip/bird-nest/Fotos 02-12-2020_DJI_0492_vari_grip_57_4,PromptIR,PSNR,23.310783930637594
vari-grip/bird-nest/Fotos 17-11-2020_DJI_0289_vari_grip_478,PromptIR,PSNR,32.22835156364467
vari-grip/bird-nest/Fotos 17-11-2020_DJI_0303_vari_grip_479_0,PromptIR,PSNR,25.382567296851867
vari-grip/bird-nest/Fotos 17-11-2020_DJI_0304_vari_grip_480,PromptIR,PSNR,27.567958734385424
vari-grip/bird-nest/Fotos 18-11-2020_DJI_0209_vari_grip_530_0,PromptIR,PSNR,28.35790486385239
vari-grip/bird-nest/Fotos 18-11-2020_DJI_0209_vari_grip_530_3,PromptIR,PSNR,23.30931265858322
vari-grip/bird-nest/Fotos 19-11-2020_DJI_0140_vari_grip_571_3,PromptIR,PSNR,25.64267027638391
vari-grip/bird-nest/Fotos 19-11-2020_DJI_0140_vari_grip_571_7,PromptIR,PSNR,27.334252431490988
vari-grip/bird-nest/Fotos 19-11-2020_DJI_0149_vari_grip_573_0,PromptIR,PSNR,26.724818026442335
vari-grip/bird-nest/Fotos 19-11-2020_DJI_0149_vari_grip_573_4,PromptIR,PSNR,27.12465016755533
vari-grip/bird-nest/Fotos 19-11-2020_DJI_0149_vari_grip_573_6,PromptIR,PSNR,21.043493591880313
vari-grip/bird-nest/Fotos 19-11-2020_DJI_0150_vari_grip_574_0,PromptIR,PSNR,24.280358933767786
vari-grip/bird-nest/Fotos 19-11-2020_DJI_0150_vari_grip_575_1,PromptIR,PSNR,28.855112764751144
vari-grip/bird-nest/Fotos 19-11-2020_DJI_0150_vari_grip_575_2,PromptIR,PSNR,28.476790609353852
vari-grip/bird-nest/Fotos 19-11-2020_DJI_0151_vari_grip_577_2,PromptIR,PSNR,25.810522268148304
vari-grip/bird-nest/Fotos 19-11-2020_DJI_0151_vari_grip_577_3,PromptIR,PSNR,26.538515121823224
vari-grip/bird-nest/Fotos 19-11-2020_DJI_0151_vari_grip_577_4,PromptIR,PSNR,26.183192695763925
vari-grip/bird-nest/Fotos 20-11-2020_DJI_0210_vari_grip_683_2,PromptIR,PSNR,24.394774664332324
vari-grip/bird-nest/Fotos 20-11-2020_DJI_0210_vari_grip_683_7,PromptIR,PSNR,23.52272463333806
vari-grip/bird-nest/Fotos 23-11-2020_DJI_0279_vari_grip_768_0,PromptIR,PSNR,26.38838264643761
vari-grip/bird-nest/Fotos 23-11-2020_DJI_0279_vari_grip_768_2,PromptIR,PSNR,22.664498741111455
vari-grip/bird-nest/Fotos 25-11-2020_DJI_0207_vari_grip_861_0,PromptIR,PSNR,27.864166428714924
vari-grip/bird-nest/Fotos 25-11-2020_DJI_0207_vari_grip_861_6,PromptIR,PSNR,27.301948955189054
vari-grip/bird-nest/Fotos 25-11-2020_DJI_0563_vari_grip_841_0,PromptIR,PSNR,24.866403984025954
vari-grip/bird-nest/Fotos 25-11-2020_DJI_0563_vari_grip_841_2,PromptIR,PSNR,30.579083037562548
vari-grip/bird-nest/Fotos 25-11-2020_DJI_0563_vari_grip_841_4,PromptIR,PSNR,26.581513771712753
vari-grip/bird-nest/Fotos 25-11-2020_DJI_0563_vari_grip_841_7,PromptIR,PSNR,28.726434937840754
vari-grip/bird-nest/Fotos 25-11-2020_DJI_0564_vari_grip_843,PromptIR,PSNR,26.023052278552743
vari-grip/bird-nest/Fotos 25-11-2020_DJI_0564_vari_grip_843_1,PromptIR,PSNR,31.88011955151111
vari-grip/bird-nest/Fotos 25-11-2020_DJI_0564_vari_grip_843_2,PromptIR,PSNR,28.65969701753421
vari-grip/bird-nest/Fotos 25-11-2020_DJI_0564_vari_grip_844,PromptIR,PSNR,29.55168347183692
vari-grip/bird-nest/Fotos 25-11-2020_DJI_0564_vari_grip_844_4,PromptIR,PSNR,28.753515496006404
vari-grip/bird-nest/Fotos 25-11-2020_DJI_0564_vari_grip_844_7,PromptIR,PSNR,30.31111819151494
vari-grip/bird-nest/Fotos 25-11-2020_DJI_0564_vari_grip_844_8,PromptIR,PSNR,24.88244776327486
vari-grip/bird-nest/Fotos 25-11-2020_DJI_0586_vari_grip_845,PromptIR,PSNR,28.55340670961626
vari-grip/bird-nest/Fotos 25-11-2020_DJI_0586_vari_grip_845_2,PromptIR,PSNR,24.47939563221635
vari-grip/bird-nest/Fotos 25-11-2020_DJI_0586_vari_grip_845_7,PromptIR,PSNR,22.16914436986343
vari-grip/bird-nest/Fotos 25-11-2020_DJI_0586_vari_grip_845_8,PromptIR,PSNR,27.597677634868887
vari-grip/bird-nest/Fotos 25-11-2020_DJI_0586_vari_grip_846,PromptIR,PSNR,28.50748431045312
vari-grip/bird-nest/Fotos 25-11-2020_DJI_0586_vari_grip_846_3,PromptIR,PSNR,27.379994136306102
vari-grip/bird-nest/Fotos 25-11-2020_DJI_0586_vari_grip_846_4,PromptIR,PSNR,28.649580984964324
vari-grip/bird-nest/Fotos 25-11-2020_DJI_0588_vari_grip_847_1,PromptIR,PSNR,23.674031148132517
vari-grip/bird-nest/Fotos 25-11-2020_DJI_0588_vari_grip_847_8,PromptIR,PSNR,24.56831880266733
vari-grip/bird-nest/Fotos 26-11-2020_DJI_0214_vari_grip_906_1,PromptIR,PSNR,22.600201029432903
vari-grip/bird-nest/Fotos 26-11-2020_DJI_0214_vari_grip_907,PromptIR,PSNR,28.595151336571
vari-grip/bird-nest/Fotos 26-11-2020_DJI_0215_vari_grip_908_3,PromptIR,PSNR,27.143323082648493
vari-grip/bird-nest/Fotos 26-11-2020_DJI_0262_vari_grip_910,PromptIR,PSNR,27.455477194053113
vari-grip/bird-nest/Fotos 26-11-2020_DJI_0262_vari_grip_911,PromptIR,PSNR,27.443529240493888
vari-grip/bird-nest/Fotos 27-11-2020_DJI_0491_vari_grip_933_1,PromptIR,PSNR,23.77643417293066
vari-grip/bird-nest/Fotos 27-11-2020_DJI_0491_vari_grip_933_4,PromptIR,PSNR,28.985137840376893
vari-grip/bird-nest/Fotos 27-11-2020_DJI_0491_vari_grip_933_8,PromptIR,PSNR,23.243053781846495
vari-grip/bird-nest/Fotos 27-11-2020_DJI_0566_vari_grip_924_6,PromptIR,PSNR,27.35616454208224
vari-grip/bird-nest/Fotos 27-11-2020_DJI_0566_vari_grip_925,PromptIR,PSNR,30.61312567163432
vari-grip/bird-nest/Fotos 27-11-2020_DJI_0566_vari_grip_925_2,PromptIR,PSNR,28.019227168587665
vari-grip/bird-nest/Fotos 27-11-2020_DJI_0566_vari_grip_925_3,PromptIR,PSNR,28.033968788958187
vari-grip/bird-nest/Fotos 27-11-2020_DJI_0566_vari_grip_925_6,PromptIR,PSNR,29.936533501960486
vari-grip/good/Fotos 01-12-2020_DJI_0079_vari_grip_51,PromptIR,PSNR,27.590144470052017
vari-grip/good/Fotos 01-12-2020_DJI_0140_vari_grip_47,PromptIR,PSNR,27.922408933074617
vari-grip/good/Fotos 01-12-2020_DJI_0199_vari_grip_41,PromptIR,PSNR,29.545403209879378
vari-grip/good/Fotos 01-12-2020_DJI_0342_vari_grip_32,PromptIR,PSNR,27.949813572890402
vari-grip/good/Fotos 01-12-2020_DJI_0402_vari_grip_29,PromptIR,PSNR,31.681752894648746
vari-grip/good/Fotos 01-12-2020_DJI_0457_vari_grip_24,PromptIR,PSNR,27.087377718463014
vari-grip/good/Fotos 01-12-2020_DJI_0457_vari_grip_25,PromptIR,PSNR,27.116585882812792
vari-grip/good/Fotos 02-12-2020_DJI_0020_vari_grip_94,PromptIR,PSNR,27.691495936328174
vari-grip/good/Fotos 02-12-2020_DJI_0132_vari_grip_88,PromptIR,PSNR,32.590547715900314
vari-grip/good/Fotos 02-12-2020_DJI_0194_vari_grip_84,PromptIR,PSNR,28.521952318648967
vari-grip/good/Fotos 02-12-2020_DJI_0367_vari_grip_65,PromptIR,PSNR,28.49481222620988
vari-grip/good/Fotos 02-12-2020_DJI_0368_vari_grip_67,PromptIR,PSNR,27.912280643435782
vari-grip/good/Fotos 02-12-2020_DJI_0374_vari_grip_71,PromptIR,PSNR,21.2534050877573
vari-grip/good/Fotos 02-12-2020_DJI_0427_vari_grip_61,PromptIR,PSNR,30.756034394560082
vari-grip/good/Fotos 03-12-2020_DJI_0149_vari_grip_126,PromptIR,PSNR,30.050120958645277
vari-grip/good/Fotos 03-12-2020_DJI_0150_vari_grip_128,PromptIR,PSNR,31.44115600759361
vari-grip/good/Fotos 03-12-2020_DJI_0457_vari_grip_110,PromptIR,PSNR,31.64351792330138
vari-grip/good/Fotos 03-12-2020_DJI_0561_vari_grip_100,PromptIR,PSNR,29.83183954155952
vari-grip/good/Fotos 04-12-2020_DJI_0762_vari_grip_164,PromptIR,PSNR,29.40712590455784
vari-grip/good/Fotos 04-12-2020_DJI_0806_vari_grip_160,PromptIR,PSNR,32.105733552749534
vari-grip/good/Fotos 04-12-2020_DJI_0902_vari_grip_149,PromptIR,PSNR,33.90889288383277
vari-grip/good/Fotos 04-12-2020_DJI_0950_vari_grip_142,PromptIR,PSNR,30.901456424146662
vari-grip/good/Fotos 04-12-2020_DJI_0951_vari_grip_145,PromptIR,PSNR,28.305339176507093
vari-grip/good/Fotos 04-12-2020_DJI_0954_vari_grip_146,PromptIR,PSNR,25.701099086842245
vari-grip/good/Fotos 04-12-2020_DJI_1000 (2)_vari_grip_141,PromptIR,PSNR,28.912719669530425
vari-grip/good/Fotos 07-12-2020_DJI_0059_vari_grip_192,PromptIR,PSNR,31.9542215236022
vari-grip/good/Fotos 07-12-2020_DJI_0140_vari_grip_183,PromptIR,PSNR,28.56918805174802
vari-grip/good/Fotos 07-12-2020_DJI_0141_vari_grip_185,PromptIR,PSNR,32.4109649737742
vari-grip/good/Fotos 07-12-2020_DJI_0155_vari_grip_186,PromptIR,PSNR,28.176684033805792
vari-grip/good/Fotos 07-12-2020_DJI_0187_vari_grip_179,PromptIR,PSNR,32.108917421313414
vari-grip/good/Fotos 08-12-2020_DJI_0452_vari_grip_225,PromptIR,PSNR,29.26029136279243
vari-grip/good/Fotos 08-12-2020_DJI_0455_vari_grip_229,PromptIR,PSNR,20.83941872170278
vari-grip/good/Fotos 08-12-2020_DJI_0538_vari_grip_218,PromptIR,PSNR,20.439910246214474
vari-grip/good/Fotos 08-12-2020_DJI_0613_vari_grip_208,PromptIR,PSNR,32.19510428463105
vari-grip/good/Fotos 08-12-2020_DJI_0652_vari_grip_204,PromptIR,PSNR,28.311391150346033
vari-grip/good/Fotos 09-12-2020_DJI_0017_vari_grip_269,PromptIR,PSNR,32.88819364829964
vari-grip/good/Fotos 09-12-2020_DJI_0018_vari_grip_271,PromptIR,PSNR,26.76404205209669
vari-grip/good/Fotos 09-12-2020_DJI_0056_vari_grip_263,PromptIR,PSNR,30.832468051616754
vari-grip/good/Fotos 09-12-2020_DJI_0102_vari_grip_261,PromptIR,PSNR,33.0950867887364
vari-grip/good/Fotos 09-12-2020_DJI_0143_vari_grip_249,PromptIR,PSNR,29.298765137402118
vari-grip/good/Fotos 09-12-2020_DJI_0144_vari_grip_252,PromptIR,PSNR,27.373129842660227
vari-grip/good/Fotos 09-12-2020_DJI_0310_vari_grip_238,PromptIR,PSNR,30.42722758547517
vari-grip/good/Fotos 09-12-2020_DJI_0348_vari_grip_233,PromptIR,PSNR,28.831651172292776
vari-grip/good/Fotos 10-12-2020_DJI_0020_vari_grip_327,PromptIR,PSNR,29.85911689258149
vari-grip/good/Fotos 10-12-2020_DJI_0024_vari_grip_332,PromptIR,PSNR,23.08033027656077
vari-grip/good/Fotos 10-12-2020_DJI_0101_vari_grip_312,PromptIR,PSNR,29.05912818116252
vari-grip/good/Fotos 10-12-2020_DJI_0140_vari_grip_300,PromptIR,PSNR,33.175323945647996
vari-grip/good/Fotos 10-12-2020_DJI_0182_vari_grip_295,PromptIR,PSNR,31.485538175495485
vari-grip/good/Fotos 10-12-2020_DJI_0182_vari_grip_296,PromptIR,PSNR,32.7430005553854
vari-grip/good/Fotos 10-12-2020_DJI_0184_vari_grip_299,PromptIR,PSNR,30.008974961884057
vari-grip/good/Fotos 10-12-2020_DJI_0258_vari_grip_282,PromptIR,PSNR,34.736855193234405
vari-grip/good/Fotos 10-12-2020_DJI_0259_vari_grip_283,PromptIR,PSNR,29.89492779466146
vari-grip/good/Fotos 10-12-2020_DJI_0262_vari_grip_285,PromptIR,PSNR,26.04272132725771
vari-grip/good/Fotos 11-12-2020_DJI_0055_vari_grip_379,PromptIR,PSNR,30.09914079005367
vari-grip/good/Fotos 11-12-2020_DJI_0290_vari_grip_346,PromptIR,PSNR,25.21361475536252
vari-grip/good/Fotos 14-12-2020_DJI_0433_vari_grip_399,PromptIR,PSNR,27.23283211358116
vari-grip/good/Fotos 14-12-2020_DJI_0624_vari_grip_392,PromptIR,PSNR,28.0881836313074
vari-grip/good/Fotos 16-11-2020_DJI_0110_vari_grip_439,PromptIR,PSNR,27.058157791342406
vari-grip/good/Fotos 16-11-2020_DJI_0153_vari_grip_434,PromptIR,PSNR,28.75543578138515
vari-grip/good/Fotos 16-11-2020_DJI_0157_vari_grip_438,PromptIR,PSNR,29.63704661982145
vari-grip/good/Fotos 16-12-2020_DJI_0034_vari_grip_475,PromptIR,PSNR,30.23765255249847
vari-grip/good/Fotos 16-12-2020_DJI_0188_vari_grip_464,PromptIR,PSNR,29.48301035888733
vari-grip/good/Fotos 16-12-2020_DJI_0404_vari_grip_450,PromptIR,PSNR,25.005123202433374
vari-grip/good/Fotos 17-11-2020_DJI_0106_vari_grip_493,PromptIR,PSNR,27.870463726226443
vari-grip/good/Fotos 17-11-2020_DJI_0120_vari_grip_496,PromptIR,PSNR,29.52542121673962
vari-grip/good/Fotos 17-11-2020_DJI_0121_vari_grip_497,PromptIR,PSNR,27.983506756444203
vari-grip/good/Fotos 17-11-2020_DJI_0206_vari_grip_491,PromptIR,PSNR,27.148462756956015
vari-grip/good/Fotos 17-12-2020_DJI_0168_vari_grip_514,PromptIR,PSNR,28.92400490974241
vari-grip/good/Fotos 18-11-2020_DJI_0070_vari_grip_548,PromptIR,PSNR,29.142172644411904
vari-grip/good/Fotos 18-11-2020_DJI_0109_vari_grip_546,PromptIR,PSNR,27.47240629294686
vari-grip/good/Fotos 18-11-2020_DJI_0137_vari_grip_541,PromptIR,PSNR,27.84861521963675
vari-grip/good/Fotos 18-11-2020_DJI_0246_vari_grip_528,PromptIR,PSNR,31.81632575010855
vari-grip/good/Fotos 19-10-2020_DJI_0045_vari_grip_4,PromptIR,PSNR,27.557884749354148
vari-grip/good/Fotos 19-10-2020_DJI_0046_vari_grip_6,PromptIR,PSNR,29.659355030573124
vari-grip/good/Fotos 19-10-2020_DJI_0046_vari_grip_7,PromptIR,PSNR,27.744565550933306
vari-grip/good/Fotos 19-10-2020_DJI_0083_vari_grip_15,PromptIR,PSNR,26.456092797164995
vari-grip/good/Fotos 19-10-2020_DJI_0084_vari_grip_16,PromptIR,PSNR,25.410187531530056
vari-grip/good/Fotos 19-11-2020_DJI_0119_vari_grip_578,PromptIR,PSNR,28.756594940769027
vari-grip/good/Fotos 19-11-2020_DJI_0199_vari_grip_562,PromptIR,PSNR,31.85785490256937
vari-grip/good/Fotos 19-11-2020_DJI_0236_vari_grip_561,PromptIR,PSNR,29.33032278389823
vari-grip/good/Fotos 20-10-2020_DJI_0201_vari_grip_613,PromptIR,PSNR,29.799734836433494
vari-grip/good/Fotos 20-10-2020_DJI_0205_vari_grip_620,PromptIR,PSNR,28.67401401368971
vari-grip/good/Fotos 20-10-2020_DJI_0211_vari_grip_633,PromptIR,PSNR,26.656820201821557
vari-grip/good/Fotos 20-10-2020_DJI_0238_vari_grip_641,PromptIR,PSNR,28.08159418125831
vari-grip/good/Fotos 20-10-2020_DJI_0243_vari_grip_648,PromptIR,PSNR,28.779483073673067
vari-grip/good/Fotos 20-10-2020_DJI_0244_vari_grip_651,PromptIR,PSNR,27.835404962181418
vari-grip/good/Fotos 20-10-2020_DJI_0245_vari_grip_653,PromptIR,PSNR,27.837833834131793
vari-grip/good/Fotos 20-10-2020_DJI_0255_vari_grip_658,PromptIR,PSNR,29.258253584095005
vari-grip/good/Fotos 20-10-2020_DJI_0255_vari_grip_659,PromptIR,PSNR,30.1255151218899
vari-grip/good/Fotos 20-10-2020_DJI_0256_vari_grip_660,PromptIR,PSNR,29.734629984215523
vari-grip/good/Fotos 20-10-2020_DJI_0265_vari_grip_586,PromptIR,PSNR,27.961856462483727
vari-grip/good/Fotos 20-10-2020_DJI_0268_vari_grip_589,PromptIR,PSNR,31.86861047937078
vari-grip/good/Fotos 20-10-2020_DJI_0282_vari_grip_590,PromptIR,PSNR,28.952091555315747
vari-grip/good/Fotos 20-11-2020_DJI_0144_vari_grip_697,PromptIR,PSNR,29.074155700628438
vari-grip/good/Fotos 20-11-2020_DJI_0171_vari_grip_687,PromptIR,PSNR,27.583560678603344
vari-grip/good/Fotos 20-11-2020_DJI_0172_vari_grip_689,PromptIR,PSNR,28.536600110642034
vari-grip/good/Fotos 20-11-2020_DJI_0275_vari_grip_672,PromptIR,PSNR,28.471947837389166
vari-grip/good/Fotos 22-10-2020_DJI_0858_vari_grip_718,PromptIR,PSNR,31.005883901222372
vari-grip/good/Fotos 22-10-2020_DJI_0864_vari_grip_724,PromptIR,PSNR,29.579512003047665
vari-grip/good/Fotos 22-10-2020_DJI_0864_vari_grip_725,PromptIR,PSNR,27.64452591395193
vari-grip/good/Fotos 22-10-2020_DJI_0880_vari_grip_734,PromptIR,PSNR,29.291037310483325
vari-grip/good/Fotos 23-11-2020_DJI_0143_vari_grip_783,PromptIR,PSNR,29.184384223589056
vari-grip/good/Fotos 23-11-2020_DJI_0177_vari_grip_782,PromptIR,PSNR,30.63814700416402
vari-grip/good/Fotos 23-11-2020_DJI_0209_vari_grip_777,PromptIR,PSNR,29.046896142161557
vari-grip/good/Fotos 24-11-2020_DJI_0101_vari_grip_837,PromptIR,PSNR,26.14984689425312
vari-grip/good/Fotos 24-11-2020_DJI_0243_vari_grip_827,PromptIR,PSNR,27.646250096147387
vari-grip/good/Fotos 24-11-2020_DJI_0244_vari_grip_830,PromptIR,PSNR,29.929897440364588
vari-grip/good/Fotos 25-11-2020_DJI_0208_vari_grip_862,PromptIR,PSNR,31.53517964742023
vari-grip/good/Fotos 26-11-2020_DJI_0213_vari_grip_904,PromptIR,PSNR,30.71611131038958
vari-grip/good/Fotos 26-11-2020_DJI_0213_vari_grip_905,PromptIR,PSNR,28.640580059867485
vari-grip/good/Fotos 27-11-2020_DJI_0421_vari_grip_934,PromptIR,PSNR,27.22233708357211
vari-grip/good/Fotos 27-11-2020_DJI_0421_vari_grip_935,PromptIR,PSNR,28.792267487413955
vari-grip/good/Fotos 27-11-2020_DJI_0422_vari_grip_937,PromptIR,PSNR,29.887560725590216
vari-grip/good/Fotos 30-11-2020_DJI_0033_vari_grip_1007,PromptIR,PSNR,27.553813505792952
vari-grip/good/Fotos 30-11-2020_DJI_0193_vari_grip_996,PromptIR,PSNR,28.740322873436135
vari-grip/good/Fotos 30-11-2020_DJI_0437_vari_grip_975,PromptIR,PSNR,27.718007518326004
vari-grip/good/Fotos 30-11-2020_DJI_0438_vari_grip_976,PromptIR,PSNR,28.707259688916878
vari-grip/good/Fotos 30-11-2020_DJI_0501_vari_grip_969,PromptIR,PSNR,28.95462456311852
vari-grip/good/Fotos 30-11-2020_DJI_0561_vari_grip_964,PromptIR,PSNR,28.34297047237526
vari-grip/rust/01-06-2021_DJI_0030_6_0,PromptIR,PSNR,29.237181034898622
vari-grip/rust/01-06-2021_DJI_0030_6_7,PromptIR,PSNR,28.014098769706727
vari-grip/rust/01-06-2021_DJI_0146_39_2,PromptIR,PSNR,27.544310434322735
vari-grip/rust/01-06-2021_DJI_0146_39_6,PromptIR,PSNR,25.027449048782557
vari-grip/rust/01-06-2021_DJI_0146_40_0,PromptIR,PSNR,28.761788331289374
vari-grip/rust/01-06-2021_DJI_0162_46_6,PromptIR,PSNR,25.911614741358598
vari-grip/rust/02-06-2021_DJI_0359_261_8,PromptIR,PSNR,26.41587405985055
vari-grip/rust/08-06-2021_DJI_0385_421_2,PromptIR,PSNR,30.087672689052766
vari-grip/rust/08-06-2021_DJI_0385_421_4,PromptIR,PSNR,29.851074947745627
vari-grip/rust/08-06-2021_DJI_0385_421_6,PromptIR,PSNR,26.608350539946088
vari-grip/rust/08-06-2021_DJI_0385_422,PromptIR,PSNR,29.165486449658896
vari-grip/rust/08-06-2021_DJI_0385_422_0,PromptIR,PSNR,28.33046124338242
vari-grip/rust/08-06-2021_DJI_0385_422_5,PromptIR,PSNR,26.87773258800578
vari-grip/rust/09-06-2021_DJI_0466_568,PromptIR,PSNR,30.097793720942914
vari-grip/rust/09-06-2021_DJI_0466_568_6,PromptIR,PSNR,31.376555333281058
vari-grip/rust/09-06-2021_DJI_0467_570_2,PromptIR,PSNR,20.429499475650122
vari-grip/rust/09-06-2021_DJI_0467_570_4,PromptIR,PSNR,21.388090572280213
vari-grip/rust/10-06-2021_DJI_0018_611,PromptIR,PSNR,27.34731986693758
vari-grip/rust/10-06-2021_DJI_0018_611_1,PromptIR,PSNR,26.737068236032673
vari-grip/rust/10-06-2021_DJI_0018_611_7,PromptIR,PSNR,26.03082199437492
vari-grip/rust/10-06-2021_DJI_0019_613_5,PromptIR,PSNR,23.996649375259086
vari-grip/rust/11-06-2021_DJI_0479_11_6,PromptIR,PSNR,25.83769541378566
vari-grip/rust/11-06-2021_DJI_0479_11_7,PromptIR,PSNR,21.50318979941554
vari-grip/rust/11-06-2021_DJI_0479_11_8,PromptIR,PSNR,27.728922324324223
vari-grip/rust/15-06-2021_DJI_0118_741,PromptIR,PSNR,30.55267956601141
vari-grip/rust/Fotos 23-10-2020_DJI_0029_vari_grip_745_7,PromptIR,PSNR,19.537555134940813
vari-grip/rust/Fotos 23-10-2020_DJI_0031_vari_grip_748_0,PromptIR,PSNR,18.457477585662655
vari-grip/rust/Fotos 23-10-2020_DJI_0031_vari_grip_748_7,PromptIR,PSNR,19.70623059360327
vari-grip/rust/Fotos 23-10-2020_DJI_0032_vari_grip_750,PromptIR,PSNR,26.849101357407474
vari-grip/rust/Fotos 23-10-2020_DJI_0032_vari_grip_750_3,PromptIR,PSNR,24.281531760577046
vari-grip/rust/Fotos 23-10-2020_DJI_0034_vari_grip_751_0,PromptIR,PSNR,24.02511558134814
vari-grip/rust/Fotos 23-10-2020_DJI_0034_vari_grip_752,PromptIR,PSNR,26.646949717730852
vari-grip/rust/Fotos 23-10-2020_DJI_0034_vari_grip_752_7,PromptIR,PSNR,23.18355535216909
vari-grip/rust/Fotos 23-10-2020_DJI_0035_vari_grip_753_4,PromptIR,PSNR,27.42901712174782
vari-grip/rust/Fotos 23-10-2020_DJI_0035_vari_grip_753_5,PromptIR,PSNR,25.467633630831852
vari-grip/rust/Fotos 23-10-2020_DJI_0038_vari_grip_756_1,PromptIR,PSNR,25.391539438235657
vari-grip/rust/Fotos 23-10-2020_DJI_0038_vari_grip_756_4,PromptIR,PSNR,29.26316485272246
vari-grip/rust/Fotos 23-10-2020_DJI_0041_vari_grip_757,PromptIR,PSNR,27.1613653483136
vari-grip/rust/Fotos 23-10-2020_DJI_0043_vari_grip_759,PromptIR,PSNR,28.040452172032055
vari-grip/rust/Fotos 23-10-2020_DJI_0043_vari_grip_760_5,PromptIR,PSNR,28.492476081969862
vari-grip/rust/Fotos 23-10-2020_DJI_0043_vari_grip_760_8,PromptIR,PSNR,27.06205832646864
vari-grip/rust/Fotos 23-10-2020_DJI_0047_vari_grip_763_6,PromptIR,PSNR,28.105036395431082
vari-grip/rust/Fotos 23-10-2020_DJI_0047_vari_grip_764_0,PromptIR,PSNR,22.298774787597477
vari-grip/rust/Fotos 23-10-2020_DJI_0047_vari_grip_764_1,PromptIR,PSNR,25.67168363873142
vari-grip/rust/Fotos 23-10-2020_DJI_0047_vari_grip_764_3,PromptIR,PSNR,24.34137728361555
vari-grip/rust/Fotos 23-10-2020_DJI_0047_vari_grip_764_5,PromptIR,PSNR,24.427766144343416
vari-grip/rust/Fotos 23-10-2020_DJI_0048_vari_grip_765,PromptIR,PSNR,26.42154564990762
vari-grip/rust/Fotos 23-10-2020_DJI_0065_vari_grip_736,PromptIR,PSNR,28.002308352403226
vari-grip/rust/Fotos 23-10-2020_DJI_0065_vari_grip_736_0,PromptIR,PSNR,22.983981239791444
vari-grip/rust/Fotos 23-10-2020_DJI_0065_vari_grip_736_5,PromptIR,PSNR,26.699414327058303
vari-grip/rust/Fotos 23-10-2020_DJI_0072_vari_grip_737_3,PromptIR,PSNR,25.491354027072173
vari-grip/rust/Fotos 23-10-2020_DJI_0072_vari_grip_737_4,PromptIR,PSNR,25.115842070881033
vari-grip/rust/Fotos 23-10-2020_DJI_0072_vari_grip_737_6,PromptIR,PSNR,25.346797838090847
vari-grip/rust/Fotos 23-10-2020_DJI_0072_vari_grip_737_8,PromptIR,PSNR,23.61363082892395
vari-grip/rust/Fotos 23-10-2020_DJI_0073_vari_grip_738_1,PromptIR,PSNR,25.855761102316784
vari-grip/rust/Fotos 23-10-2020_DJI_0073_vari_grip_738_2,PromptIR,PSNR,29.013769368854565
vari-grip/rust/Fotos 23-10-2020_DJI_0074_vari_grip_739_0,PromptIR,PSNR,31.21153636830031
vari-grip/rust/Fotos 23-10-2020_DJI_0074_vari_grip_739_3,PromptIR,PSNR,25.74822581607315
vari-grip/rust/Fotos 23-10-2020_DJI_0113_vari_grip_743_4,PromptIR,PSNR,24.641312121423137
vari-grip/rust/Fotos 23-10-2020_DJI_0114_vari_grip_744_1,PromptIR,PSNR,28.48762375328268
vari-grip/rust/Fotos 23-10-2020_DJI_0114_vari_grip_744_7,PromptIR,PSNR,27.186289895886887
vari-grip/rust/Fotos 23-10-2020_DJI_0114_vari_grip_744_8,PromptIR,PSNR,30.346724883758675
vari-grip/bird-nest/08-06-2021_DJI_0089_322,PromptIR,SSIM,0.9632727248328072
vari-grip/bird-nest/08-06-2021_DJI_0089_322_3,PromptIR,SSIM,0.9468744737761361
vari-grip/bird-nest/08-06-2021_DJI_0285_392,PromptIR,SSIM,0.9231931737491063
vari-grip/bird-nest/10-06-2021_DJI_0244_649_2,PromptIR,SSIM,0.9044780220304217
vari-grip/bird-nest/10-06-2021_DJI_0270_657_5,PromptIR,SSIM,0.8692563601902553
vari-grip/bird-nest/10-06-2021_DJI_0270_657_7,PromptIR,SSIM,0.9337743435587201
vari-grip/bird-nest/10-06-2021_DJI_0271_658_1,PromptIR,SSIM,0.9685103978429522
vari-grip/bird-nest/10-06-2021_DJI_0271_658_2,PromptIR,SSIM,0.961890595299857
vari-grip/bird-nest/10-06-2021_DJI_0271_658_6,PromptIR,SSIM,0.9792312809399196
vari-grip/bird-nest/10-06-2021_DJI_0271_658_8,PromptIR,SSIM,0.9626391019139972
vari-grip/bird-nest/11-06-2021_DJI_0121_4_1,PromptIR,SSIM,0.9794744764055524
vari-grip/bird-nest/11-06-2021_DJI_0121_4_4,PromptIR,SSIM,0.9674536160060337
vari-grip/bird-nest/11-06-2021_DJI_0121_4_5,PromptIR,SSIM,0.9395454015050616
vari-grip/bird-nest/11-06-2021_DJI_0132_6_0,PromptIR,SSIM,0.9734719565936497
vari-grip/bird-nest/11-06-2021_DJI_0132_6_6,PromptIR,SSIM,0.9777037927082607
vari-grip/bird-nest/15-06-2021_DJI_0044_726,PromptIR,SSIM,0.9821131655148098
vari-grip/bird-nest/15-06-2021_DJI_0044_726_6,PromptIR,SSIM,0.9397929566247123
vari-grip/bird-nest/Fotos 02-12-2020_DJI_0492_vari_grip_56_4,PromptIR,SSIM,0.9542990667479379
vari-grip/bird-nest/Fotos 02-12-2020_DJI_0492_vari_grip_57_0,PromptIR,SSIM,0.9731783866882324
vari-grip/bird-nest/Fotos 02-12-2020_DJI_0492_vari_grip_57_4,PromptIR,SSIM,0.9495508415358407
vari-grip/bird-nest/Fotos 17-11-2020_DJI_0289_vari_grip_478,PromptIR,SSIM,0.9459649154118129
vari-grip/bird-nest/Fotos 17-11-2020_DJI_0303_vari_grip_479_0,PromptIR,SSIM,0.8956061090741839
vari-grip/bird-nest/Fotos 17-11-2020_DJI_0304_vari_grip_480,PromptIR,SSIM,0.8736476174422673
vari-grip/bird-nest/Fotos 18-11-2020_DJI_0209_vari_grip_530_0,PromptIR,SSIM,0.9221751945359367
vari-grip/bird-nest/Fotos 18-11-2020_DJI_0209_vari_grip_530_3,PromptIR,SSIM,0.8743146402495248
vari-grip/bird-nest/Fotos 19-11-2020_DJI_0140_vari_grip_571_3,PromptIR,SSIM,0.9222026552472796
vari-grip/bird-nest/Fotos 19-11-2020_DJI_0140_vari_grip_571_7,PromptIR,SSIM,0.8987539069993156
vari-grip/bird-nest/Fotos 19-11-2020_DJI_0149_vari_grip_573_0,PromptIR,SSIM,0.825956438268934
vari-grip/bird-nest/Fotos 19-11-2020_DJI_0149_vari_grip_573_4,PromptIR,SSIM,0.803583596433912
vari-grip/bird-nest/Fotos 19-11-2020_DJI_0149_vari_grip_573_6,PromptIR,SSIM,0.7830729952880314
vari-grip/bird-nest/Fotos 19-11-2020_DJI_0150_vari_grip_574_0,PromptIR,SSIM,0.8899840542248317
vari-grip/bird-nest/Fotos 19-11-2020_DJI_0150_vari_grip_575_1,PromptIR,SSIM,0.8395604320934841
vari-grip/bird-nest/Fotos 19-11-2020_DJI_0150_vari_grip_575_2,PromptIR,SSIM,0.926150415624891
vari-grip/bird-nest/Fotos 19-11-2020_DJI_0151_vari_grip_577_2,PromptIR,SSIM,0.9331458210945129
vari-grip/bird-nest/Fotos 19-11-2020_DJI_0151_vari_grip_577_3,PromptIR,SSIM,0.901333783354078
vari-grip/bird-nest/Fotos 19-11-2020_DJI_0151_vari_grip_577_4,PromptIR,SSIM,0.9015962736947196
vari-grip/bird-nest/Fotos 20-11-2020_DJI_0210_vari_grip_683_2,PromptIR,SSIM,0.9063871673175267
vari-grip/bird-nest/Fotos 20-11-2020_DJI_0210_vari_grip_683_7,PromptIR,SSIM,0.9586941344397408
vari-grip/bird-nest/Fotos 23-11-2020_DJI_0279_vari_grip_768_0,PromptIR,SSIM,0.901843615940639
vari-grip/bird-nest/Fotos 23-11-2020_DJI_0279_vari_grip_768_2,PromptIR,SSIM,0.8311814750943866
vari-grip/bird-nest/Fotos 25-11-2020_DJI_0207_vari_grip_861_0,PromptIR,SSIM,0.927856615611485
vari-grip/bird-nest/Fotos 25-11-2020_DJI_0207_vari_grip_861_6,PromptIR,SSIM,0.9333254439490182
vari-grip/bird-nest/Fotos 25-11-2020_DJI_0563_vari_grip_841_0,PromptIR,SSIM,0.8400493860244751
vari-grip/bird-nest/Fotos 25-11-2020_DJI_0563_vari_grip_841_2,PromptIR,SSIM,0.9407713328089032
vari-grip/bird-nest/Fotos 25-11-2020_DJI_0563_vari_grip_841_4,PromptIR,SSIM,0.8974266563143048
vari-grip/bird-nest/Fotos 25-11-2020_DJI_0563_vari_grip_841_7,PromptIR,SSIM,0.9092753103801182
vari-grip/bird-nest/Fotos 25-11-2020_DJI_0564_vari_grip_843,PromptIR,SSIM,0.8967506459781102
vari-grip/bird-nest/Fotos 25-11-2020_DJI_0564_vari_grip_843_1,PromptIR,SSIM,0.9435028689248222
vari-grip/bird-nest/Fotos 25-11-2020_DJI_0564_vari_grip_843_2,PromptIR,SSIM,0.924583511693137
vari-grip/bird-nest/Fotos 25-11-2020_DJI_0564_vari_grip_844,PromptIR,SSIM,0.9710463626044137
vari-grip/bird-nest/Fotos 25-11-2020_DJI_0564_vari_grip_844_4,PromptIR,SSIM,0.9216450112206596
vari-grip/bird-nest/Fotos 25-11-2020_DJI_0564_vari_grip_844_7,PromptIR,SSIM,0.9455603786877224
vari-grip/bird-nest/Fotos 25-11-2020_DJI_0564_vari_grip_844_8,PromptIR,SSIM,0.9390267474310738
vari-grip/bird-nest/Fotos 25-11-2020_DJI_0586_vari_grip_845,PromptIR,SSIM,0.9908336230686733
vari-grip/bird-nest/Fotos 25-11-2020_DJI_0586_vari_grip_845_2,PromptIR,SSIM,0.9560421364648002
vari-grip/bird-nest/Fotos 25-11-2020_DJI_0586_vari_grip_845_7,PromptIR,SSIM,0.9452682222638812
vari-grip/bird-nest/Fotos 25-11-2020_DJI_0586_vari_grip_845_8,PromptIR,SSIM,0.9822246347154889
vari-grip/bird-nest/Fotos 25-11-2020_DJI_0586_vari_grip_846,PromptIR,SSIM,0.9848822781017849
vari-grip/bird-nest/Fotos 25-11-2020_DJI_0586_vari_grip_846_3,PromptIR,SSIM,0.97377838407244
vari-grip/bird-nest/Fotos 25-11-2020_DJI_0586_vari_grip_846_4,PromptIR,SSIM,0.9881765842437744
vari-grip/bird-nest/Fotos 25-11-2020_DJI_0588_vari_grip_847_1,PromptIR,SSIM,0.9317419614110675
vari-grip/bird-nest/Fotos 25-11-2020_DJI_0588_vari_grip_847_8,PromptIR,SSIM,0.9720758710588727
vari-grip/bird-nest/Fotos 26-11-2020_DJI_0214_vari_grip_906_1,PromptIR,SSIM,0.7762760945728847
vari-grip/bird-nest/Fotos 26-11-2020_DJI_0214_vari_grip_907,PromptIR,SSIM,0.8302513190678188
vari-grip/bird-nest/Fotos 26-11-2020_DJI_0215_vari_grip_908_3,PromptIR,SSIM,0.8901189821107047
vari-grip/bird-nest/Fotos 26-11-2020_DJI_0262_vari_grip_910,PromptIR,SSIM,0.8811197025435311
vari-grip/bird-nest/Fotos 26-11-2020_DJI_0262_vari_grip_911,PromptIR,SSIM,0.8810201202120099
vari-grip/bird-nest/Fotos 27-11-2020_DJI_0491_vari_grip_933_1,PromptIR,SSIM,0.8222587364060538
vari-grip/bird-nest/Fotos 27-11-2020_DJI_0491_vari_grip_933_4,PromptIR,SSIM,0.9303852830614362
vari-grip/bird-nest/Fotos 27-11-2020_DJI_0491_vari_grip_933_8,PromptIR,SSIM,0.9129626410348075
vari-grip/bird-nest/Fotos 27-11-2020_DJI_0566_vari_grip_924_6,PromptIR,SSIM,0.9041792069162641
vari-grip/bird-nest/Fotos 27-11-2020_DJI_0566_vari_grip_925,PromptIR,SSIM,0.9600760425840106
vari-grip/bird-nest/Fotos 27-11-2020_DJI_0566_vari_grip_925_2,PromptIR,SSIM,0.9012714794703892
vari-grip/bird-nest/Fotos 27-11-2020_DJI_0566_vari_grip_925_3,PromptIR,SSIM,0.9374612144061497
vari-grip/bird-nest/Fotos 27-11-2020_DJI_0566_vari_grip_925_6,PromptIR,SSIM,0.8886961085455758
vari-grip/good/Fotos 01-12-2020_DJI_0079_vari_grip_51,PromptIR,SSIM,0.9868861777441842
vari-grip/good/Fotos 01-12-2020_DJI_0140_vari_grip_47,PromptIR,SSIM,0.9708454523767743
vari-grip/good/Fotos 01-12-2020_DJI_0199_vari_grip_41,PromptIR,SSIM,0.9825502378599984
vari-grip/good/Fotos 01-12-2020_DJI_0342_vari_grip_32,PromptIR,SSIM,0.981291583606175
vari-grip/good/Fotos 01-12-2020_DJI_0402_vari_grip_29,PromptIR,SSIM,0.9927888512611389
vari-grip/good/Fotos 01-12-2020_DJI_0457_vari_grip_24,PromptIR,SSIM,0.9798569679260254
vari-grip/good/Fotos 01-12-2020_DJI_0457_vari_grip_25,PromptIR,SSIM,0.9758591396468026
vari-grip/good/Fotos 02-12-2020_DJI_0020_vari_grip_94,PromptIR,SSIM,0.9896050606455121
vari-grip/good/Fotos 02-12-2020_DJI_0132_vari_grip_88,PromptIR,SSIM,0.9851572172982352
vari-grip/good/Fotos 02-12-2020_DJI_0194_vari_grip_84,PromptIR,SSIM,0.970422489302499
vari-grip/good/Fotos 02-12-2020_DJI_0367_vari_grip_65,PromptIR,SSIM,0.9775490079607282
vari-grip/good/Fotos 02-12-2020_DJI_0368_vari_grip_67,PromptIR,SSIM,0.9811821324484689
vari-grip/good/Fotos 02-12-2020_DJI_0374_vari_grip_71,PromptIR,SSIM,0.9378411003521511
vari-grip/good/Fotos 02-12-2020_DJI_0427_vari_grip_61,PromptIR,SSIM,0.9911157999719892
vari-grip/good/Fotos 03-12-2020_DJI_0149_vari_grip_126,PromptIR,SSIM,0.9914977465357099
vari-grip/good/Fotos 03-12-2020_DJI_0150_vari_grip_128,PromptIR,SSIM,0.9885138443538121
vari-grip/good/Fotos 03-12-2020_DJI_0457_vari_grip_110,PromptIR,SSIM,0.9871078133583069
vari-grip/good/Fotos 03-12-2020_DJI_0561_vari_grip_100,PromptIR,SSIM,0.9872772523335048
vari-grip/good/Fotos 04-12-2020_DJI_0762_vari_grip_164,PromptIR,SSIM,0.9927225538662502
vari-grip/good/Fotos 04-12-2020_DJI_0806_vari_grip_160,PromptIR,SSIM,0.9919777427400861
vari-grip/good/Fotos 04-12-2020_DJI_0902_vari_grip_149,PromptIR,SSIM,0.9962118353162494
vari-grip/good/Fotos 04-12-2020_DJI_0950_vari_grip_142,PromptIR,SSIM,0.9919343420437404
vari-grip/good/Fotos 04-12-2020_DJI_0951_vari_grip_145,PromptIR,SSIM,0.978297199521746
vari-grip/good/Fotos 04-12-2020_DJI_0954_vari_grip_146,PromptIR,SSIM,0.8759699378694806
vari-grip/good/Fotos 04-12-2020_DJI_1000 (2)_vari_grip_141,PromptIR,SSIM,0.9094262804303851
vari-grip/good/Fotos 07-12-2020_DJI_0059_vari_grip_192,PromptIR,SSIM,0.9910619344030108
vari-grip/good/Fotos 07-12-2020_DJI_0140_vari_grip_183,PromptIR,SSIM,0.9173728908811297
vari-grip/good/Fotos 07-12-2020_DJI_0141_vari_grip_185,PromptIR,SSIM,0.9497044597353254
vari-grip/good/Fotos 07-12-2020_DJI_0155_vari_grip_186,PromptIR,SSIM,0.9499644892556327
vari-grip/good/Fotos 07-12-2020_DJI_0187_vari_grip_179,PromptIR,SSIM,0.96676162311009
vari-grip/good/Fotos 08-12-2020_DJI_0452_vari_grip_225,PromptIR,SSIM,0.9876886350767953
vari-grip/good/Fotos 08-12-2020_DJI_0455_vari_grip_229,PromptIR,SSIM,0.8454225574220929
vari-grip/good/Fotos 08-12-2020_DJI_0538_vari_grip_218,PromptIR,SSIM,0.8547954048429217
vari-grip/good/Fotos 08-12-2020_DJI_0613_vari_grip_208,PromptIR,SSIM,0.9888528840882438
vari-grip/good/Fotos 08-12-2020_DJI_0652_vari_grip_204,PromptIR,SSIM,0.9881952234676906
vari-grip/good/Fotos 09-12-2020_DJI_0017_vari_grip_269,PromptIR,SSIM,0.9906634432928902
vari-grip/good/Fotos 09-12-2020_DJI_0018_vari_grip_271,PromptIR,SSIM,0.9690758160182408
vari-grip/good/Fotos 09-12-2020_DJI_0056_vari_grip_263,PromptIR,SSIM,0.9892551558358329
vari-grip/good/Fotos 09-12-2020_DJI_0102_vari_grip_261,PromptIR,SSIM,0.9883357286453247
vari-grip/good/Fotos 09-12-2020_DJI_0143_vari_grip_249,PromptIR,SSIM,0.9797878180231366
vari-grip/good/Fotos 09-12-2020_DJI_0144_vari_grip_252,PromptIR,SSIM,0.9874247312545776
vari-grip/good/Fotos 09-12-2020_DJI_0310_vari_grip_238,PromptIR,SSIM,0.9907418659755162
vari-grip/good/Fotos 09-12-2020_DJI_0348_vari_grip_233,PromptIR,SSIM,0.9710758072989327
vari-grip/good/Fotos 10-12-2020_DJI_0020_vari_grip_327,PromptIR,SSIM,0.9798545156206403
vari-grip/good/Fotos 10-12-2020_DJI_0024_vari_grip_332,PromptIR,SSIM,0.8813936029161725
vari-grip/good/Fotos 10-12-2020_DJI_0101_vari_grip_312,PromptIR,SSIM,0.9898477111543927
vari-grip/good/Fotos 10-12-2020_DJI_0140_vari_grip_300,PromptIR,SSIM,0.9917075463703701
vari-grip/good/Fotos 10-12-2020_DJI_0182_vari_grip_295,PromptIR,SSIM,0.9923689961433411
vari-grip/good/Fotos 10-12-2020_DJI_0182_vari_grip_296,PromptIR,SSIM,0.9908784457615444
vari-grip/good/Fotos 10-12-2020_DJI_0184_vari_grip_299,PromptIR,SSIM,0.9453251617295402
vari-grip/good/Fotos 10-12-2020_DJI_0258_vari_grip_282,PromptIR,SSIM,0.993227447782244
vari-grip/good/Fotos 10-12-2020_DJI_0259_vari_grip_283,PromptIR,SSIM,0.9737738370895386
vari-grip/good/Fotos 10-12-2020_DJI_0262_vari_grip_285,PromptIR,SSIM,0.9699145810944694
vari-grip/good/Fotos 11-12-2020_DJI_0055_vari_grip_379,PromptIR,SSIM,0.9878161464418683
vari-grip/good/Fotos 11-12-2020_DJI_0290_vari_grip_346,PromptIR,SSIM,0.8485501706600189
vari-grip/good/Fotos 14-12-2020_DJI_0433_vari_grip_399,PromptIR,SSIM,0.906108694417136
vari-grip/good/Fotos 14-12-2020_DJI_0624_vari_grip_392,PromptIR,SSIM,0.9491980160985675
vari-grip/good/Fotos 16-11-2020_DJI_0110_vari_grip_439,PromptIR,SSIM,0.8726233925138202
vari-grip/good/Fotos 16-11-2020_DJI_0153_vari_grip_434,PromptIR,SSIM,0.9122503229549953
vari-grip/good/Fotos 16-11-2020_DJI_0157_vari_grip_438,PromptIR,SSIM,0.9003805007253375
vari-grip/good/Fotos 16-12-2020_DJI_0034_vari_grip_475,PromptIR,SSIM,0.9698975511959621
vari-grip/good/Fotos 16-12-2020_DJI_0188_vari_grip_464,PromptIR,SSIM,0.9881347247532436
vari-grip/good/Fotos 16-12-2020_DJI_0404_vari_grip_450,PromptIR,SSIM,0.9350670065198626
vari-grip/good/Fotos 17-11-2020_DJI_0106_vari_grip_493,PromptIR,SSIM,0.9237059014184135
vari-grip/good/Fotos 17-11-2020_DJI_0120_vari_grip_496,PromptIR,SSIM,0.8859767700944629
vari-grip/good/Fotos 17-11-2020_DJI_0121_vari_grip_497,PromptIR,SSIM,0.9382562211581639
vari-grip/good/Fotos 17-11-2020_DJI_0206_vari_grip_491,PromptIR,SSIM,0.9015870264598301
vari-grip/good/Fotos 17-12-2020_DJI_0168_vari_grip_514,PromptIR,SSIM,0.9647216882024493
vari-grip/good/Fotos 18-11-2020_DJI_0070_vari_grip_548,PromptIR,SSIM,0.9466992957251412
vari-grip/good/Fotos 18-11-2020_DJI_0109_vari_grip_546,PromptIR,SSIM,0.9554486445018223
vari-grip/good/Fotos 18-11-2020_DJI_0137_vari_grip_541,PromptIR,SSIM,0.905708909034729
vari-grip/good/Fotos 18-11-2020_DJI_0246_vari_grip_528,PromptIR,SSIM,0.9662847433771405
vari-grip/good/Fotos 19-10-2020_DJI_0045_vari_grip_4,PromptIR,SSIM,0.9569277593067714
vari-grip/good/Fotos 19-10-2020_DJI_0046_vari_grip_6,PromptIR,SSIM,0.9488173638071332
vari-grip/good/Fotos 19-10-2020_DJI_0046_vari_grip_7,PromptIR,SSIM,0.9437259605952671
vari-grip/good/Fotos 19-10-2020_DJI_0083_vari_grip_15,PromptIR,SSIM,0.94295505966459
vari-grip/good/Fotos 19-10-2020_DJI_0084_vari_grip_16,PromptIR,SSIM,0.943756469658443
vari-grip/good/Fotos 19-11-2020_DJI_0119_vari_grip_578,PromptIR,SSIM,0.9647045476096017
vari-grip/good/Fotos 19-11-2020_DJI_0199_vari_grip_562,PromptIR,SSIM,0.9511733566011701
vari-grip/good/Fotos 19-11-2020_DJI_0236_vari_grip_561,PromptIR,SSIM,0.9337781327111381
vari-grip/good/Fotos 20-10-2020_DJI_0201_vari_grip_613,PromptIR,SSIM,0.9925222141402108
vari-grip/good/Fotos 20-10-2020_DJI_0205_vari_grip_620,PromptIR,SSIM,0.9695741534233093
vari-grip/good/Fotos 20-10-2020_DJI_0211_vari_grip_633,PromptIR,SSIM,0.9744513034820557
vari-grip/good/Fotos 20-10-2020_DJI_0238_vari_grip_641,PromptIR,SSIM,0.9278328844479152
vari-grip/good/Fotos 20-10-2020_DJI_0243_vari_grip_648,PromptIR,SSIM,0.9443800023623875
vari-grip/good/Fotos 20-10-2020_DJI_0244_vari_grip_651,PromptIR,SSIM,0.8997202175004142
vari-grip/good/Fotos 20-10-2020_DJI_0245_vari_grip_653,PromptIR,SSIM,0.921542397567204
vari-grip/good/Fotos 20-10-2020_DJI_0255_vari_grip_658,PromptIR,SSIM,0.972623518535069
vari-grip/good/Fotos 20-10-2020_DJI_0255_vari_grip_659,PromptIR,SSIM,0.9607936484473092
vari-grip/good/Fotos 20-10-2020_DJI_0256_vari_grip_660,PromptIR,SSIM,0.9626450283186776
vari-grip/good/Fotos 20-10-2020_DJI_0265_vari_grip_586,PromptIR,SSIM,0.9342445986611503
vari-grip/good/Fotos 20-10-2020_DJI_0268_vari_grip_589,PromptIR,SSIM,0.9556804043906075
vari-grip/good/Fotos 20-10-2020_DJI_0282_vari_grip_590,PromptIR,SSIM,0.9330813458987645
vari-grip/good/Fotos 20-11-2020_DJI_0144_vari_grip_697,PromptIR,SSIM,0.8776051827839443
vari-grip/good/Fotos 20-11-2020_DJI_0171_vari_grip_687,PromptIR,SSIM,0.9468237842832293
vari-grip/good/Fotos 20-11-2020_DJI_0172_vari_grip_689,PromptIR,SSIM,0.9599185245377677
vari-grip/good/Fotos 20-11-2020_DJI_0275_vari_grip_672,PromptIR,SSIM,0.9906343221664429
vari-grip/good/Fotos 22-10-2020_DJI_0858_vari_grip_718,PromptIR,SSIM,0.9258512854576111
vari-grip/good/Fotos 22-10-2020_DJI_0864_vari_grip_724,PromptIR,SSIM,0.9347757867404393
vari-grip/good/Fotos 22-10-2020_DJI_0864_vari_grip_725,PromptIR,SSIM,0.9205897194998605
vari-grip/good/Fotos 22-10-2020_DJI_0880_vari_grip_734,PromptIR,SSIM,0.9481027041162763
vari-grip/good/Fotos 23-11-2020_DJI_0143_vari_grip_783,PromptIR,SSIM,0.9731400949614388
vari-grip/good/Fotos 23-11-2020_DJI_0177_vari_grip_782,PromptIR,SSIM,0.9922659311975751
vari-grip/good/Fotos 23-11-2020_DJI_0209_vari_grip_777,PromptIR,SSIM,0.9620811939239502
vari-grip/good/Fotos 24-11-2020_DJI_0101_vari_grip_837,PromptIR,SSIM,0.9787037287439618
vari-grip/good/Fotos 24-11-2020_DJI_0243_vari_grip_827,PromptIR,SSIM,0.8969276462282453
vari-grip/good/Fotos 24-11-2020_DJI_0244_vari_grip_830,PromptIR,SSIM,0.8810128569602966
vari-grip/good/Fotos 25-11-2020_DJI_0208_vari_grip_862,PromptIR,SSIM,0.9647948486464364
vari-grip/good/Fotos 26-11-2020_DJI_0213_vari_grip_904,PromptIR,SSIM,0.8929579087666103
vari-grip/good/Fotos 26-11-2020_DJI_0213_vari_grip_905,PromptIR,SSIM,0.9317490543637957
vari-grip/good/Fotos 27-11-2020_DJI_0421_vari_grip_934,PromptIR,SSIM,0.8838568329811096
vari-grip/good/Fotos 27-11-2020_DJI_0421_vari_grip_935,PromptIR,SSIM,0.8980839337621417
vari-grip/good/Fotos 27-11-2020_DJI_0422_vari_grip_937,PromptIR,SSIM,0.9174489293779645
vari-grip/good/Fotos 30-11-2020_DJI_0033_vari_grip_1007,PromptIR,SSIM,0.9875855531011309
vari-grip/good/Fotos 30-11-2020_DJI_0193_vari_grip_996,PromptIR,SSIM,0.9804201807294574
vari-grip/good/Fotos 30-11-2020_DJI_0437_vari_grip_975,PromptIR,SSIM,0.9913337400981358
vari-grip/good/Fotos 30-11-2020_DJI_0438_vari_grip_976,PromptIR,SSIM,0.9892069186483111
vari-grip/good/Fotos 30-11-2020_DJI_0501_vari_grip_969,PromptIR,SSIM,0.9856652872903007
vari-grip/good/Fotos 30-11-2020_DJI_0561_vari_grip_964,PromptIR,SSIM,0.991385681288583
vari-grip/rust/01-06-2021_DJI_0030_6_0,PromptIR,SSIM,0.9543413519859314
vari-grip/rust/01-06-2021_DJI_0030_6_7,PromptIR,SSIM,0.9414027333259583
vari-grip/rust/01-06-2021_DJI_0146_39_2,PromptIR,SSIM,0.9473410248756409
vari-grip/rust/01-06-2021_DJI_0146_39_6,PromptIR,SSIM,0.9168209518705096
vari-grip/rust/01-06-2021_DJI_0146_40_0,PromptIR,SSIM,0.9745402591569083
vari-grip/rust/01-06-2021_DJI_0162_46_6,PromptIR,SSIM,0.9726456488881793
vari-grip/rust/02-06-2021_DJI_0359_261_8,PromptIR,SSIM,0.9201879160744804
vari-grip/rust/08-06-2021_DJI_0385_421_2,PromptIR,SSIM,0.9708932297570365
vari-grip/rust/08-06-2021_DJI_0385_421_4,PromptIR,SSIM,0.957916796207428
vari-grip/rust/08-06-2021_DJI_0385_421_6,PromptIR,SSIM,0.9584545918873378
vari-grip/rust/08-06-2021_DJI_0385_422,PromptIR,SSIM,0.9639793038368225
vari-grip/rust/08-06-2021_DJI_0385_422_0,PromptIR,SSIM,0.9337613582611084
vari-grip/rust/08-06-2021_DJI_0385_422_5,PromptIR,SSIM,0.9339984910828727
vari-grip/rust/09-06-2021_DJI_0466_568,PromptIR,SSIM,0.9719868217195783
vari-grip/rust/09-06-2021_DJI_0466_568_6,PromptIR,SSIM,0.9752615775380816
vari-grip/rust/09-06-2021_DJI_0467_570_2,PromptIR,SSIM,0.919924088886806
vari-grip/rust/09-06-2021_DJI_0467_570_4,PromptIR,SSIM,0.9199808239936829
vari-grip/rust/10-06-2021_DJI_0018_611,PromptIR,SSIM,0.9395411695752826
vari-grip/rust/10-06-2021_DJI_0018_611_1,PromptIR,SSIM,0.9016434890883309
vari-grip/rust/10-06-2021_DJI_0018_611_7,PromptIR,SSIM,0.9473448991775513
vari-grip/rust/10-06-2021_DJI_0019_613_5,PromptIR,SSIM,0.9470408729144505
vari-grip/rust/11-06-2021_DJI_0479_11_6,PromptIR,SSIM,0.9478421977588108
vari-grip/rust/11-06-2021_DJI_0479_11_7,PromptIR,SSIM,0.9041318808283124
vari-grip/rust/11-06-2021_DJI_0479_11_8,PromptIR,SSIM,0.9365306411470685
vari-grip/rust/15-06-2021_DJI_0118_741,PromptIR,SSIM,0.9663906097412109
vari-grip/rust/Fotos 23-10-2020_DJI_0029_vari_grip_745_7,PromptIR,SSIM,0.8714074747903007
vari-grip/rust/Fotos 23-10-2020_DJI_0031_vari_grip_748_0,PromptIR,SSIM,0.8091673680714199
vari-grip/rust/Fotos 23-10-2020_DJI_0031_vari_grip_748_7,PromptIR,SSIM,0.7878625307764325
vari-grip/rust/Fotos 23-10-2020_DJI_0032_vari_grip_750,PromptIR,SSIM,0.9170834847858974
vari-grip/rust/Fotos 23-10-2020_DJI_0032_vari_grip_750_3,PromptIR,SSIM,0.871742274080004
vari-grip/rust/Fotos 23-10-2020_DJI_0034_vari_grip_751_0,PromptIR,SSIM,0.9363963689122882
vari-grip/rust/Fotos 23-10-2020_DJI_0034_vari_grip_752,PromptIR,SSIM,0.9495290688105992
vari-grip/rust/Fotos 23-10-2020_DJI_0034_vari_grip_752_7,PromptIR,SSIM,0.924501257283347
vari-grip/rust/Fotos 23-10-2020_DJI_0035_vari_grip_753_4,PromptIR,SSIM,0.9436391421726772
vari-grip/rust/Fotos 23-10-2020_DJI_0035_vari_grip_753_5,PromptIR,SSIM,0.9276901653834752
vari-grip/rust/Fotos 23-10-2020_DJI_0038_vari_grip_756_1,PromptIR,SSIM,0.9646100657326835
vari-grip/rust/Fotos 23-10-2020_DJI_0038_vari_grip_756_4,PromptIR,SSIM,0.9660351872444153
vari-grip/rust/Fotos 23-10-2020_DJI_0041_vari_grip_757,PromptIR,SSIM,0.9358286006110055
vari-grip/rust/Fotos 23-10-2020_DJI_0043_vari_grip_759,PromptIR,SSIM,0.9591281584330967
vari-grip/rust/Fotos 23-10-2020_DJI_0043_vari_grip_760_5,PromptIR,SSIM,0.9666919537952968
vari-grip/rust/Fotos 23-10-2020_DJI_0043_vari_grip_760_8,PromptIR,SSIM,0.9282708764076233
vari-grip/rust/Fotos 23-10-2020_DJI_0047_vari_grip_763_6,PromptIR,SSIM,0.9627203856195722
vari-grip/rust/Fotos 23-10-2020_DJI_0047_vari_grip_764_0,PromptIR,SSIM,0.8434871711901256
vari-grip/rust/Fotos 23-10-2020_DJI_0047_vari_grip_764_1,PromptIR,SSIM,0.9164387583732605
vari-grip/rust/Fotos 23-10-2020_DJI_0047_vari_grip_764_3,PromptIR,SSIM,0.864770063332149
vari-grip/rust/Fotos 23-10-2020_DJI_0047_vari_grip_764_5,PromptIR,SSIM,0.9146172659737724
vari-grip/rust/Fotos 23-10-2020_DJI_0048_vari_grip_765,PromptIR,SSIM,0.9125352076121739
vari-grip/rust/Fotos 23-10-2020_DJI_0065_vari_grip_736,PromptIR,SSIM,0.9558627946036202
vari-grip/rust/Fotos 23-10-2020_DJI_0065_vari_grip_736_0,PromptIR,SSIM,0.8371612770216805
vari-grip/rust/Fotos 23-10-2020_DJI_0065_vari_grip_736_5,PromptIR,SSIM,0.9178370067051479
vari-grip/rust/Fotos 23-10-2020_DJI_0072_vari_grip_737_3,PromptIR,SSIM,0.8991929377828326
vari-grip/rust/Fotos 23-10-2020_DJI_0072_vari_grip_737_4,PromptIR,SSIM,0.9352374928338187
vari-grip/rust/Fotos 23-10-2020_DJI_0072_vari_grip_737_6,PromptIR,SSIM,0.9195183089801243
vari-grip/rust/Fotos 23-10-2020_DJI_0072_vari_grip_737_8,PromptIR,SSIM,0.8944756133215768
vari-grip/rust/Fotos 23-10-2020_DJI_0073_vari_grip_738_1,PromptIR,SSIM,0.9276737741061619
vari-grip/rust/Fotos 23-10-2020_DJI_0073_vari_grip_738_2,PromptIR,SSIM,0.959859584059034
vari-grip/rust/Fotos 23-10-2020_DJI_0074_vari_grip_739_0,PromptIR,SSIM,0.9799525652612958
vari-grip/rust/Fotos 23-10-2020_DJI_0074_vari_grip_739_3,PromptIR,SSIM,0.9664182918412345
vari-grip/rust/Fotos 23-10-2020_DJI_0113_vari_grip_743_4,PromptIR,SSIM,0.8429190197161266
vari-grip/rust/Fotos 23-10-2020_DJI_0114_vari_grip_744_1,PromptIR,SSIM,0.9303250227655683
vari-grip/rust/Fotos 23-10-2020_DJI_0114_vari_grip_744_7,PromptIR,SSIM,0.913752053465162
vari-grip/rust/Fotos 23-10-2020_DJI_0114_vari_grip_744_8,PromptIR,SSIM,0.9447649547031948
vari-grip/bird-nest/08-06-2021_DJI_0089_322,PromptIR,LPIPS,0.1604513925101076
vari-grip/bird-nest/08-06-2021_DJI_0089_322_3,PromptIR,LPIPS,0.15117021250937665
vari-grip/bird-nest/08-06-2021_DJI_0285_392,PromptIR,LPIPS,0.1804856417168464
vari-grip/bird-nest/10-06-2021_DJI_0244_649_2,PromptIR,LPIPS,0.1402530643556799
vari-grip/bird-nest/10-06-2021_DJI_0270_657_5,PromptIR,LPIPS,0.22151519198502814
vari-grip/bird-nest/10-06-2021_DJI_0270_657_7,PromptIR,LPIPS,0.20572067211781228
vari-grip/bird-nest/10-06-2021_DJI_0271_658_1,PromptIR,LPIPS,0.14397145914179937
vari-grip/bird-nest/10-06-2021_DJI_0271_658_2,PromptIR,LPIPS,0.11158821625368935
vari-grip/bird-nest/10-06-2021_DJI_0271_658_6,PromptIR,LPIPS,0.11612776932971818
vari-grip/bird-nest/10-06-2021_DJI_0271_658_8,PromptIR,LPIPS,0.12819969707301684
vari-grip/bird-nest/11-06-2021_DJI_0121_4_1,PromptIR,LPIPS,0.15248261179242814
vari-grip/bird-nest/11-06-2021_DJI_0121_4_4,PromptIR,LPIPS,0.1392582846539361
vari-grip/bird-nest/11-06-2021_DJI_0121_4_5,PromptIR,LPIPS,0.16442295642835753
vari-grip/bird-nest/11-06-2021_DJI_0132_6_0,PromptIR,LPIPS,0.16435945140463964
vari-grip/bird-nest/11-06-2021_DJI_0132_6_6,PromptIR,LPIPS,0.1526788462485586
vari-grip/bird-nest/15-06-2021_DJI_0044_726,PromptIR,LPIPS,0.09009166327970368
vari-grip/bird-nest/15-06-2021_DJI_0044_726_6,PromptIR,LPIPS,0.18912007819328988
vari-grip/bird-nest/Fotos 02-12-2020_DJI_0492_vari_grip_56_4,PromptIR,LPIPS,0.14352706181151526
vari-grip/bird-nest/Fotos 02-12-2020_DJI_0492_vari_grip_57_0,PromptIR,LPIPS,0.11622291803359985
vari-grip/bird-nest/Fotos 02-12-2020_DJI_0492_vari_grip_57_4,PromptIR,LPIPS,0.1597149164548942
vari-grip/bird-nest/Fotos 17-11-2020_DJI_0289_vari_grip_478,PromptIR,LPIPS,0.12429936443056379
vari-grip/bird-nest/Fotos 17-11-2020_DJI_0303_vari_grip_479_0,PromptIR,LPIPS,0.13550837391189166
vari-grip/bird-nest/Fotos 17-11-2020_DJI_0304_vari_grip_480,PromptIR,LPIPS,0.17133570994649613
vari-grip/bird-nest/Fotos 18-11-2020_DJI_0209_vari_grip_530_0,PromptIR,LPIPS,0.16252933389374188
vari-grip/bird-nest/Fotos 18-11-2020_DJI_0209_vari_grip_530_3,PromptIR,LPIPS,0.16765785164066724
vari-grip/bird-nest/Fotos 19-11-2020_DJI_0140_vari_grip_571_3,PromptIR,LPIPS,0.1837949747485774
vari-grip/bird-nest/Fotos 19-11-2020_DJI_0140_vari_grip_571_7,PromptIR,LPIPS,0.21182118569101607
vari-grip/bird-nest/Fotos 19-11-2020_DJI_0149_vari_grip_573_0,PromptIR,LPIPS,0.29328111772026333
vari-grip/bird-nest/Fotos 19-11-2020_DJI_0149_vari_grip_573_4,PromptIR,LPIPS,0.23829793397869384
vari-grip/bird-nest/Fotos 19-11-2020_DJI_0149_vari_grip_573_6,PromptIR,LPIPS,0.2710492717368262
vari-grip/bird-nest/Fotos 19-11-2020_DJI_0150_vari_grip_574_0,PromptIR,LPIPS,0.27574314177036285
vari-grip/bird-nest/Fotos 19-11-2020_DJI_0150_vari_grip_575_1,PromptIR,LPIPS,0.26921212460313526
vari-grip/bird-nest/Fotos 19-11-2020_DJI_0150_vari_grip_575_2,PromptIR,LPIPS,0.1727356862808977
vari-grip/bird-nest/Fotos 19-11-2020_DJI_0151_vari_grip_577_2,PromptIR,LPIPS,0.12173251648034368
vari-grip/bird-nest/Fotos 19-11-2020_DJI_0151_vari_grip_577_3,PromptIR,LPIPS,0.23701927491596766
vari-grip/bird-nest/Fotos 19-11-2020_DJI_0151_vari_grip_577_4,PromptIR,LPIPS,0.1890286606337343
vari-grip/bird-nest/Fotos 20-11-2020_DJI_0210_vari_grip_683_2,PromptIR,LPIPS,0.19786545208522252
vari-grip/bird-nest/Fotos 20-11-2020_DJI_0210_vari_grip_683_7,PromptIR,LPIPS,0.18774480266230448
vari-grip/bird-nest/Fotos 23-11-2020_DJI_0279_vari_grip_768_0,PromptIR,LPIPS,0.1566479043768985
vari-grip/bird-nest/Fotos 23-11-2020_DJI_0279_vari_grip_768_2,PromptIR,LPIPS,0.20986809208989143
vari-grip/bird-nest/Fotos 25-11-2020_DJI_0207_vari_grip_861_0,PromptIR,LPIPS,0.14339654360498702
vari-grip/bird-nest/Fotos 25-11-2020_DJI_0207_vari_grip_861_6,PromptIR,LPIPS,0.14912281398262298
vari-grip/bird-nest/Fotos 25-11-2020_DJI_0563_vari_grip_841_0,PromptIR,LPIPS,0.20195535251072474
vari-grip/bird-nest/Fotos 25-11-2020_DJI_0563_vari_grip_841_2,PromptIR,LPIPS,0.144968591896551
vari-grip/bird-nest/Fotos 25-11-2020_DJI_0563_vari_grip_841_4,PromptIR,LPIPS,0.2180268413254193
vari-grip/bird-nest/Fotos 25-11-2020_DJI_0563_vari_grip_841_7,PromptIR,LPIPS,0.17821041441389493
vari-grip/bird-nest/Fotos 25-11-2020_DJI_0564_vari_grip_843,PromptIR,LPIPS,0.21539284076009477
vari-grip/bird-nest/Fotos 25-11-2020_DJI_0564_vari_grip_843_1,PromptIR,LPIPS,0.12446329290313381
vari-grip/bird-nest/Fotos 25-11-2020_DJI_0564_vari_grip_843_2,PromptIR,LPIPS,0.21674573847225734
vari-grip/bird-nest/Fotos 25-11-2020_DJI_0564_vari_grip_844,PromptIR,LPIPS,0.12941554295165197
vari-grip/bird-nest/Fotos 25-11-2020_DJI_0564_vari_grip_844_4,PromptIR,LPIPS,0.2557380625179836
vari-grip/bird-nest/Fotos 25-11-2020_DJI_0564_vari_grip_844_7,PromptIR,LPIPS,0.13742569567901747
vari-grip/bird-nest/Fotos 25-11-2020_DJI_0564_vari_grip_844_8,PromptIR,LPIPS,0.1416133897645133
vari-grip/bird-nest/Fotos 25-11-2020_DJI_0586_vari_grip_845,PromptIR,LPIPS,0.08016886162970747
vari-grip/bird-nest/Fotos 25-11-2020_DJI_0586_vari_grip_845_2,PromptIR,LPIPS,0.14718437141605786
vari-grip/bird-nest/Fotos 25-11-2020_DJI_0586_vari_grip_845_7,PromptIR,LPIPS,0.1969923430255481
vari-grip/bird-nest/Fotos 25-11-2020_DJI_0586_vari_grip_845_8,PromptIR,LPIPS,0.12873374803790025
vari-grip/bird-nest/Fotos 25-11-2020_DJI_0586_vari_grip_846,PromptIR,LPIPS,0.08402705884405545
vari-grip/bird-nest/Fotos 25-11-2020_DJI_0586_vari_grip_846_3,PromptIR,LPIPS,0.11930104025772639
vari-grip/bird-nest/Fotos 25-11-2020_DJI_0586_vari_grip_846_4,PromptIR,LPIPS,0.07594431351338114
vari-grip/bird-nest/Fotos 25-11-2020_DJI_0588_vari_grip_847_1,PromptIR,LPIPS,0.19300879218748637
vari-grip/bird-nest/Fotos 25-11-2020_DJI_0588_vari_grip_847_8,PromptIR,LPIPS,0.17429798415728978
vari-grip/bird-nest/Fotos 26-11-2020_DJI_0214_vari_grip_906_1,PromptIR,LPIPS,0.22151022936616624
vari-grip/bird-nest/Fotos 26-11-2020_DJI_0214_vari_grip_907,PromptIR,LPIPS,0.2056360404406275
vari-grip/bird-nest/Fotos 26-11-2020_DJI_0215_vari_grip_908_3,PromptIR,LPIPS,0.18035555178565638
vari-grip/bird-nest/Fotos 26-11-2020_DJI_0262_vari_grip_910,PromptIR,LPIPS,0.24680686821894987
vari-grip/bird-nest/Fotos 26-11-2020_DJI_0262_vari_grip_911,PromptIR,LPIPS,0.16594100344393933
vari-grip/bird-nest/Fotos 27-11-2020_DJI_0491_vari_grip_933_1,PromptIR,LPIPS,0.2021265583378928
vari-grip/bird-nest/Fotos 27-11-2020_DJI_0491_vari_grip_933_4,PromptIR,LPIPS,0.14440050242202623
vari-grip/bird-nest/Fotos 27-11-2020_DJI_0491_vari_grip_933_8,PromptIR,LPIPS,0.17009286901780538
vari-grip/bird-nest/Fotos 27-11-2020_DJI_0566_vari_grip_924_6,PromptIR,LPIPS,0.17658479405300959
vari-grip/bird-nest/Fotos 27-11-2020_DJI_0566_vari_grip_925,PromptIR,LPIPS,0.08242346133504595
vari-grip/bird-nest/Fotos 27-11-2020_DJI_0566_vari_grip_925_2,PromptIR,LPIPS,0.1813162245920726
vari-grip/bird-nest/Fotos 27-11-2020_DJI_0566_vari_grip_925_3,PromptIR,LPIPS,0.1391933991440705
vari-grip/bird-nest/Fotos 27-11-2020_DJI_0566_vari_grip_925_6,PromptIR,LPIPS,0.17172873206436634
vari-grip/good/Fotos 01-12-2020_DJI_0079_vari_grip_51,PromptIR,LPIPS,0.15178347006440163
vari-grip/good/Fotos 01-12-2020_DJI_0140_vari_grip_47,PromptIR,LPIPS,0.17424346772687777
vari-grip/good/Fotos 01-12-2020_DJI_0199_vari_grip_41,PromptIR,LPIPS,0.11489054347787585
vari-grip/good/Fotos 01-12-2020_DJI_0342_vari_grip_32,PromptIR,LPIPS,0.12631378482495034
vari-grip/good/Fotos 01-12-2020_DJI_0402_vari_grip_29,PromptIR,LPIPS,0.07207519853753704
vari-grip/good/Fotos 01-12-2020_DJI_0457_vari_grip_24,PromptIR,LPIPS,0.16265195980668068
vari-grip/good/Fotos 01-12-2020_DJI_0457_vari_grip_25,PromptIR,LPIPS,0.16282147701297486
vari-grip/good/Fotos 02-12-2020_DJI_0020_vari_grip_94,PromptIR,LPIPS,0.0907102527895144
vari-grip/good/Fotos 02-12-2020_DJI_0132_vari_grip_88,PromptIR,LPIPS,0.07876028759138924
vari-grip/good/Fotos 02-12-2020_DJI_0194_vari_grip_84,PromptIR,LPIPS,0.1867328526984368
vari-grip/good/Fotos 02-12-2020_DJI_0367_vari_grip_65,PromptIR,LPIPS,0.10607392766645976
vari-grip/good/Fotos 02-12-2020_DJI_0368_vari_grip_67,PromptIR,LPIPS,0.0848564582743815
vari-grip/good/Fotos 02-12-2020_DJI_0374_vari_grip_71,PromptIR,LPIPS,0.22548620668905123
vari-grip/good/Fotos 02-12-2020_DJI_0427_vari_grip_61,PromptIR,LPIPS,0.07711804125990186
vari-grip/good/Fotos 03-12-2020_DJI_0149_vari_grip_126,PromptIR,LPIPS,0.08155751361378602
vari-grip/good/Fotos 03-12-2020_DJI_0150_vari_grip_128,PromptIR,LPIPS,0.07796636622931276
vari-grip/good/Fotos 03-12-2020_DJI_0457_vari_grip_110,PromptIR,LPIPS,0.07638036566121238
vari-grip/good/Fotos 03-12-2020_DJI_0561_vari_grip_100,PromptIR,LPIPS,0.10155963871095862
vari-grip/good/Fotos 04-12-2020_DJI_0762_vari_grip_164,PromptIR,LPIPS,0.0856396739504167
vari-grip/good/Fotos 04-12-2020_DJI_0806_vari_grip_160,PromptIR,LPIPS,0.09342090572629656
vari-grip/good/Fotos 04-12-2020_DJI_0902_vari_grip_149,PromptIR,LPIPS,0.0390873234719038
vari-grip/good/Fotos 04-12-2020_DJI_0950_vari_grip_142,PromptIR,LPIPS,0.0781158943261419
vari-grip/good/Fotos 04-12-2020_DJI_0951_vari_grip_145,PromptIR,LPIPS,0.1107202981199537
vari-grip/good/Fotos 04-12-2020_DJI_0954_vari_grip_146,PromptIR,LPIPS,0.2880259241376604
vari-grip/good/Fotos 04-12-2020_DJI_1000 (2)_vari_grip_141,PromptIR,LPIPS,0.20613151788711548
vari-grip/good/Fotos 07-12-2020_DJI_0059_vari_grip_192,PromptIR,LPIPS,0.08581846420254026
vari-grip/good/Fotos 07-12-2020_DJI_0140_vari_grip_183,PromptIR,LPIPS,0.19105041452816554
vari-grip/good/Fotos 07-12-2020_DJI_0141_vari_grip_185,PromptIR,LPIPS,0.15544388123920985
vari-grip/good/Fotos 07-12-2020_DJI_0155_vari_grip_186,PromptIR,LPIPS,0.12345374056271144
vari-grip/good/Fotos 07-12-2020_DJI_0187_vari_grip_179,PromptIR,LPIPS,0.1281598966036524
vari-grip/good/Fotos 08-12-2020_DJI_0452_vari_grip_225,PromptIR,LPIPS,0.08275389298796654
vari-grip/good/Fotos 08-12-2020_DJI_0455_vari_grip_229,PromptIR,LPIPS,0.2616360107702868
vari-grip/good/Fotos 08-12-2020_DJI_0538_vari_grip_218,PromptIR,LPIPS,0.32124307645218714
vari-grip/good/Fotos 08-12-2020_DJI_0613_vari_grip_208,PromptIR,LPIPS,0.08280995594603675
vari-grip/good/Fotos 08-12-2020_DJI_0652_vari_grip_204,PromptIR,LPIPS,0.08031836045639855
vari-grip/good/Fotos 09-12-2020_DJI_0017_vari_grip_269,PromptIR,LPIPS,0.08048921690455504
vari-grip/good/Fotos 09-12-2020_DJI_0018_vari_grip_271,PromptIR,LPIPS,0.18164897922958648
vari-grip/good/Fotos 09-12-2020_DJI_0056_vari_grip_263,PromptIR,LPIPS,0.0872702526726893
vari-grip/good/Fotos 09-12-2020_DJI_0102_vari_grip_261,PromptIR,LPIPS,0.09956444001623563
vari-grip/good/Fotos 09-12-2020_DJI_0143_vari_grip_249,PromptIR,LPIPS,0.13817927986383438
vari-grip/good/Fotos 09-12-2020_DJI_0144_vari_grip_252,PromptIR,LPIPS,0.1174314586179597
vari-grip/good/Fotos 09-12-2020_DJI_0310_vari_grip_238,PromptIR,LPIPS,0.0868732210780893
vari-grip/good/Fotos 09-12-2020_DJI_0348_vari_grip_233,PromptIR,LPIPS,0.11554574434246336
vari-grip/good/Fotos 10-12-2020_DJI_0020_vari_grip_327,PromptIR,LPIPS,0.1087266770856721
vari-grip/good/Fotos 10-12-2020_DJI_0024_vari_grip_332,PromptIR,LPIPS,0.30138891083853586
vari-grip/good/Fotos 10-12-2020_DJI_0101_vari_grip_312,PromptIR,LPIPS,0.12255989015102386
vari-grip/good/Fotos 10-12-2020_DJI_0140_vari_grip_300,PromptIR,LPIPS,0.06740053264158112
vari-grip/good/Fotos 10-12-2020_DJI_0182_vari_grip_295,PromptIR,LPIPS,0.09963985745395933
vari-grip/good/Fotos 10-12-2020_DJI_0182_vari_grip_296,PromptIR,LPIPS,0.1166461134063346
vari-grip/good/Fotos 10-12-2020_DJI_0184_vari_grip_299,PromptIR,LPIPS,0.20070967291082656
vari-grip/good/Fotos 10-12-2020_DJI_0258_vari_grip_282,PromptIR,LPIPS,0.05516879952379635
vari-grip/good/Fotos 10-12-2020_DJI_0259_vari_grip_283,PromptIR,LPIPS,0.13301938293235643
vari-grip/good/Fotos 10-12-2020_DJI_0262_vari_grip_285,PromptIR,LPIPS,0.15186392356242454
vari-grip/good/Fotos 11-12-2020_DJI_0055_vari_grip_379,PromptIR,LPIPS,0.08016400371811219
vari-grip/good/Fotos 11-12-2020_DJI_0290_vari_grip_346,PromptIR,LPIPS,0.2410822601190635
vari-grip/good/Fotos 14-12-2020_DJI_0433_vari_grip_399,PromptIR,LPIPS,0.18421399699790136
vari-grip/good/Fotos 14-12-2020_DJI_0624_vari_grip_392,PromptIR,LPIPS,0.17346288423453057
vari-grip/good/Fotos 16-11-2020_DJI_0110_vari_grip_439,PromptIR,LPIPS,0.1663377010928733
vari-grip/good/Fotos 16-11-2020_DJI_0153_vari_grip_434,PromptIR,LPIPS,0.18093940722090857
vari-grip/good/Fotos 16-11-2020_DJI_0157_vari_grip_438,PromptIR,LPIPS,0.18261133134365082
vari-grip/good/Fotos 16-12-2020_DJI_0034_vari_grip_475,PromptIR,LPIPS,0.17181691793458803
vari-grip/good/Fotos 16-12-2020_DJI_0188_vari_grip_464,PromptIR,LPIPS,0.09739817998238973
vari-grip/good/Fotos 16-12-2020_DJI_0404_vari_grip_450,PromptIR,LPIPS,0.1988482645579747
vari-grip/good/Fotos 17-11-2020_DJI_0106_vari_grip_493,PromptIR,LPIPS,0.18085376918315887
vari-grip/good/Fotos 17-11-2020_DJI_0120_vari_grip_496,PromptIR,LPIPS,0.1070703821522849
vari-grip/good/Fotos 17-11-2020_DJI_0121_vari_grip_497,PromptIR,LPIPS,0.15698113398892538
vari-grip/good/Fotos 17-11-2020_DJI_0206_vari_grip_491,PromptIR,LPIPS,0.19311838437403953
vari-grip/good/Fotos 17-12-2020_DJI_0168_vari_grip_514,PromptIR,LPIPS,0.14612590947321483
vari-grip/good/Fotos 18-11-2020_DJI_0070_vari_grip_548,PromptIR,LPIPS,0.1455984834049429
vari-grip/good/Fotos 18-11-2020_DJI_0109_vari_grip_546,PromptIR,LPIPS,0.20100355786936625
vari-grip/good/Fotos 18-11-2020_DJI_0137_vari_grip_541,PromptIR,LPIPS,0.2296329028904438
vari-grip/good/Fotos 18-11-2020_DJI_0246_vari_grip_528,PromptIR,LPIPS,0.12386154476553202
vari-grip/good/Fotos 19-10-2020_DJI_0045_vari_grip_4,PromptIR,LPIPS,0.16425062024167605
vari-grip/good/Fotos 19-10-2020_DJI_0046_vari_grip_6,PromptIR,LPIPS,0.13935440592467785
vari-grip/good/Fotos 19-10-2020_DJI_0046_vari_grip_7,PromptIR,LPIPS,0.16062830601419723
vari-grip/good/Fotos 19-10-2020_DJI_0083_vari_grip_15,PromptIR,LPIPS,0.1756774357386998
vari-grip/good/Fotos 19-10-2020_DJI_0084_vari_grip_16,PromptIR,LPIPS,0.22470906589712417
vari-grip/good/Fotos 19-11-2020_DJI_0119_vari_grip_578,PromptIR,LPIPS,0.12244635793779578
vari-grip/good/Fotos 19-11-2020_DJI_0199_vari_grip_562,PromptIR,LPIPS,0.17167270183563232
vari-grip/good/Fotos 19-11-2020_DJI_0236_vari_grip_561,PromptIR,LPIPS,0.17080280956413066
vari-grip/good/Fotos 20-10-2020_DJI_0201_vari_grip_613,PromptIR,LPIPS,0.06534880160221032
vari-grip/good/Fotos 20-10-2020_DJI_0205_vari_grip_620,PromptIR,LPIPS,0.10097911741052355
vari-grip/good/Fotos 20-10-2020_DJI_0211_vari_grip_633,PromptIR,LPIPS,0.19604212577853883
vari-grip/good/Fotos 20-10-2020_DJI_0238_vari_grip_641,PromptIR,LPIPS,0.16633315597261703
vari-grip/good/Fotos 20-10-2020_DJI_0243_vari_grip_648,PromptIR,LPIPS,0.13982961912240302
vari-grip/good/Fotos 20-10-2020_DJI_0244_vari_grip_651,PromptIR,LPIPS,0.1626979559659958
vari-grip/good/Fotos 20-10-2020_DJI_0245_vari_grip_653,PromptIR,LPIPS,0.18497495087129728
vari-grip/good/Fotos 20-10-2020_DJI_0255_vari_grip_658,PromptIR,LPIPS,0.12355725999389376
vari-grip/good/Fotos 20-10-2020_DJI_0255_vari_grip_659,PromptIR,LPIPS,0.12005370216710227
vari-grip/good/Fotos 20-10-2020_DJI_0256_vari_grip_660,PromptIR,LPIPS,0.14336808824113437
vari-grip/good/Fotos 20-10-2020_DJI_0265_vari_grip_586,PromptIR,LPIPS,0.21779409795999527
vari-grip/good/Fotos 20-10-2020_DJI_0268_vari_grip_589,PromptIR,LPIPS,0.15616291548524583
vari-grip/good/Fotos 20-10-2020_DJI_0282_vari_grip_590,PromptIR,LPIPS,0.19769053799765451
vari-grip/good/Fotos 20-11-2020_DJI_0144_vari_grip_697,PromptIR,LPIPS,0.2605395902480398
vari-grip/good/Fotos 20-11-2020_DJI_0171_vari_grip_687,PromptIR,LPIPS,0.17402844450303487
vari-grip/good/Fotos 20-11-2020_DJI_0172_vari_grip_689,PromptIR,LPIPS,0.16115079926592962
vari-grip/good/Fotos 20-11-2020_DJI_0275_vari_grip_672,PromptIR,LPIPS,0.0929932753954615
vari-grip/good/Fotos 22-10-2020_DJI_0858_vari_grip_718,PromptIR,LPIPS,0.14821885845490865
vari-grip/good/Fotos 22-10-2020_DJI_0864_vari_grip_724,PromptIR,LPIPS,0.1372447716338294
vari-grip/good/Fotos 22-10-2020_DJI_0864_vari_grip_725,PromptIR,LPIPS,0.19914649852684566
vari-grip/good/Fotos 22-10-2020_DJI_0880_vari_grip_734,PromptIR,LPIPS,0.17596920047487533
vari-grip/good/Fotos 23-11-2020_DJI_0143_vari_grip_783,PromptIR,LPIPS,0.14045826664992742
vari-grip/good/Fotos 23-11-2020_DJI_0177_vari_grip_782,PromptIR,LPIPS,0.10924643597432546
vari-grip/good/Fotos 23-11-2020_DJI_0209_vari_grip_777,PromptIR,LPIPS,0.16144001803227834
vari-grip/good/Fotos 24-11-2020_DJI_0101_vari_grip_837,PromptIR,LPIPS,0.1722934671810695
vari-grip/good/Fotos 24-11-2020_DJI_0243_vari_grip_827,PromptIR,LPIPS,0.16824139175670488
vari-grip/good/Fotos 24-11-2020_DJI_0244_vari_grip_830,PromptIR,LPIPS,0.2608201847012554
vari-grip/good/Fotos 25-11-2020_DJI_0208_vari_grip_862,PromptIR,LPIPS,0.0917978800301041
vari-grip/good/Fotos 26-11-2020_DJI_0213_vari_grip_904,PromptIR,LPIPS,0.20160543812172754
vari-grip/good/Fotos 26-11-2020_DJI_0213_vari_grip_905,PromptIR,LPIPS,0.18500900960394315
vari-grip/good/Fotos 27-11-2020_DJI_0421_vari_grip_934,PromptIR,LPIPS,0.21255958186728613
vari-grip/good/Fotos 27-11-2020_DJI_0421_vari_grip_935,PromptIR,LPIPS,0.1838465684226581
vari-grip/good/Fotos 27-11-2020_DJI_0422_vari_grip_937,PromptIR,LPIPS,0.1768417895904609
vari-grip/good/Fotos 30-11-2020_DJI_0033_vari_grip_1007,PromptIR,LPIPS,0.0856497058910983
vari-grip/good/Fotos 30-11-2020_DJI_0193_vari_grip_996,PromptIR,LPIPS,0.16356003231235913
vari-grip/good/Fotos 30-11-2020_DJI_0437_vari_grip_975,PromptIR,LPIPS,0.09824023794914995
vari-grip/good/Fotos 30-11-2020_DJI_0438_vari_grip_976,PromptIR,LPIPS,0.12335939545716558
vari-grip/good/Fotos 30-11-2020_DJI_0501_vari_grip_969,PromptIR,LPIPS,0.10501840684030737
vari-grip/good/Fotos 30-11-2020_DJI_0561_vari_grip_964,PromptIR,LPIPS,0.13797242141195706
vari-grip/rust/01-06-2021_DJI_0030_6_0,PromptIR,LPIPS,0.12346883464072432
vari-grip/rust/01-06-2021_DJI_0030_6_7,PromptIR,LPIPS,0.176446795463562
vari-grip/rust/01-06-2021_DJI_0146_39_2,PromptIR,LPIPS,0.16527167122278894
vari-grip/rust/01-06-2021_DJI_0146_39_6,PromptIR,LPIPS,0.13888241137777055
vari-grip/rust/01-06-2021_DJI_0146_40_0,PromptIR,LPIPS,0.06190487077193601
vari-grip/rust/01-06-2021_DJI_0162_46_6,PromptIR,LPIPS,0.1256252277110304
vari-grip/rust/02-06-2021_DJI_0359_261_8,PromptIR,LPIPS,0.16977117636374064
vari-grip/rust/08-06-2021_DJI_0385_421_2,PromptIR,LPIPS,0.11926530674099922
vari-grip/rust/08-06-2021_DJI_0385_421_4,PromptIR,LPIPS,0.12079188121216637
vari-grip/rust/08-06-2021_DJI_0385_421_6,PromptIR,LPIPS,0.09094641570534025
vari-grip/rust/08-06-2021_DJI_0385_422,PromptIR,LPIPS,0.15791682686124528
vari-grip/rust/08-06-2021_DJI_0385_422_0,PromptIR,LPIPS,0.15164534002542496
vari-grip/rust/08-06-2021_DJI_0385_422_5,PromptIR,LPIPS,0.14298358293516295
vari-grip/rust/09-06-2021_DJI_0466_568,PromptIR,LPIPS,0.11601701857788223
vari-grip/rust/09-06-2021_DJI_0466_568_6,PromptIR,LPIPS,0.11978398103799139
vari-grip/rust/09-06-2021_DJI_0467_570_2,PromptIR,LPIPS,0.12556811634983336
vari-grip/rust/09-06-2021_DJI_0467_570_4,PromptIR,LPIPS,0.1470993310213089
vari-grip/rust/10-06-2021_DJI_0018_611,PromptIR,LPIPS,0.1459784373374922
vari-grip/rust/10-06-2021_DJI_0018_611_1,PromptIR,LPIPS,0.17670525637056148
vari-grip/rust/10-06-2021_DJI_0018_611_7,PromptIR,LPIPS,0.11300475336611271
vari-grip/rust/10-06-2021_DJI_0019_613_5,PromptIR,LPIPS,0.1792018280497619
vari-grip/rust/11-06-2021_DJI_0479_11_6,PromptIR,LPIPS,0.13814383425882884
vari-grip/rust/11-06-2021_DJI_0479_11_7,PromptIR,LPIPS,0.1939341580229146
vari-grip/rust/11-06-2021_DJI_0479_11_8,PromptIR,LPIPS,0.1944259155009474
vari-grip/rust/15-06-2021_DJI_0118_741,PromptIR,LPIPS,0.09728633718831199
vari-grip/rust/Fotos 23-10-2020_DJI_0029_vari_grip_745_7,PromptIR,LPIPS,0.2746315651706287
vari-grip/rust/Fotos 23-10-2020_DJI_0031_vari_grip_748_0,PromptIR,LPIPS,0.2560671291181019
vari-grip/rust/Fotos 23-10-2020_DJI_0031_vari_grip_748_7,PromptIR,LPIPS,0.24869613030127116
vari-grip/rust/Fotos 23-10-2020_DJI_0032_vari_grip_750,PromptIR,LPIPS,0.20171681897980825
vari-grip/rust/Fotos 23-10-2020_DJI_0032_vari_grip_750_3,PromptIR,LPIPS,0.2265051653874772
vari-grip/rust/Fotos 23-10-2020_DJI_0034_vari_grip_751_0,PromptIR,LPIPS,0.1541596938456808
vari-grip/rust/Fotos 23-10-2020_DJI_0034_vari_grip_752,PromptIR,LPIPS,0.17638469327773368
vari-grip/rust/Fotos 23-10-2020_DJI_0034_vari_grip_752_7,PromptIR,LPIPS,0.17211752624383994
vari-grip/rust/Fotos 23-10-2020_DJI_0035_vari_grip_753_4,PromptIR,LPIPS,0.16112747256244933
vari-grip/rust/Fotos 23-10-2020_DJI_0035_vari_grip_753_5,PromptIR,LPIPS,0.18640869110822678
vari-grip/rust/Fotos 23-10-2020_DJI_0038_vari_grip_756_1,PromptIR,LPIPS,0.17767711569155967
vari-grip/rust/Fotos 23-10-2020_DJI_0038_vari_grip_756_4,PromptIR,LPIPS,0.12779499483960016
vari-grip/rust/Fotos 23-10-2020_DJI_0041_vari_grip_757,PromptIR,LPIPS,0.17376843094825745
vari-grip/rust/Fotos 23-10-2020_DJI_0043_vari_grip_759,PromptIR,LPIPS,0.19747080015284674
vari-grip/rust/Fotos 23-10-2020_DJI_0043_vari_grip_760_5,PromptIR,LPIPS,0.1334270015358925
vari-grip/rust/Fotos 23-10-2020_DJI_0043_vari_grip_760_8,PromptIR,LPIPS,0.23118474440915243
vari-grip/rust/Fotos 23-10-2020_DJI_0047_vari_grip_763_6,PromptIR,LPIPS,0.11603587280426707
vari-grip/rust/Fotos 23-10-2020_DJI_0047_vari_grip_764_0,PromptIR,LPIPS,0.2029422244855336
vari-grip/rust/Fotos 23-10-2020_DJI_0047_vari_grip_764_1,PromptIR,LPIPS,0.2225252129137516
vari-grip/rust/Fotos 23-10-2020_DJI_0047_vari_grip_764_3,PromptIR,LPIPS,0.23956045135855675
vari-grip/rust/Fotos 23-10-2020_DJI_0047_vari_grip_764_5,PromptIR,LPIPS,0.1693016349204949
vari-grip/rust/Fotos 23-10-2020_DJI_0048_vari_grip_765,PromptIR,LPIPS,0.17823709228209086
vari-grip/rust/Fotos 23-10-2020_DJI_0065_vari_grip_736,PromptIR,LPIPS,0.1053224615752697
vari-grip/rust/Fotos 23-10-2020_DJI_0065_vari_grip_736_0,PromptIR,LPIPS,0.2769665505204882
vari-grip/rust/Fotos 23-10-2020_DJI_0065_vari_grip_736_5,PromptIR,LPIPS,0.16402651316353253
vari-grip/rust/Fotos 23-10-2020_DJI_0072_vari_grip_737_3,PromptIR,LPIPS,0.19482814414160593
vari-grip/rust/Fotos 23-10-2020_DJI_0072_vari_grip_737_4,PromptIR,LPIPS,0.14702919870615005
vari-grip/rust/Fotos 23-10-2020_DJI_0072_vari_grip_737_6,PromptIR,LPIPS,0.1569850698911718
vari-grip/rust/Fotos 23-10-2020_DJI_0072_vari_grip_737_8,PromptIR,LPIPS,0.18950501989041055
vari-grip/rust/Fotos 23-10-2020_DJI_0073_vari_grip_738_1,PromptIR,LPIPS,0.16941068401294096
vari-grip/rust/Fotos 23-10-2020_DJI_0073_vari_grip_738_2,PromptIR,LPIPS,0.11612672358751297
vari-grip/rust/Fotos 23-10-2020_DJI_0074_vari_grip_739_0,PromptIR,LPIPS,0.0872248403195824
vari-grip/rust/Fotos 23-10-2020_DJI_0074_vari_grip_739_3,PromptIR,LPIPS,0.12741716312510626
vari-grip/rust/Fotos 23-10-2020_DJI_0113_vari_grip_743_4,PromptIR,LPIPS,0.2094397395849228
vari-grip/rust/Fotos 23-10-2020_DJI_0114_vari_grip_744_1,PromptIR,LPIPS,0.18998858971255167
vari-grip/rust/Fotos 23-10-2020_DJI_0114_vari_grip_744_7,PromptIR,LPIPS,0.2549788983804839
vari-grip/rust/Fotos 23-10-2020_DJI_0114_vari_grip_744_8,PromptIR,LPIPS,0.135385022099529
vari-grip/bird-nest/08-06-2021_DJI_0089_322,PromptIR,Top1,0.8571428571428571
vari-grip/bird-nest/08-06-2021_DJI_0089_322_3,PromptIR,Top1,0.7142857142857143
vari-grip/bird-nest/08-06-2021_DJI_0285_392,PromptIR,Top1,0.8571428571428571
vari-grip/bird-nest/10-06-2021_DJI_0244_649_2,PromptIR,Top1,0.42857142857142855
vari-grip/bird-nest/10-06-2021_DJI_0270_657_5,PromptIR,Top1,0.5714285714285714
vari-grip/bird-nest/10-06-2021_DJI_0270_657_7,PromptIR,Top1,0.5714285714285714
vari-grip/bird-nest/10-06-2021_DJI_0271_658_1,PromptIR,Top1,0.7142857142857143
vari-grip/bird-nest/10-06-2021_DJI_0271_658_2,PromptIR,Top1,0.14285714285714285
vari-grip/bird-nest/10-06-2021_DJI_0271_658_6,PromptIR,Top1,0.5714285714285714
vari-grip/bird-nest/10-06-2021_DJI_0271_658_8,PromptIR,Top1,0.14285714285714285
vari-grip/bird-nest/11-06-2021_DJI_0121_4_1,PromptIR,Top1,0.42857142857142855
vari-grip/bird-nest/11-06-2021_DJI_0121_4_4,PromptIR,Top1,0.14285714285714285
vari-grip/bird-nest/11-06-2021_DJI_0121_4_5,PromptIR,Top1,0.2857142857142857
vari-grip/bird-nest/11-06-2021_DJI_0132_6_0,PromptIR,Top1,0.7142857142857143
vari-grip/bird-nest/11-06-2021_DJI_0132_6_6,PromptIR,Top1,0.8571428571428571
vari-grip/bird-nest/15-06-2021_DJI_0044_726,PromptIR,Top1,1.0
vari-grip/bird-nest/15-06-2021_DJI_0044_726_6,PromptIR,Top1,0.2857142857142857
vari-grip/bird-nest/Fotos 02-12-2020_DJI_0492_vari_grip_56_4,PromptIR,Top1,0.2857142857142857
vari-grip/bird-nest/Fotos 02-12-2020_DJI_0492_vari_grip_57_0,PromptIR,Top1,0.5714285714285714
vari-grip/bird-nest/Fotos 02-12-2020_DJI_0492_vari_grip_57_4,PromptIR,Top1,0.42857142857142855
vari-grip/bird-nest/Fotos 17-11-2020_DJI_0289_vari_grip_478,PromptIR,Top1,0.7142857142857143
vari-grip/bird-nest/Fotos 17-11-2020_DJI_0303_vari_grip_479_0,PromptIR,Top1,0.8571428571428571
vari-grip/bird-nest/Fotos 17-11-2020_DJI_0304_vari_grip_480,PromptIR,Top1,0.5714285714285714
vari-grip/bird-nest/Fotos 18-11-2020_DJI_0209_vari_grip_530_0,PromptIR,Top1,0.5714285714285714
vari-grip/bird-nest/Fotos 18-11-2020_DJI_0209_vari_grip_530_3,PromptIR,Top1,0.8571428571428571
vari-grip/bird-nest/Fotos 19-11-2020_DJI_0140_vari_grip_571_3,PromptIR,Top1,0.5714285714285714
vari-grip/bird-nest/Fotos 19-11-2020_DJI_0140_vari_grip_571_7,PromptIR,Top1,0.5714285714285714
vari-grip/bird-nest/Fotos 19-11-2020_DJI_0149_vari_grip_573_0,PromptIR,Top1,0.0
vari-grip/bird-nest/Fotos 19-11-2020_DJI_0149_vari_grip_573_4,PromptIR,Top1,0.42857142857142855
vari-grip/bird-nest/Fotos 19-11-2020_DJI_0149_vari_grip_573_6,PromptIR,Top1,0.42857142857142855
vari-grip/bird-nest/Fotos 19-11-2020_DJI_0150_vari_grip_574_0,PromptIR,Top1,0.7142857142857143
vari-grip/bird-nest/Fotos 19-11-2020_DJI_0150_vari_grip_575_1,PromptIR,Top1,0.2857142857142857
vari-grip/bird-nest/Fotos 19-11-2020_DJI_0150_vari_grip_575_2,PromptIR,Top1,0.7142857142857143
vari-grip/bird-nest/Fotos 19-11-2020_DJI_0151_vari_grip_577_2,PromptIR,Top1,0.8571428571428571
vari-grip/bird-nest/Fotos 19-11-2020_DJI_0151_vari_grip_577_3,PromptIR,Top1,0.7142857142857143
vari-grip/bird-nest/Fotos 19-11-2020_DJI_0151_vari_grip_577_4,PromptIR,Top1,0.2857142857142857
vari-grip/bird-nest/Fotos 20-11-2020_DJI_0210_vari_grip_683_2,PromptIR,Top1,0.5714285714285714
vari-grip/bird-nest/Fotos 20-11-2020_DJI_0210_vari_grip_683_7,PromptIR,Top1,0.7142857142857143
vari-grip/bird-nest/Fotos 23-11-2020_DJI_0279_vari_grip_768_0,PromptIR,Top1,0.8571428571428571
vari-grip/bird-nest/Fotos 23-11-2020_DJI_0279_vari_grip_768_2,PromptIR,Top1,0.2857142857142857
vari-grip/bird-nest/Fotos 25-11-2020_DJI_0207_vari_grip_861_0,PromptIR,Top1,0.8571428571428571
vari-grip/bird-nest/Fotos 25-11-2020_DJI_0207_vari_grip_861_6,PromptIR,Top1,0.8571428571428571
vari-grip/bird-nest/Fotos 25-11-2020_DJI_0563_vari_grip_841_0,PromptIR,Top1,0.2857142857142857
vari-grip/bird-nest/Fotos 25-11-2020_DJI_0563_vari_grip_841_2,PromptIR,Top1,0.8571428571428571
vari-grip/bird-nest/Fotos 25-11-2020_DJI_0563_vari_grip_841_4,PromptIR,Top1,0.5714285714285714
vari-grip/bird-nest/Fotos 25-11-2020_DJI_0563_vari_grip_841_7,PromptIR,Top1,0.42857142857142855
vari-grip/bird-nest/Fotos 25-11-2020_DJI_0564_vari_grip_843,PromptIR,Top1,0.0
vari-grip/bird-nest/Fotos 25-11-2020_DJI_0564_vari_grip_843_1,PromptIR,Top1,0.42857142857142855
vari-grip/bird-nest/Fotos 25-11-2020_DJI_0564_vari_grip_843_2,PromptIR,Top1,0.2857142857142857
vari-grip/bird-nest/Fotos 25-11-2020_DJI_0564_vari_grip_844,PromptIR,Top1,0.42857142857142855
vari-grip/bird-nest/Fotos 25-11-2020_DJI_0564_vari_grip_844_4,PromptIR,Top1,0.42857142857142855
vari-grip/bird-nest/Fotos 25-11-2020_DJI_0564_vari_grip_844_7,PromptIR,Top1,0.8571428571428571
vari-grip/bird-nest/Fotos 25-11-2020_DJI_0564_vari_grip_844_8,PromptIR,Top1,0.5714285714285714
vari-grip/bird-nest/Fotos 25-11-2020_DJI_0586_vari_grip_845,PromptIR,Top1,1.0
vari-grip/bird-nest/Fotos 25-11-2020_DJI_0586_vari_grip_845_2,PromptIR,Top1,0.42857142857142855
vari-grip/bird-nest/Fotos 25-11-2020_DJI_0586_vari_grip_845_7,PromptIR,Top1,0.5714285714285714
vari-grip/bird-nest/Fotos 25-11-2020_DJI_0586_vari_grip_845_8,PromptIR,Top1,1.0
vari-grip/bird-nest/Fotos 25-11-2020_DJI_0586_vari_grip_846,PromptIR,Top1,0.42857142857142855
vari-grip/bird-nest/Fotos 25-11-2020_DJI_0586_vari_grip_846_3,PromptIR,Top1,0.2857142857142857
vari-grip/bird-nest/Fotos 25-11-2020_DJI_0586_vari_grip_846_4,PromptIR,Top1,0.7142857142857143
vari-grip/bird-nest/Fotos 25-11-2020_DJI_0588_vari_grip_847_1,PromptIR,Top1,0.7142857142857143
vari-grip/bird-nest/Fotos 25-11-2020_DJI_0588_vari_grip_847_8,PromptIR,Top1,0.42857142857142855
vari-grip/bird-nest/Fotos 26-11-2020_DJI_0214_vari_grip_906_1,PromptIR,Top1,0.2857142857142857
vari-grip/bird-nest/Fotos 26-11-2020_DJI_0214_vari_grip_907,PromptIR,Top1,0.42857142857142855
vari-grip/bird-nest/Fotos 26-11-2020_DJI_0215_vari_grip_908_3,PromptIR,Top1,0.5714285714285714
vari-grip/bird-nest/Fotos 26-11-2020_DJI_0262_vari_grip_910,PromptIR,Top1,0.5714285714285714
vari-grip/bird-nest/Fotos 26-11-2020_DJI_0262_vari_grip_911,PromptIR,Top1,0.42857142857142855
vari-grip/bird-nest/Fotos 27-11-2020_DJI_0491_vari_grip_933_1,PromptIR,Top1,0.2857142857142857
vari-grip/bird-nest/Fotos 27-11-2020_DJI_0491_vari_grip_933_4,PromptIR,Top1,0.7142857142857143
vari-grip/bird-nest/Fotos 27-11-2020_DJI_0491_vari_grip_933_8,PromptIR,Top1,0.7142857142857143
vari-grip/bird-nest/Fotos 27-11-2020_DJI_0566_vari_grip_924_6,PromptIR,Top1,0.42857142857142855
vari-grip/bird-nest/Fotos 27-11-2020_DJI_0566_vari_grip_925,PromptIR,Top1,0.7142857142857143
vari-grip/bird-nest/Fotos 27-11-2020_DJI_0566_vari_grip_925_2,PromptIR,Top1,0.2857142857142857
vari-grip/bird-nest/Fotos 27-11-2020_DJI_0566_vari_grip_925_3,PromptIR,Top1,0.0
vari-grip/bird-nest/Fotos 27-11-2020_DJI_0566_vari_grip_925_6,PromptIR,Top1,0.5714285714285714
vari-grip/good/Fotos 01-12-2020_DJI_0079_vari_grip_51,PromptIR,Top1,1.0
vari-grip/good/Fotos 01-12-2020_DJI_0140_vari_grip_47,PromptIR,Top1,0.5714285714285714
vari-grip/good/Fotos 01-12-2020_DJI_0199_vari_grip_41,PromptIR,Top1,0.5714285714285714
vari-grip/good/Fotos 01-12-2020_DJI_0342_vari_grip_32,PromptIR,Top1,0.5714285714285714
vari-grip/good/Fotos 01-12-2020_DJI_0402_vari_grip_29,PromptIR,Top1,0.8571428571428571
vari-grip/good/Fotos 01-12-2020_DJI_0457_vari_grip_24,PromptIR,Top1,0.5714285714285714
vari-grip/good/Fotos 01-12-2020_DJI_0457_vari_grip_25,PromptIR,Top1,0.7142857142857143
vari-grip/good/Fotos 02-12-2020_DJI_0020_vari_grip_94,PromptIR,Top1,0.7142857142857143
vari-grip/good/Fotos 02-12-2020_DJI_0132_vari_grip_88,PromptIR,Top1,1.0
vari-grip/good/Fotos 02-12-2020_DJI_0194_vari_grip_84,PromptIR,Top1,1.0
vari-grip/good/Fotos 02-12-2020_DJI_0367_vari_grip_65,PromptIR,Top1,0.7142857142857143
vari-grip/good/Fotos 02-12-2020_DJI_0368_vari_grip_67,PromptIR,Top1,0.7142857142857143
vari-grip/good/Fotos 02-12-2020_DJI_0374_vari_grip_71,PromptIR,Top1,0.5714285714285714
vari-grip/good/Fotos 02-12-2020_DJI_0427_vari_grip_61,PromptIR,Top1,0.8571428571428571
vari-grip/good/Fotos 03-12-2020_DJI_0149_vari_grip_126,PromptIR,Top1,1.0
vari-grip/good/Fotos 03-12-2020_DJI_0150_vari_grip_128,PromptIR,Top1,0.5714285714285714
vari-grip/good/Fotos 03-12-2020_DJI_0457_vari_grip_110,PromptIR,Top1,0.8571428571428571
vari-grip/good/Fotos 03-12-2020_DJI_0561_vari_grip_100,PromptIR,Top1,0.8571428571428571
vari-grip/good/Fotos 04-12-2020_DJI_0762_vari_grip_164,PromptIR,Top1,1.0
vari-grip/good/Fotos 04-12-2020_DJI_0806_vari_grip_160,PromptIR,Top1,0.8571428571428571
vari-grip/good/Fotos 04-12-2020_DJI_0902_vari_grip_149,PromptIR,Top1,0.8571428571428571
vari-grip/good/Fotos 04-12-2020_DJI_0950_vari_grip_142,PromptIR,Top1,0.2857142857142857
vari-grip/good/Fotos 04-12-2020_DJI_0951_vari_grip_145,PromptIR,Top1,0.42857142857142855
vari-grip/good/Fotos 04-12-2020_DJI_0954_vari_grip_146,PromptIR,Top1,0.42857142857142855
vari-grip/good/Fotos 04-12-2020_DJI_1000 (2)_vari_grip_141,PromptIR,Top1,0.5714285714285714
vari-grip/good/Fotos 07-12-2020_DJI_0059_vari_grip_192,PromptIR,Top1,1.0
vari-grip/good/Fotos 07-12-2020_DJI_0140_vari_grip_183,PromptIR,Top1,0.42857142857142855
vari-grip/good/Fotos 07-12-2020_DJI_0141_vari_grip_185,PromptIR,Top1,0.8571428571428571
vari-grip/good/Fotos 07-12-2020_DJI_0155_vari_grip_186,PromptIR,Top1,0.7142857142857143
vari-grip/good/Fotos 07-12-2020_DJI_0187_vari_grip_179,PromptIR,Top1,0.7142857142857143
vari-grip/good/Fotos 08-12-2020_DJI_0452_vari_grip_225,PromptIR,Top1,1.0
vari-grip/good/Fotos 08-12-2020_DJI_0455_vari_grip_229,PromptIR,Top1,0.2857142857142857
vari-grip/good/Fotos 08-12-2020_DJI_0538_vari_grip_218,PromptIR,Top1,0.2857142857142857
vari-grip/good/Fotos 08-12-2020_DJI_0613_vari_grip_208,PromptIR,Top1,0.7142857142857143
vari-grip/good/Fotos 08-12-2020_DJI_0652_vari_grip_204,PromptIR,Top1,0.8571428571428571
vari-grip/good/Fotos 09-12-2020_DJI_0017_vari_grip_269,PromptIR,Top1,0.7142857142857143
vari-grip/good/Fotos 09-12-2020_DJI_0018_vari_grip_271,PromptIR,Top1,0.8571428571428571
vari-grip/good/Fotos 09-12-2020_DJI_0056_vari_grip_263,PromptIR,Top1,1.0
vari-grip/good/Fotos 09-12-2020_DJI_0102_vari_grip_261,PromptIR,Top1,0.8571428571428571
vari-grip/good/Fotos 09-12-2020_DJI_0143_vari_grip_249,PromptIR,Top1,1.0
vari-grip/good/Fotos 09-12-2020_DJI_0144_vari_grip_252,PromptIR,Top1,1.0
vari-grip/good/Fotos 09-12-2020_DJI_0310_vari_grip_238,PromptIR,Top1,0.8571428571428571
vari-grip/good/Fotos 09-12-2020_DJI_0348_vari_grip_233,PromptIR,Top1,0.7142857142857143
vari-grip/good/Fotos 10-12-2020_DJI_0020_vari_grip_327,PromptIR,Top1,0.5714285714285714
vari-grip/good/Fotos 10-12-2020_DJI_0024_vari_grip_332,PromptIR,Top1,0.42857142857142855
vari-grip/good/Fotos 10-12-2020_DJI_0101_vari_grip_312,PromptIR,Top1,0.8571428571428571
vari-grip/good/Fotos 10-12-2020_DJI_0140_vari_grip_300,PromptIR,Top1,1.0
vari-grip/good/Fotos 10-12-2020_DJI_0182_vari_grip_295,PromptIR,Top1,0.8571428571428571
vari-grip/good/Fotos 10-12-2020_DJI_0182_vari_grip_296,PromptIR,Top1,1.0
vari-grip/good/Fotos 10-12-2020_DJI_0184_vari_grip_299,PromptIR,Top1,0.8571428571428571
vari-grip/good/Fotos 10-12-2020_DJI_0258_vari_grip_282,PromptIR,Top1,1.0
vari-grip/good/Fotos 10-12-2020_DJI_0259_vari_grip_283,PromptIR,Top1,0.8571428571428571
vari-grip/good/Fotos 10-12-2020_DJI_0262_vari_grip_285,PromptIR,Top1,0.8571428571428571
vari-grip/good/Fotos 11-12-2020_DJI_0055_vari_grip_379,PromptIR,Top1,0.7142857142857143
vari-grip/good/Fotos 11-12-2020_DJI_0290_vari_grip_346,PromptIR,Top1,0.7142857142857143
vari-grip/good/Fotos 14-12-2020_DJI_0433_vari_grip_399,PromptIR,Top1,0.42857142857142855
vari-grip/good/Fotos 14-12-2020_DJI_0624_vari_grip_392,PromptIR,Top1,0.8571428571428571
vari-grip/good/Fotos 16-11-2020_DJI_0110_vari_grip_439,PromptIR,Top1,0.5714285714285714
vari-grip/good/Fotos 16-11-2020_DJI_0153_vari_grip_434,PromptIR,Top1,0.8571428571428571
vari-grip/good/Fotos 16-11-2020_DJI_0157_vari_grip_438,PromptIR,Top1,0.5714285714285714
vari-grip/good/Fotos 16-12-2020_DJI_0034_vari_grip_475,PromptIR,Top1,0.7142857142857143
vari-grip/good/Fotos 16-12-2020_DJI_0188_vari_grip_464,PromptIR,Top1,1.0
vari-grip/good/Fotos 16-12-2020_DJI_0404_vari_grip_450,PromptIR,Top1,0.2857142857142857
vari-grip/good/Fotos 17-11-2020_DJI_0106_vari_grip_493,PromptIR,Top1,0.42857142857142855
vari-grip/good/Fotos 17-11-2020_DJI_0120_vari_grip_496,PromptIR,Top1,0.7142857142857143
vari-grip/good/Fotos 17-11-2020_DJI_0121_vari_grip_497,PromptIR,Top1,0.8571428571428571
vari-grip/good/Fotos 17-11-2020_DJI_0206_vari_grip_491,PromptIR,Top1,0.5714285714285714
vari-grip/good/Fotos 17-12-2020_DJI_0168_vari_grip_514,PromptIR,Top1,0.8571428571428571
vari-grip/good/Fotos 18-11-2020_DJI_0070_vari_grip_548,PromptIR,Top1,0.8571428571428571
vari-grip/good/Fotos 18-11-2020_DJI_0109_vari_grip_546,PromptIR,Top1,0.7142857142857143
vari-grip/good/Fotos 18-11-2020_DJI_0137_vari_grip_541,PromptIR,Top1,0.8571428571428571
vari-grip/good/Fotos 18-11-2020_DJI_0246_vari_grip_528,PromptIR,Top1,0.7142857142857143
vari-grip/good/Fotos 19-10-2020_DJI_0045_vari_grip_4,PromptIR,Top1,0.7142857142857143
vari-grip/good/Fotos 19-10-2020_DJI_0046_vari_grip_6,PromptIR,Top1,0.7142857142857143
vari-grip/good/Fotos 19-10-2020_DJI_0046_vari_grip_7,PromptIR,Top1,0.8571428571428571
vari-grip/good/Fotos 19-10-2020_DJI_0083_vari_grip_15,PromptIR,Top1,0.42857142857142855
vari-grip/good/Fotos 19-10-2020_DJI_0084_vari_grip_16,PromptIR,Top1,0.7142857142857143
vari-grip/good/Fotos 19-11-2020_DJI_0119_vari_grip_578,PromptIR,Top1,0.7142857142857143
vari-grip/good/Fotos 19-11-2020_DJI_0199_vari_grip_562,PromptIR,Top1,0.5714285714285714
vari-grip/good/Fotos 19-11-2020_DJI_0236_vari_grip_561,PromptIR,Top1,0.5714285714285714
vari-grip/good/Fotos 20-10-2020_DJI_0201_vari_grip_613,PromptIR,Top1,1.0
vari-grip/good/Fotos 20-10-2020_DJI_0205_vari_grip_620,PromptIR,Top1,0.8571428571428571
vari-grip/good/Fotos 20-10-2020_DJI_0211_vari_grip_633,PromptIR,Top1,0.5714285714285714
vari-grip/good/Fotos 20-10-2020_DJI_0238_vari_grip_641,PromptIR,Top1,0.42857142857142855
vari-grip/good/Fotos 20-10-2020_DJI_0243_vari_grip_648,PromptIR,Top1,0.8571428571428571
vari-grip/good/Fotos 20-10-2020_DJI_0244_vari_grip_651,PromptIR,Top1,0.8571428571428571
vari-grip/good/Fotos 20-10-2020_DJI_0245_vari_grip_653,PromptIR,Top1,0.2857142857142857
vari-grip/good/Fotos 20-10-2020_DJI_0255_vari_grip_658,PromptIR,Top1,0.7142857142857143
vari-grip/good/Fotos 20-10-2020_DJI_0255_vari_grip_659,PromptIR,Top1,0.7142857142857143
vari-grip/good/Fotos 20-10-2020_DJI_0256_vari_grip_660,PromptIR,Top1,0.8571428571428571
vari-grip/good/Fotos 20-10-2020_DJI_0265_vari_grip_586,PromptIR,Top1,0.8571428571428571
vari-grip/good/Fotos 20-10-2020_DJI_0268_vari_grip_589,PromptIR,Top1,0.7142857142857143
vari-grip/good/Fotos 20-10-2020_DJI_0282_vari_grip_590,PromptIR,Top1,0.14285714285714285
vari-grip/good/Fotos 20-11-2020_DJI_0144_vari_grip_697,PromptIR,Top1,0.5714285714285714
vari-grip/good/Fotos 20-11-2020_DJI_0171_vari_grip_687,PromptIR,Top1,0.42857142857142855
vari-grip/good/Fotos 20-11-2020_DJI_0172_vari_grip_689,PromptIR,Top1,0.7142857142857143
vari-grip/good/Fotos 20-11-2020_DJI_0275_vari_grip_672,PromptIR,Top1,0.8571428571428571
vari-grip/good/Fotos 22-10-2020_DJI_0858_vari_grip_718,PromptIR,Top1,0.42857142857142855
vari-grip/good/Fotos 22-10-2020_DJI_0864_vari_grip_724,PromptIR,Top1,0.8571428571428571
vari-grip/good/Fotos 22-10-2020_DJI_0864_vari_grip_725,PromptIR,Top1,0.5714285714285714
vari-grip/good/Fotos 22-10-2020_DJI_0880_vari_grip_734,PromptIR,Top1,0.7142857142857143
vari-grip/good/Fotos 23-11-2020_DJI_0143_vari_grip_783,PromptIR,Top1,0.7142857142857143
vari-grip/good/Fotos 23-11-2020_DJI_0177_vari_grip_782,PromptIR,Top1,0.7142857142857143
vari-grip/good/Fotos 23-11-2020_DJI_0209_vari_grip_777,PromptIR,Top1,0.5714285714285714
vari-grip/good/Fotos 24-11-2020_DJI_0101_vari_grip_837,PromptIR,Top1,0.5714285714285714
vari-grip/good/Fotos 24-11-2020_DJI_0243_vari_grip_827,PromptIR,Top1,0.42857142857142855
vari-grip/good/Fotos 24-11-2020_DJI_0244_vari_grip_830,PromptIR,Top1,0.42857142857142855
vari-grip/good/Fotos 25-11-2020_DJI_0208_vari_grip_862,PromptIR,Top1,0.8571428571428571
vari-grip/good/Fotos 26-11-2020_DJI_0213_vari_grip_904,PromptIR,Top1,0.5714285714285714
vari-grip/good/Fotos 26-11-2020_DJI_0213_vari_grip_905,PromptIR,Top1,0.8571428571428571
vari-grip/good/Fotos 27-11-2020_DJI_0421_vari_grip_934,PromptIR,Top1,0.42857142857142855
vari-grip/good/Fotos 27-11-2020_DJI_0421_vari_grip_935,PromptIR,Top1,0.5714285714285714
vari-grip/good/Fotos 27-11-2020_DJI_0422_vari_grip_937,PromptIR,Top1,0.42857142857142855
vari-grip/good/Fotos 30-11-2020_DJI_0033_vari_grip_1007,PromptIR,Top1,0.8571428571428571
vari-grip/good/Fotos 30-11-2020_DJI_0193_vari_grip_996,PromptIR,Top1,0.5714285714285714
vari-grip/good/Fotos 30-11-2020_DJI_0437_vari_grip_975,PromptIR,Top1,1.0
vari-grip/good/Fotos 30-11-2020_DJI_0438_vari_grip_976,PromptIR,Top1,1.0
vari-grip/good/Fotos 30-11-2020_DJI_0501_vari_grip_969,PromptIR,Top1,0.5714285714285714
vari-grip/good/Fotos 30-11-2020_DJI_0561_vari_grip_964,PromptIR,Top1,0.8571428571428571
vari-grip/rust/01-06-2021_DJI_0030_6_0,PromptIR,Top1,0.7142857142857143
vari-grip/rust/01-06-2021_DJI_0030_6_7,PromptIR,Top1,0.7142857142857143
vari-grip/rust/01-06-2021_DJI_0146_39_2,PromptIR,Top1,0.2857142857142857
vari-grip/rust/01-06-2021_DJI_0146_39_6,PromptIR,Top1,0.2857142857142857
vari-grip/rust/01-06-2021_DJI_0146_40_0,PromptIR,Top1,0.5714285714285714
vari-grip/rust/01-06-2021_DJI_0162_46_6,PromptIR,Top1,0.7142857142857143
vari-grip/rust/02-06-2021_DJI_0359_261_8,PromptIR,Top1,0.5714285714285714
vari-grip/rust/08-06-2021_DJI_0385_421_2,PromptIR,Top1,0.5714285714285714
vari-grip/rust/08-06-2021_DJI_0385_421_4,PromptIR,Top1,0.42857142857142855
vari-grip/rust/08-06-2021_DJI_0385_421_6,PromptIR,Top1,0.8571428571428571
vari-grip/rust/08-06-2021_DJI_0385_422,PromptIR,Top1,0.5714285714285714
vari-grip/rust/08-06-2021_DJI_0385_422_0,PromptIR,Top1,0.2857142857142857
vari-grip/rust/08-06-2021_DJI_0385_422_5,PromptIR,Top1,0.7142857142857143
vari-grip/rust/09-06-2021_DJI_0466_568,PromptIR,Top1,0.5714285714285714
vari-grip/rust/09-06-2021_DJI_0466_568_6,PromptIR,Top1,0.5714285714285714
vari-grip/rust/09-06-2021_DJI_0467_570_2,PromptIR,Top1,0.5714285714285714
vari-grip/rust/09-06-2021_DJI_0467_570_4,PromptIR,Top1,0.5714285714285714
vari-grip/rust/10-06-2021_DJI_0018_611,PromptIR,Top1,0.8571428571428571
vari-grip/rust/10-06-2021_DJI_0018_611_1,PromptIR,Top1,0.5714285714285714
vari-grip/rust/10-06-2021_DJI_0018_611_7,PromptIR,Top1,0.7142857142857143
vari-grip/rust/10-06-2021_DJI_0019_613_5,PromptIR,Top1,0.7142857142857143
vari-grip/rust/11-06-2021_DJI_0479_11_6,PromptIR,Top1,0.5714285714285714
vari-grip/rust/11-06-2021_DJI_0479_11_7,PromptIR,Top1,0.42857142857142855
vari-grip/rust/11-06-2021_DJI_0479_11_8,PromptIR,Top1,0.8571428571428571
vari-grip/rust/15-06-2021_DJI_0118_741,PromptIR,Top1,0.7142857142857143
vari-grip/rust/Fotos 23-10-2020_DJI_0029_vari_grip_745_7,PromptIR,Top1,1.0
vari-grip/rust/Fotos 23-10-2020_DJI_0031_vari_grip_748_0,PromptIR,Top1,0.5714285714285714
vari-grip/rust/Fotos 23-10-2020_DJI_0031_vari_grip_748_7,PromptIR,Top1,0.42857142857142855
vari-grip/rust/Fotos 23-10-2020_DJI_0032_vari_grip_750,PromptIR,Top1,0.5714285714285714
vari-grip/rust/Fotos 23-10-2020_DJI_0032_vari_grip_750_3,PromptIR,Top1,0.42857142857142855
vari-grip/rust/Fotos 23-10-2020_DJI_0034_vari_grip_751_0,PromptIR,Top1,0.7142857142857143
vari-grip/rust/Fotos 23-10-2020_DJI_0034_vari_grip_752,PromptIR,Top1,0.42857142857142855
vari-grip/rust/Fotos 23-10-2020_DJI_0034_vari_grip_752_7,PromptIR,Top1,0.42857142857142855
vari-grip/rust/Fotos 23-10-2020_DJI_0035_vari_grip_753_4,PromptIR,Top1,0.8571428571428571
vari-grip/rust/Fotos 23-10-2020_DJI_0035_vari_grip_753_5,PromptIR,Top1,0.5714285714285714
vari-grip/rust/Fotos 23-10-2020_DJI_0038_vari_grip_756_1,PromptIR,Top1,0.14285714285714285
vari-grip/rust/Fotos 23-10-2020_DJI_0038_vari_grip_756_4,PromptIR,Top1,0.5714285714285714
vari-grip/rust/Fotos 23-10-2020_DJI_0041_vari_grip_757,PromptIR,Top1,0.7142857142857143
vari-grip/rust/Fotos 23-10-2020_DJI_0043_vari_grip_759,PromptIR,Top1,0.7142857142857143
vari-grip/rust/Fotos 23-10-2020_DJI_0043_vari_grip_760_5,PromptIR,Top1,0.5714285714285714
vari-grip/rust/Fotos 23-10-2020_DJI_0043_vari_grip_760_8,PromptIR,Top1,0.5714285714285714
vari-grip/rust/Fotos 23-10-2020_DJI_0047_vari_grip_763_6,PromptIR,Top1,0.5714285714285714
vari-grip/rust/Fotos 23-10-2020_DJI_0047_vari_grip_764_0,PromptIR,Top1,0.8571428571428571
vari-grip/rust/Fotos 23-10-2020_DJI_0047_vari_grip_764_1,PromptIR,Top1,0.7142857142857143
vari-grip/rust/Fotos 23-10-2020_DJI_0047_vari_grip_764_3,PromptIR,Top1,0.5714285714285714
vari-grip/rust/Fotos 23-10-2020_DJI_0047_vari_grip_764_5,PromptIR,Top1,0.8571428571428571
vari-grip/rust/Fotos 23-10-2020_DJI_0048_vari_grip_765,PromptIR,Top1,0.42857142857142855
vari-grip/rust/Fotos 23-10-2020_DJI_0065_vari_grip_736,PromptIR,Top1,0.7142857142857143
vari-grip/rust/Fotos 23-10-2020_DJI_0065_vari_grip_736_0,PromptIR,Top1,0.42857142857142855
vari-grip/rust/Fotos 23-10-2020_DJI_0065_vari_grip_736_5,PromptIR,Top1,0.0
vari-grip/rust/Fotos 23-10-2020_DJI_0072_vari_grip_737_3,PromptIR,Top1,0.42857142857142855
vari-grip/rust/Fotos 23-10-2020_DJI_0072_vari_grip_737_4,PromptIR,Top1,0.7142857142857143
vari-grip/rust/Fotos 23-10-2020_DJI_0072_vari_grip_737_6,PromptIR,Top1,0.7142857142857143
vari-grip/rust/Fotos 23-10-2020_DJI_0072_vari_grip_737_8,PromptIR,Top1,0.7142857142857143
vari-grip/rust/Fotos 23-10-2020_DJI_0073_vari_grip_738_1,PromptIR,Top1,0.5714285714285714
vari-grip/rust/Fotos 23-10-2020_DJI_0073_vari_grip_738_2,PromptIR,Top1,0.7142857142857143
vari-grip/rust/Fotos 23-10-2020_DJI_0074_vari_grip_739_0,PromptIR,Top1,0.8571428571428571
vari-grip/rust/Fotos 23-10-2020_DJI_0074_vari_grip_739_3,PromptIR,Top1,0.7142857142857143
vari-grip/rust/Fotos 23-10-2020_DJI_0113_vari_grip_743_4,PromptIR,Top1,0.7142857142857143
vari-grip/rust/Fotos 23-10-2020_DJI_0114_vari_grip_744_1,PromptIR,Top1,0.42857142857142855
vari-grip/rust/Fotos 23-10-2020_DJI_0114_vari_grip_744_7,PromptIR,Top1,0.5714285714285714
vari-grip/rust/Fotos 23-10-2020_DJI_0114_vari_grip_744_8,PromptIR,Top1,0.14285714285714285
vari-grip/bird-nest/08-06-2021_DJI_0089_322,PromptIR,Cosine,0.984863783632006
vari-grip/bird-nest/08-06-2021_DJI_0089_322_3,PromptIR,Cosine,0.9901313441140311
vari-grip/bird-nest/08-06-2021_DJI_0285_392,PromptIR,Cosine,0.989572993346623
vari-grip/bird-nest/10-06-2021_DJI_0244_649_2,PromptIR,Cosine,0.8219821963991437
vari-grip/bird-nest/10-06-2021_DJI_0270_657_5,PromptIR,Cosine,0.9348311594554356
vari-grip/bird-nest/10-06-2021_DJI_0270_657_7,PromptIR,Cosine,0.9117160013743809
vari-grip/bird-nest/10-06-2021_DJI_0271_658_1,PromptIR,Cosine,0.9970946822847638
vari-grip/bird-nest/10-06-2021_DJI_0271_658_2,PromptIR,Cosine,0.9936247978891645
vari-grip/bird-nest/10-06-2021_DJI_0271_658_6,PromptIR,Cosine,0.9985642518315997
vari-grip/bird-nest/10-06-2021_DJI_0271_658_8,PromptIR,Cosine,0.9974532808576312
vari-grip/bird-nest/11-06-2021_DJI_0121_4_1,PromptIR,Cosine,0.9983789324760437
vari-grip/bird-nest/11-06-2021_DJI_0121_4_4,PromptIR,Cosine,0.9924410155841282
vari-grip/bird-nest/11-06-2021_DJI_0121_4_5,PromptIR,Cosine,0.9711370979036603
vari-grip/bird-nest/11-06-2021_DJI_0132_6_0,PromptIR,Cosine,0.9974452597754342
vari-grip/bird-nest/11-06-2021_DJI_0132_6_6,PromptIR,Cosine,0.9942993521690369
vari-grip/bird-nest/15-06-2021_DJI_0044_726,PromptIR,Cosine,0.9994961874825614
vari-grip/bird-nest/15-06-2021_DJI_0044_726_6,PromptIR,Cosine,0.9376125761440822
vari-grip/bird-nest/Fotos 02-12-2020_DJI_0492_vari_grip_56_4,PromptIR,Cosine,0.9972331268446786
vari-grip/bird-nest/Fotos 02-12-2020_DJI_0492_vari_grip_57_0,PromptIR,Cosine,0.9996034758431571
vari-grip/bird-nest/Fotos 02-12-2020_DJI_0492_vari_grip_57_4,PromptIR,Cosine,0.992325450692858
vari-grip/bird-nest/Fotos 17-11-2020_DJI_0289_vari_grip_478,PromptIR,Cosine,0.9985991886683873
vari-grip/bird-nest/Fotos 17-11-2020_DJI_0303_vari_grip_479_0,PromptIR,Cosine,0.9477467622075763
vari-grip/bird-nest/Fotos 17-11-2020_DJI_0304_vari_grip_480,PromptIR,Cosine,0.9816618391445705
vari-grip/bird-nest/Fotos 18-11-2020_DJI_0209_vari_grip_530_0,PromptIR,Cosine,0.9984707151140485
vari-grip/bird-nest/Fotos 18-11-2020_DJI_0209_vari_grip_530_3,PromptIR,Cosine,0.9771510703223092
vari-grip/bird-nest/Fotos 19-11-2020_DJI_0140_vari_grip_571_3,PromptIR,Cosine,0.9849063328334263
vari-grip/bird-nest/Fotos 19-11-2020_DJI_0140_vari_grip_571_7,PromptIR,Cosine,0.9863324761390686
vari-grip/bird-nest/Fotos 19-11-2020_DJI_0149_vari_grip_573_0,PromptIR,Cosine,0.9243003044809613
vari-grip/bird-nest/Fotos 19-11-2020_DJI_0149_vari_grip_573_4,PromptIR,Cosine,0.8695690546716962
vari-grip/bird-nest/Fotos 19-11-2020_DJI_0149_vari_grip_573_6,PromptIR,Cosine,0.9673328995704651
vari-grip/bird-nest/Fotos 19-11-2020_DJI_0150_vari_grip_574_0,PromptIR,Cosine,0.9899050167628697
vari-grip/bird-nest/Fotos 19-11-2020_DJI_0150_vari_grip_575_1,PromptIR,Cosine,0.9302235756601606
vari-grip/bird-nest/Fotos 19-11-2020_DJI_0150_vari_grip_575_2,PromptIR,Cosine,0.9815218363489423
vari-grip/bird-nest/Fotos 19-11-2020_DJI_0151_vari_grip_577_2,PromptIR,Cosine,0.9948468889508929
vari-grip/bird-nest/Fotos 19-11-2020_DJI_0151_vari_grip_577_3,PromptIR,Cosine,0.973345330783299
vari-grip/bird-nest/Fotos 19-11-2020_DJI_0151_vari_grip_577_4,PromptIR,Cosine,0.9880832774298531
vari-grip/bird-nest/Fotos 20-11-2020_DJI_0210_vari_grip_683_2,PromptIR,Cosine,0.7595070196049554
vari-grip/bird-nest/Fotos 20-11-2020_DJI_0210_vari_grip_683_7,PromptIR,Cosine,0.9981336508478437
vari-grip/bird-nest/Fotos 23-11-2020_DJI_0279_vari_grip_768_0,PromptIR,Cosine,0.9950425624847412
vari-grip/bird-nest/Fotos 23-11-2020_DJI_0279_vari_grip_768_2,PromptIR,Cosine,0.9839438285146441
vari-grip/bird-nest/Fotos 25-11-2020_DJI_0207_vari_grip_861_0,PromptIR,Cosine,0.9982677442686898
vari-grip/bird-nest/Fotos 25-11-2020_DJI_0207_vari_grip_861_6,PromptIR,Cosine,0.9976341298648289
vari-grip/bird-nest/Fotos 25-11-2020_DJI_0563_vari_grip_841_0,PromptIR,Cosine,0.9912830761500767
vari-grip/bird-nest/Fotos 25-11-2020_DJI_0563_vari_grip_841_2,PromptIR,Cosine,0.9986848149980817
vari-grip/bird-nest/Fotos 25-11-2020_DJI_0563_vari_grip_841_4,PromptIR,Cosine,0.9929432613509042
vari-grip/bird-nest/Fotos 25-11-2020_DJI_0563_vari_grip_841_7,PromptIR,Cosine,0.9918389064925057
vari-grip/bird-nest/Fotos 25-11-2020_DJI_0564_vari_grip_843,PromptIR,Cosine,0.9404119338308062
vari-grip/bird-nest/Fotos 25-11-2020_DJI_0564_vari_grip_843_1,PromptIR,Cosine,0.981155012335096
vari-grip/bird-nest/Fotos 25-11-2020_DJI_0564_vari_grip_843_2,PromptIR,Cosine,0.9669100897652763
vari-grip/bird-nest/Fotos 25-11-2020_DJI_0564_vari_grip_844,PromptIR,Cosine,0.985665329865047
vari-grip/bird-nest/Fotos 25-11-2020_DJI_0564_vari_grip_844_4,PromptIR,Cosine,0.933949989931924
vari-grip/bird-nest/Fotos 25-11-2020_DJI_0564_vari_grip_844_7,PromptIR,Cosine,0.9932033930506025
vari-grip/bird-nest/Fotos 25-11-2020_DJI_0564_vari_grip_844_8,PromptIR,Cosine,0.9871795347758702
vari-grip/bird-nest/Fotos 25-11-2020_DJI_0586_vari_grip_845,PromptIR,Cosine,0.9994938714163644
vari-grip/bird-nest/Fotos 25-11-2020_DJI_0586_vari_grip_845_2,PromptIR,Cosine,0.9733632802963257
vari-grip/bird-nest/Fotos 25-11-2020_DJI_0586_vari_grip_845_7,PromptIR,Cosine,0.9159129474844251
vari-grip/bird-nest/Fotos 25-11-2020_DJI_0586_vari_grip_845_8,PromptIR,Cosine,0.9984916704041618
vari-grip/bird-nest/Fotos 25-11-2020_DJI_0586_vari_grip_846,PromptIR,Cosine,0.9998367854527065
vari-grip/bird-nest/Fotos 25-11-2020_DJI_0586_vari_grip_846_3,PromptIR,Cosine,0.9839701993124825
vari-grip/bird-nest/Fotos 25-11-2020_DJI_0586_vari_grip_846_4,PromptIR,Cosine,0.999172398022243
vari-grip/bird-nest/Fotos 25-11-2020_DJI_0588_vari_grip_847_1,PromptIR,Cosine,0.9650621925081525
vari-grip/bird-nest/Fotos 25-11-2020_DJI_0588_vari_grip_847_8,PromptIR,Cosine,0.9972411223820278
vari-grip/bird-nest/Fotos 26-11-2020_DJI_0214_vari_grip_906_1,PromptIR,Cosine,0.9797737939017159
vari-grip/bird-nest/Fotos 26-11-2020_DJI_0214_vari_grip_907,PromptIR,Cosine,0.9841368113245282
vari-grip/bird-nest/Fotos 26-11-2020_DJI_0215_vari_grip_908_3,PromptIR,Cosine,0.9916312439101083
vari-grip/bird-nest/Fotos 26-11-2020_DJI_0262_vari_grip_910,PromptIR,Cosine,0.9952511021069118
vari-grip/bird-nest/Fotos 26-11-2020_DJI_0262_vari_grip_911,PromptIR,Cosine,0.9875400151525225
vari-grip/bird-nest/Fotos 27-11-2020_DJI_0491_vari_grip_933_1,PromptIR,Cosine,0.9698993989399501
vari-grip/bird-nest/Fotos 27-11-2020_DJI_0491_vari_grip_933_4,PromptIR,Cosine,0.9837020465305873
vari-grip/bird-nest/Fotos 27-11-2020_DJI_0491_vari_grip_933_8,PromptIR,Cosine,0.9907130173274449
vari-grip/bird-nest/Fotos 27-11-2020_DJI_0566_vari_grip_924_6,PromptIR,Cosine,0.9406214100973946
vari-grip/bird-nest/Fotos 27-11-2020_DJI_0566_vari_grip_925,PromptIR,Cosine,0.9719270723206657
vari-grip/bird-nest/Fotos 27-11-2020_DJI_0566_vari_grip_925_2,PromptIR,Cosine,0.8798467602048602
vari-grip/bird-nest/Fotos 27-11-2020_DJI_0566_vari_grip_925_3,PromptIR,Cosine,0.8952810508864266
vari-grip/bird-nest/Fotos 27-11-2020_DJI_0566_vari_grip_925_6,PromptIR,Cosine,0.9017523271696908
vari-grip/good/Fotos 01-12-2020_DJI_0079_vari_grip_51,PromptIR,Cosine,0.9997399364198957
vari-grip/good/Fotos 01-12-2020_DJI_0140_vari_grip_47,PromptIR,Cosine,0.9774917023522514
vari-grip/good/Fotos 01-12-2020_DJI_0199_vari_grip_41,PromptIR,Cosine,0.9995471579687936
vari-grip/good/Fotos 01-12-2020_DJI_0342_vari_grip_32,PromptIR,Cosine,0.9980422598975045
vari-grip/good/Fotos 01-12-2020_DJI_0402_vari_grip_29,PromptIR,Cosine,0.999222993850708
vari-grip/good/Fotos 01-12-2020_DJI_0457_vari_grip_24,PromptIR,Cosine,0.9923781667436872
vari-grip/good/Fotos 01-12-2020_DJI_0457_vari_grip_25,PromptIR,Cosine,0.9921636836869376
vari-grip/good/Fotos 02-12-2020_DJI_0020_vari_grip_94,PromptIR,Cosine,0.998801222869328
vari-grip/good/Fotos 02-12-2020_DJI_0132_vari_grip_88,PromptIR,Cosine,0.9999408381325858
vari-grip/good/Fotos 02-12-2020_DJI_0194_vari_grip_84,PromptIR,Cosine,0.9994443655014038
vari-grip/good/Fotos 02-12-2020_DJI_0367_vari_grip_65,PromptIR,Cosine,0.9939885309764317
vari-grip/good/Fotos 02-12-2020_DJI_0368_vari_grip_67,PromptIR,Cosine,0.9998746258871896
vari-grip/good/Fotos 02-12-2020_DJI_0374_vari_grip_71,PromptIR,Cosine,0.9585499167442322
vari-grip/good/Fotos 02-12-2020_DJI_0427_vari_grip_61,PromptIR,Cosine,0.9999287554195949
vari-grip/good/Fotos 03-12-2020_DJI_0149_vari_grip_126,PromptIR,Cosine,0.9998882838657924
vari-grip/good/Fotos 03-12-2020_DJI_0150_vari_grip_128,PromptIR,Cosine,0.9997229065213885
vari-grip/good/Fotos 03-12-2020_DJI_0457_vari_grip_110,PromptIR,Cosine,0.9514115963663373
vari-grip/good/Fotos 03-12-2020_DJI_0561_vari_grip_100,PromptIR,Cosine,0.9996651496206012
vari-grip/good/Fotos 04-12-2020_DJI_0762_vari_grip_164,PromptIR,Cosine,0.9996973531586784
vari-grip/good/Fotos 04-12-2020_DJI_0806_vari_grip_160,PromptIR,Cosine,0.9999579872403827
vari-grip/good/Fotos 04-12-2020_DJI_0902_vari_grip_149,PromptIR,Cosine,0.999843316418784
vari-grip/good/Fotos 04-12-2020_DJI_0950_vari_grip_142,PromptIR,Cosine,0.9997404984065464
vari-grip/good/Fotos 04-12-2020_DJI_0951_vari_grip_145,PromptIR,Cosine,0.9986371908869062
vari-grip/good/Fotos 04-12-2020_DJI_0954_vari_grip_146,PromptIR,Cosine,0.9774422730718341
vari-grip/good/Fotos 04-12-2020_DJI_1000 (2)_vari_grip_141,PromptIR,Cosine,0.9263166785240173
vari-grip/good/Fotos 07-12-2020_DJI_0059_vari_grip_192,PromptIR,Cosine,0.9999443973813739
vari-grip/good/Fotos 07-12-2020_DJI_0140_vari_grip_183,PromptIR,Cosine,0.9116186414446149
vari-grip/good/Fotos 07-12-2020_DJI_0141_vari_grip_185,PromptIR,Cosine,0.989643394947052
vari-grip/good/Fotos 07-12-2020_DJI_0155_vari_grip_186,PromptIR,Cosine,0.9964784809521267
vari-grip/good/Fotos 07-12-2020_DJI_0187_vari_grip_179,PromptIR,Cosine,0.9943419694900513
vari-grip/good/Fotos 08-12-2020_DJI_0452_vari_grip_225,PromptIR,Cosine,0.999227259840284
vari-grip/good/Fotos 08-12-2020_DJI_0455_vari_grip_229,PromptIR,Cosine,0.8896669830594744
vari-grip/good/Fotos 08-12-2020_DJI_0538_vari_grip_218,PromptIR,Cosine,0.9416701793670654
vari-grip/good/Fotos 08-12-2020_DJI_0613_vari_grip_208,PromptIR,Cosine,0.9995655843189785
vari-grip/good/Fotos 08-12-2020_DJI_0652_vari_grip_204,PromptIR,Cosine,0.9910652467182705
vari-grip/good/Fotos 09-12-2020_DJI_0017_vari_grip_269,PromptIR,Cosine,0.9992234281131199
vari-grip/good/Fotos 09-12-2020_DJI_0018_vari_grip_271,PromptIR,Cosine,0.9866370132991246
vari-grip/good/Fotos 09-12-2020_DJI_0056_vari_grip_263,PromptIR,Cosine,0.9997681890215192
vari-grip/good/Fotos 09-12-2020_DJI_0102_vari_grip_261,PromptIR,Cosine,0.9998238256999424
vari-grip/good/Fotos 09-12-2020_DJI_0143_vari_grip_249,PromptIR,Cosine,0.9998660257884434
vari-grip/good/Fotos 09-12-2020_DJI_0144_vari_grip_252,PromptIR,Cosine,0.9997545310429165
vari-grip/good/Fotos 09-12-2020_DJI_0310_vari_grip_238,PromptIR,Cosine,0.9987676569393703
vari-grip/good/Fotos 09-12-2020_DJI_0348_vari_grip_233,PromptIR,Cosine,0.926683247089386
vari-grip/good/Fotos 10-12-2020_DJI_0020_vari_grip_327,PromptIR,Cosine,0.9906877108982631
vari-grip/good/Fotos 10-12-2020_DJI_0024_vari_grip_332,PromptIR,Cosine,0.9589523843356541
vari-grip/good/Fotos 10-12-2020_DJI_0101_vari_grip_312,PromptIR,Cosine,0.9979206068175179
vari-grip/good/Fotos 10-12-2020_DJI_0140_vari_grip_300,PromptIR,Cosine,0.9999503067561558
vari-grip/good/Fotos 10-12-2020_DJI_0182_vari_grip_295,PromptIR,Cosine,0.9982925568308149
vari-grip/good/Fotos 10-12-2020_DJI_0182_vari_grip_296,PromptIR,Cosine,0.9999106185776847
vari-grip/good/Fotos 10-12-2020_DJI_0184_vari_grip_299,PromptIR,Cosine,0.9961600218500409
vari-grip/good/Fotos 10-12-2020_DJI_0258_vari_grip_282,PromptIR,Cosine,0.9999818972178868
vari-grip/good/Fotos 10-12-2020_DJI_0259_vari_grip_283,PromptIR,Cosine,0.9883692264556885
vari-grip/good/Fotos 10-12-2020_DJI_0262_vari_grip_285,PromptIR,Cosine,0.8158555115972247
vari-grip/good/Fotos 11-12-2020_DJI_0055_vari_grip_379,PromptIR,Cosine,0.9868569033486503
vari-grip/good/Fotos 11-12-2020_DJI_0290_vari_grip_346,PromptIR,Cosine,0.9212682162012372
vari-grip/good/Fotos 14-12-2020_DJI_0433_vari_grip_399,PromptIR,Cosine,0.9726640071187701
vari-grip/good/Fotos 14-12-2020_DJI_0624_vari_grip_392,PromptIR,Cosine,0.9435766679900033
vari-grip/good/Fotos 16-11-2020_DJI_0110_vari_grip_439,PromptIR,Cosine,0.9932920592171806
vari-grip/good/Fotos 16-11-2020_DJI_0153_vari_grip_434,PromptIR,Cosine,0.9984602672713143
vari-grip/good/Fotos 16-11-2020_DJI_0157_vari_grip_438,PromptIR,Cosine,0.9874087657247271
vari-grip/good/Fotos 16-12-2020_DJI_0034_vari_grip_475,PromptIR,Cosine,0.972872427531651
vari-grip/good/Fotos 16-12-2020_DJI_0188_vari_grip_464,PromptIR,Cosine,0.9968871644565037
vari-grip/good/Fotos 16-12-2020_DJI_0404_vari_grip_450,PromptIR,Cosine,0.7640186973980495
vari-grip/good/Fotos 17-11-2020_DJI_0106_vari_grip_493,PromptIR,Cosine,0.9515030469213214
vari-grip/good/Fotos 17-11-2020_DJI_0120_vari_grip_496,PromptIR,Cosine,0.9665441513061523
vari-grip/good/Fotos 17-11-2020_DJI_0121_vari_grip_497,PromptIR,Cosine,0.9971883296966553
vari-grip/good/Fotos 17-11-2020_DJI_0206_vari_grip_491,PromptIR,Cosine,0.9943134784698486
vari-grip/good/Fotos 17-12-2020_DJI_0168_vari_grip_514,PromptIR,Cosine,0.9994100843157087
vari-grip/good/Fotos 18-11-2020_DJI_0070_vari_grip_548,PromptIR,Cosine,0.9949845160756793
vari-grip/good/Fotos 18-11-2020_DJI_0109_vari_grip_546,PromptIR,Cosine,0.9989561097962516
vari-grip/good/Fotos 18-11-2020_DJI_0137_vari_grip_541,PromptIR,Cosine,0.9991618394851685
vari-grip/good/Fotos 18-11-2020_DJI_0246_vari_grip_528,PromptIR,Cosine,0.9994013564927238
vari-grip/good/Fotos 19-10-2020_DJI_0045_vari_grip_4,PromptIR,Cosine,0.9830318859645298
vari-grip/good/Fotos 19-10-2020_DJI_0046_vari_grip_6,PromptIR,Cosine,0.9628929921558925
vari-grip/good/Fotos 19-10-2020_DJI_0046_vari_grip_7,PromptIR,Cosine,0.8894572300570351
vari-grip/good/Fotos 19-10-2020_DJI_0083_vari_grip_15,PromptIR,Cosine,0.9984732355390277
vari-grip/good/Fotos 19-10-2020_DJI_0084_vari_grip_16,PromptIR,Cosine,0.9981809258460999
vari-grip/good/Fotos 19-11-2020_DJI_0119_vari_grip_578,PromptIR,Cosine,0.9985041448048183
vari-grip/good/Fotos 19-11-2020_DJI_0199_vari_grip_562,PromptIR,Cosine,0.9876545327050346
vari-grip/good/Fotos 19-11-2020_DJI_0236_vari_grip_561,PromptIR,Cosine,0.987971373966762
vari-grip/good/Fotos 20-10-2020_DJI_0201_vari_grip_613,PromptIR,Cosine,0.9996825286320278
vari-grip/good/Fotos 20-10-2020_DJI_0205_vari_grip_620,PromptIR,Cosine,0.9934547798974174
vari-grip/good/Fotos 20-10-2020_DJI_0211_vari_grip_633,PromptIR,Cosine,0.98216712474823
vari-grip/good/Fotos 20-10-2020_DJI_0238_vari_grip_641,PromptIR,Cosine,0.9960392202649798
vari-grip/good/Fotos 20-10-2020_DJI_0243_vari_grip_648,PromptIR,Cosine,0.9992015106337411
vari-grip/good/Fotos 20-10-2020_DJI_0244_vari_grip_651,PromptIR,Cosine,0.9908082570348468
vari-grip/good/Fotos 20-10-2020_DJI_0245_vari_grip_653,PromptIR,Cosine,0.9983815039907183
vari-grip/good/Fotos 20-10-2020_DJI_0255_vari_grip_658,PromptIR,Cosine,0.9990573099681309
vari-grip/good/Fotos 20-10-2020_DJI_0255_vari_grip_659,PromptIR,Cosine,0.9969467009816851
vari-grip/good/Fotos 20-10-2020_DJI_0256_vari_grip_660,PromptIR,Cosine,0.9970765369279044
vari-grip/good/Fotos 20-10-2020_DJI_0265_vari_grip_586,PromptIR,Cosine,0.9989802752222333
vari-grip/good/Fotos 20-10-2020_DJI_0268_vari_grip_589,PromptIR,Cosine,0.9995040382657733
vari-grip/good/Fotos 20-10-2020_DJI_0282_vari_grip_590,PromptIR,Cosine,0.9967043399810791
vari-grip/good/Fotos 20-11-2020_DJI_0144_vari_grip_697,PromptIR,Cosine,0.987364683832441
vari-grip/good/Fotos 20-11-2020_DJI_0171_vari_grip_687,PromptIR,Cosine,0.9123724443571908
vari-grip/good/Fotos 20-11-2020_DJI_0172_vari_grip_689,PromptIR,Cosine,0.9518036672047206
vari-grip/good/Fotos 20-11-2020_DJI_0275_vari_grip_672,PromptIR,Cosine,0.9990703293255397
vari-grip/good/Fotos 22-10-2020_DJI_0858_vari_grip_718,PromptIR,Cosine,0.9944957750184196
vari-grip/good/Fotos 22-10-2020_DJI_0864_vari_grip_724,PromptIR,Cosine,0.9958287732941764
vari-grip/good/Fotos 22-10-2020_DJI_0864_vari_grip_725,PromptIR,Cosine,0.9124724183763776
vari-grip/good/Fotos 22-10-2020_DJI_0880_vari_grip_734,PromptIR,Cosine,0.9893207635198321
vari-grip/good/Fotos 23-11-2020_DJI_0143_vari_grip_783,PromptIR,Cosine,0.9865583436829704
vari-grip/good/Fotos 23-11-2020_DJI_0177_vari_grip_782,PromptIR,Cosine,0.9999504940850394
vari-grip/good/Fotos 23-11-2020_DJI_0209_vari_grip_777,PromptIR,Cosine,0.9762289949825832
vari-grip/good/Fotos 24-11-2020_DJI_0101_vari_grip_837,PromptIR,Cosine,0.9916736739022392
vari-grip/good/Fotos 24-11-2020_DJI_0243_vari_grip_827,PromptIR,Cosine,0.7766107416578701
vari-grip/good/Fotos 24-11-2020_DJI_0244_vari_grip_830,PromptIR,Cosine,0.9370439052581787
vari-grip/good/Fotos 25-11-2020_DJI_0208_vari_grip_862,PromptIR,Cosine,0.9991117971284049
vari-grip/good/Fotos 26-11-2020_DJI_0213_vari_grip_904,PromptIR,Cosine,0.9456320830753872
vari-grip/good/Fotos 26-11-2020_DJI_0213_vari_grip_905,PromptIR,Cosine,0.9967284202575684
vari-grip/good/Fotos 27-11-2020_DJI_0421_vari_grip_934,PromptIR,Cosine,0.9785923532077244
vari-grip/good/Fotos 27-11-2020_DJI_0421_vari_grip_935,PromptIR,Cosine,0.978229318346296
vari-grip/good/Fotos 27-11-2020_DJI_0422_vari_grip_937,PromptIR,Cosine,0.9808003050940377
vari-grip/good/Fotos 30-11-2020_DJI_0033_vari_grip_1007,PromptIR,Cosine,0.9876943060329982
vari-grip/good/Fotos 30-11-2020_DJI_0193_vari_grip_996,PromptIR,Cosine,0.9937424659729004
vari-grip/good/Fotos 30-11-2020_DJI_0437_vari_grip_975,PromptIR,Cosine,0.9993574704442706
vari-grip/good/Fotos 30-11-2020_DJI_0438_vari_grip_976,PromptIR,Cosine,0.9986691900662014
vari-grip/good/Fotos 30-11-2020_DJI_0501_vari_grip_969,PromptIR,Cosine,0.9998260991913932
vari-grip/good/Fotos 30-11-2020_DJI_0561_vari_grip_964,PromptIR,Cosine,0.9983743258884975
vari-grip/rust/01-06-2021_DJI_0030_6_0,PromptIR,Cosine,0.9071067486490522
vari-grip/rust/01-06-2021_DJI_0030_6_7,PromptIR,Cosine,0.879585189478738
vari-grip/rust/01-06-2021_DJI_0146_39_2,PromptIR,Cosine,0.7955876503671918
vari-grip/rust/01-06-2021_DJI_0146_39_6,PromptIR,Cosine,0.6065217469419751
vari-grip/rust/01-06-2021_DJI_0146_40_0,PromptIR,Cosine,0.9004754253796169
vari-grip/rust/01-06-2021_DJI_0162_46_6,PromptIR,Cosine,0.9985388091632298
vari-grip/rust/02-06-2021_DJI_0359_261_8,PromptIR,Cosine,0.9394564458302089
vari-grip/rust/08-06-2021_DJI_0385_421_2,PromptIR,Cosine,0.9000580992017474
vari-grip/rust/08-06-2021_DJI_0385_421_4,PromptIR,Cosine,0.9335010732923236
vari-grip/rust/08-06-2021_DJI_0385_421_6,PromptIR,Cosine,0.9800813453538078
vari-grip/rust/08-06-2021_DJI_0385_422,PromptIR,Cosine,0.9023054412433079
vari-grip/rust/08-06-2021_DJI_0385_422_0,PromptIR,Cosine,0.7512042948177883
vari-grip/rust/08-06-2021_DJI_0385_422_5,PromptIR,Cosine,0.9844290869576591
vari-grip/rust/09-06-2021_DJI_0466_568,PromptIR,Cosine,0.992803190435682
vari-grip/rust/09-06-2021_DJI_0466_568_6,PromptIR,Cosine,0.9980238080024719
vari-grip/rust/09-06-2021_DJI_0467_570_2,PromptIR,Cosine,0.9855442472866603
vari-grip/rust/09-06-2021_DJI_0467_570_4,PromptIR,Cosine,0.9887621743338448
vari-grip/rust/10-06-2021_DJI_0018_611,PromptIR,Cosine,0.9880795393671308
vari-grip/rust/10-06-2021_DJI_0018_611_1,PromptIR,Cosine,0.9868906225476947
vari-grip/rust/10-06-2021_DJI_0018_611_7,PromptIR,Cosine,0.9922638365200588
vari-grip/rust/10-06-2021_DJI_0019_613_5,PromptIR,Cosine,0.991807188306536
vari-grip/rust/11-06-2021_DJI_0479_11_6,PromptIR,Cosine,0.983225771359035
vari-grip/rust/11-06-2021_DJI_0479_11_7,PromptIR,Cosine,0.9672492827687945
vari-grip/rust/11-06-2021_DJI_0479_11_8,PromptIR,Cosine,0.9799343177250454
vari-grip/rust/15-06-2021_DJI_0118_741,PromptIR,Cosine,0.8203217451061521
vari-grip/rust/Fotos 23-10-2020_DJI_0029_vari_grip_745_7,PromptIR,Cosine,0.9847299030848912
vari-grip/rust/Fotos 23-10-2020_DJI_0031_vari_grip_748_0,PromptIR,Cosine,0.9839535100119454
vari-grip/rust/Fotos 23-10-2020_DJI_0031_vari_grip_748_7,PromptIR,Cosine,0.9724851165499006
vari-grip/rust/Fotos 23-10-2020_DJI_0032_vari_grip_750,PromptIR,Cosine,0.9922756041799273
vari-grip/rust/Fotos 23-10-2020_DJI_0032_vari_grip_750_3,PromptIR,Cosine,0.969150015286037
vari-grip/rust/Fotos 23-10-2020_DJI_0034_vari_grip_751_0,PromptIR,Cosine,0.9947615436145237
vari-grip/rust/Fotos 23-10-2020_DJI_0034_vari_grip_752,PromptIR,Cosine,0.9968936102730888
vari-grip/rust/Fotos 23-10-2020_DJI_0034_vari_grip_752_7,PromptIR,Cosine,0.9780678919383458
vari-grip/rust/Fotos 23-10-2020_DJI_0035_vari_grip_753_4,PromptIR,Cosine,0.9978107299123492
vari-grip/rust/Fotos 23-10-2020_DJI_0035_vari_grip_753_5,PromptIR,Cosine,0.9961363077163696
vari-grip/rust/Fotos 23-10-2020_DJI_0038_vari_grip_756_1,PromptIR,Cosine,0.9496502450534275
vari-grip/rust/Fotos 23-10-2020_DJI_0038_vari_grip_756_4,PromptIR,Cosine,0.9964238234928676
vari-grip/rust/Fotos 23-10-2020_DJI_0041_vari_grip_757,PromptIR,Cosine,0.9722473280770438
vari-grip/rust/Fotos 23-10-2020_DJI_0043_vari_grip_759,PromptIR,Cosine,0.9795958740370614
vari-grip/rust/Fotos 23-10-2020_DJI_0043_vari_grip_760_5,PromptIR,Cosine,0.9594693439347404
vari-grip/rust/Fotos 23-10-2020_DJI_0043_vari_grip_760_8,PromptIR,Cosine,0.8595982491970062
vari-grip/rust/Fotos 23-10-2020_DJI_0047_vari_grip_763_6,PromptIR,Cosine,0.9950663617679051
vari-grip/rust/Fotos 23-10-2020_DJI_0047_vari_grip_764_0,PromptIR,Cosine,0.7397111994879586
vari-grip/rust/Fotos 23-10-2020_DJI_0047_vari_grip_764_1,PromptIR,Cosine,0.9844502125467572
vari-grip/rust/Fotos 23-10-2020_DJI_0047_vari_grip_764_3,PromptIR,Cosine,0.9464426721845355
vari-grip/rust/Fotos 23-10-2020_DJI_0047_vari_grip_764_5,PromptIR,Cosine,0.9765886834689549
vari-grip/rust/Fotos 23-10-2020_DJI_0048_vari_grip_765,PromptIR,Cosine,0.9927904350417001
vari-grip/rust/Fotos 23-10-2020_DJI_0065_vari_grip_736,PromptIR,Cosine,0.9973248669079372
vari-grip/rust/Fotos 23-10-2020_DJI_0065_vari_grip_736_0,PromptIR,Cosine,0.9911142843110221
vari-grip/rust/Fotos 23-10-2020_DJI_0065_vari_grip_736_5,PromptIR,Cosine,0.9942290953227452
vari-grip/rust/Fotos 23-10-2020_DJI_0072_vari_grip_737_3,PromptIR,Cosine,0.9765756385666984
vari-grip/rust/Fotos 23-10-2020_DJI_0072_vari_grip_737_4,PromptIR,Cosine,0.9902951121330261
vari-grip/rust/Fotos 23-10-2020_DJI_0072_vari_grip_737_6,PromptIR,Cosine,0.9948626671518598
vari-grip/rust/Fotos 23-10-2020_DJI_0072_vari_grip_737_8,PromptIR,Cosine,0.9892993143626622
vari-grip/rust/Fotos 23-10-2020_DJI_0073_vari_grip_738_1,PromptIR,Cosine,0.9981364267213004
vari-grip/rust/Fotos 23-10-2020_DJI_0073_vari_grip_738_2,PromptIR,Cosine,0.9975627660751343
vari-grip/rust/Fotos 23-10-2020_DJI_0074_vari_grip_739_0,PromptIR,Cosine,0.999056841645922
vari-grip/rust/Fotos 23-10-2020_DJI_0074_vari_grip_739_3,PromptIR,Cosine,0.9947373356137957
vari-grip/rust/Fotos 23-10-2020_DJI_0113_vari_grip_743_4,PromptIR,Cosine,0.8358071382556643
vari-grip/rust/Fotos 23-10-2020_DJI_0114_vari_grip_744_1,PromptIR,Cosine,0.9879278370312282
vari-grip/rust/Fotos 23-10-2020_DJI_0114_vari_grip_744_7,PromptIR,Cosine,0.9902181284768241
vari-grip/rust/Fotos 23-10-2020_DJI_0114_vari_grip_744_8,PromptIR,Cosine,0.9936969365392413
vari-grip/bird-nest/08-06-2021_DJI_0089_322,PromptIR,Margin,0.0012133802686418807
vari-grip/bird-nest/08-06-2021_DJI_0089_322_3,PromptIR,Margin,0.011156524930681502
vari-grip/bird-nest/08-06-2021_DJI_0285_392,PromptIR,Margin,0.020995727607182095
vari-grip/bird-nest/10-06-2021_DJI_0244_649_2,PromptIR,Margin,-0.027079497064862932
vari-grip/bird-nest/10-06-2021_DJI_0270_657_5,PromptIR,Margin,-0.005040168762207031
vari-grip/bird-nest/10-06-2021_DJI_0270_657_7,PromptIR,Margin,-0.05313067776816232
vari-grip/bird-nest/10-06-2021_DJI_0271_658_1,PromptIR,Margin,-0.001394740172794887
vari-grip/bird-nest/10-06-2021_DJI_0271_658_2,PromptIR,Margin,-0.006051761763436454
vari-grip/bird-nest/10-06-2021_DJI_0271_658_6,PromptIR,Margin,-0.001212937491280692
vari-grip/bird-nest/10-06-2021_DJI_0271_658_8,PromptIR,Margin,-0.0021632654326302664
vari-grip/bird-nest/11-06-2021_DJI_0121_4_1,PromptIR,Margin,-0.0009385432515825544
vari-grip/bird-nest/11-06-2021_DJI_0121_4_4,PromptIR,Margin,-0.005221698965345111
vari-grip/bird-nest/11-06-2021_DJI_0121_4_5,PromptIR,Margin,-0.026689086641584123
vari-grip/bird-nest/11-06-2021_DJI_0132_6_0,PromptIR,Margin,0.0010469044957842147
vari-grip/bird-nest/11-06-2021_DJI_0132_6_6,PromptIR,Margin,-0.0013460687228611537
vari-grip/bird-nest/15-06-2021_DJI_0044_726,PromptIR,Margin,0.0002097487449645996
vari-grip/bird-nest/15-06-2021_DJI_0044_726_6,PromptIR,Margin,-0.053773309503282817
vari-grip/bird-nest/Fotos 02-12-2020_DJI_0492_vari_grip_56_4,PromptIR,Margin,-0.0021313343729291645
vari-grip/bird-nest/Fotos 02-12-2020_DJI_0492_vari_grip_57_0,PromptIR,Margin,-9.19614519391741e-06
vari-grip/bird-nest/Fotos 02-12-2020_DJI_0492_vari_grip_57_4,PromptIR,Margin,-0.006718541894640241
vari-grip/bird-nest/Fotos 17-11-2020_DJI_0289_vari_grip_478,PromptIR,Margin,-8.546454565865653e-05
vari-grip/bird-nest/Fotos 17-11-2020_DJI_0303_vari_grip_479_0,PromptIR,Margin,-0.03252112865447998
vari-grip/bird-nest/Fotos 17-11-2020_DJI_0304_vari_grip_480,PromptIR,Margin,-0.01643104212624686
vari-grip/bird-nest/Fotos 18-11-2020_DJI_0209_vari_grip_530_0,PromptIR,Margin,-0.0004018374851771763
vari-grip/bird-nest/Fotos 18-11-2020_DJI_0209_vari_grip_530_3,PromptIR,Margin,-0.015214085578918457
vari-grip/bird-nest/Fotos 19-11-2020_DJI_0140_vari_grip_571_3,PromptIR,Margin,-0.009135774203709193
vari-grip/bird-nest/Fotos 19-11-2020_DJI_0140_vari_grip_571_7,PromptIR,Margin,-0.0118833099092756
vari-grip/bird-nest/Fotos 19-11-2020_DJI_0149_vari_grip_573_0,PromptIR,Margin,-0.06691217422485352
vari-grip/bird-nest/Fotos 19-11-2020_DJI_0149_vari_grip_573_4,PromptIR,Margin,-0.12615940400532313
vari-grip/bird-nest/Fotos 19-11-2020_DJI_0149_vari_grip_573_6,PromptIR,Margin,-0.02503037452697754
vari-grip/bird-nest/Fotos 19-11-2020_DJI_0150_vari_grip_574_0,PromptIR,Margin,-0.006880402565002441
vari-grip/bird-nest/Fotos 19-11-2020_DJI_0150_vari_grip_575_1,PromptIR,Margin,-0.061543166637420654
vari-grip/bird-nest/Fotos 19-11-2020_DJI_0150_vari_grip_575_2,PromptIR,Margin,-0.011290243693760462
vari-grip/bird-nest/Fotos 19-11-2020_DJI_0151_vari_grip_577_2,PromptIR,Margin,0.00128000123160226
vari-grip/bird-nest/Fotos 19-11-2020_DJI_0151_vari_grip_577_3,PromptIR,Margin,-0.007280264581952777
vari-grip/bird-nest/Fotos 19-11-2020_DJI_0151_vari_grip_577_4,PromptIR,Margin,-0.006388306617736816
vari-grip/bird-nest/Fotos 20-11-2020_DJI_0210_vari_grip_683_2,PromptIR,Margin,-0.1874671642269407
vari-grip/bird-nest/Fotos 20-11-2020_DJI_0210_vari_grip_683_7,PromptIR,Margin,0.0007979869842529297
vari-grip/bird-nest/Fotos 23-11-2020_DJI_0279_vari_grip_768_0,PromptIR,Margin,-0.0023510370935712543
vari-grip/bird-nest/Fotos 23-11-2020_DJI_0279_vari_grip_768_2,PromptIR,Margin,-0.013733157089778356
vari-grip/bird-nest/Fotos 25-11-2020_DJI_0207_vari_grip_861_0,PromptIR,Margin,0.0003349695886884417
vari-grip/bird-nest/Fotos 25-11-2020_DJI_0207_vari_grip_861_6,PromptIR,Margin,0.0023505432265145437
vari-grip/bird-nest/Fotos 25-11-2020_DJI_0563_vari_grip_841_0,PromptIR,Margin,-0.007575341633387974
vari-grip/bird-nest/Fotos 25-11-2020_DJI_0563_vari_grip_841_2,PromptIR,Margin,0.00034924915858677456
vari-grip/bird-nest/Fotos 25-11-2020_DJI_0563_vari_grip_841_4,PromptIR,Margin,-0.005649004663739886
vari-grip/bird-nest/Fotos 25-11-2020_DJI_0563_vari_grip_841_7,PromptIR,Margin,-0.006825659956250872
vari-grip/bird-nest/Fotos 25-11-2020_DJI_0564_vari_grip_843,PromptIR,Margin,-0.055611218724931986
vari-grip/bird-nest/Fotos 25-11-2020_DJI_0564_vari_grip_843_1,PromptIR,Margin,-0.01744342701775687
vari-grip/bird-nest/Fotos 25-11-2020_DJI_0564_vari_grip_843_2,PromptIR,Margin,-0.029432203088487898
vari-grip/bird-nest/Fotos 25-11-2020_DJI_0564_vari_grip_844,PromptIR,Margin,-0.007988606180463518
vari-grip/bird-nest/Fotos 25-11-2020_DJI_0564_vari_grip_844_4,PromptIR,Margin,-0.06115384612764631
vari-grip/bird-nest/Fotos 25-11-2020_DJI_0564_vari_grip_844_7,PromptIR,Margin,-0.002669470650809152
vari-grip/bird-nest/Fotos 25-11-2020_DJI_0564_vari_grip_844_8,PromptIR,Margin,-0.006205712045942034
vari-grip/bird-nest/Fotos 25-11-2020_DJI_0586_vari_grip_845,PromptIR,Margin,0.00679140431540353
vari-grip/bird-nest/Fotos 25-11-2020_DJI_0586_vari_grip_845_2,PromptIR,Margin,-0.015795000961848667
vari-grip/bird-nest/Fotos 25-11-2020_DJI_0586_vari_grip_845_7,PromptIR,Margin,-0.07643750309944153
vari-grip/bird-nest/Fotos 25-11-2020_DJI_0586_vari_grip_845_8,PromptIR,Margin,0.0013672624315534318
vari-grip/bird-nest/Fotos 25-11-2020_DJI_0586_vari_grip_846,PromptIR,Margin,1.5573842184884207e-05
vari-grip/bird-nest/Fotos 25-11-2020_DJI_0586_vari_grip_846_3,PromptIR,Margin,-0.013631514140537806
vari-grip/bird-nest/Fotos 25-11-2020_DJI_0586_vari_grip_846_4,PromptIR,Margin,-0.00018829107284545898
vari-grip/bird-nest/Fotos 25-11-2020_DJI_0588_vari_grip_847_1,PromptIR,Margin,-0.021743723324366977
vari-grip/bird-nest/Fotos 25-11-2020_DJI_0588_vari_grip_847_8,PromptIR,Margin,-0.0010568840163094656
vari-grip/bird-nest/Fotos 26-11-2020_DJI_0214_vari_grip_906_1,PromptIR,Margin,-0.01644378049033029
vari-grip/bird-nest/Fotos 26-11-2020_DJI_0214_vari_grip_907,PromptIR,Margin,-0.010113341467721122
vari-grip/bird-nest/Fotos 26-11-2020_DJI_0215_vari_grip_908_3,PromptIR,Margin,-0.0022574918610709055
vari-grip/bird-nest/Fotos 26-11-2020_DJI_0262_vari_grip_910,PromptIR,Margin,-0.0020889639854431152
vari-grip/bird-nest/Fotos 26-11-2020_DJI_0262_vari_grip_911,PromptIR,Margin,-0.009642226355416434
vari-grip/bird-nest/Fotos 27-11-2020_DJI_0491_vari_grip_933_1,PromptIR,Margin,-0.024742398943219866
vari-grip/bird-nest/Fotos 27-11-2020_DJI_0491_vari_grip_933_4,PromptIR,Margin,-0.012163553919110979
vari-grip/bird-nest/Fotos 27-11-2020_DJI_0491_vari_grip_933_8,PromptIR,Margin,-0.0036628927503313336
vari-grip/bird-nest/Fotos 27-11-2020_DJI_0566_vari_grip_924_6,PromptIR,Margin,-0.04470411368778774
vari-grip/bird-nest/Fotos 27-11-2020_DJI_0566_vari_grip_925,PromptIR,Margin,-0.011415864740099226
vari-grip/bird-nest/Fotos 27-11-2020_DJI_0566_vari_grip_925_2,PromptIR,Margin,-0.07051280566624232
vari-grip/bird-nest/Fotos 27-11-2020_DJI_0566_vari_grip_925_3,PromptIR,Margin,-0.062330739838736396
vari-grip/bird-nest/Fotos 27-11-2020_DJI_0566_vari_grip_925_6,PromptIR,Margin,-0.05110663175582886
vari-grip/good/Fotos 01-12-2020_DJI_0079_vari_grip_51,PromptIR,Margin,0.0033019951411655973
vari-grip/good/Fotos 01-12-2020_DJI_0140_vari_grip_47,PromptIR,Margin,-0.01918626683098929
vari-grip/good/Fotos 01-12-2020_DJI_0199_vari_grip_41,PromptIR,Margin,-0.00028471435819353374
vari-grip/good/Fotos 01-12-2020_DJI_0342_vari_grip_32,PromptIR,Margin,-0.0007759247507367815
vari-grip/good/Fotos 01-12-2020_DJI_0402_vari_grip_29,PromptIR,Margin,0.003046137945992606
vari-grip/good/Fotos 01-12-2020_DJI_0457_vari_grip_24,PromptIR,Margin,-0.006464745317186628
vari-grip/good/Fotos 01-12-2020_DJI_0457_vari_grip_25,PromptIR,Margin,-0.006069821970803397
vari-grip/good/Fotos 02-12-2020_DJI_0020_vari_grip_94,PromptIR,Margin,5.440201078142438e-05
vari-grip/good/Fotos 02-12-2020_DJI_0132_vari_grip_88,PromptIR,Margin,0.0004378812653677804
vari-grip/good/Fotos 02-12-2020_DJI_0194_vari_grip_84,PromptIR,Margin,0.006796981607164655
vari-grip/good/Fotos 02-12-2020_DJI_0367_vari_grip_65,PromptIR,Margin,-0.0034052985055106027
vari-grip/good/Fotos 02-12-2020_DJI_0368_vari_grip_67,PromptIR,Margin,9.437118257795061e-05
vari-grip/good/Fotos 02-12-2020_DJI_0374_vari_grip_71,PromptIR,Margin,-0.024490152086530412
vari-grip/good/Fotos 02-12-2020_DJI_0427_vari_grip_61,PromptIR,Margin,0.00010237523487636022
vari-grip/good/Fotos 03-12-2020_DJI_0149_vari_grip_126,PromptIR,Margin,7.553611482892717e-05
vari-grip/good/Fotos 03-12-2020_DJI_0150_vari_grip_128,PromptIR,Margin,-0.00016435555049351284
vari-grip/good/Fotos 03-12-2020_DJI_0457_vari_grip_110,PromptIR,Margin,-0.030547933919089183
vari-grip/good/Fotos 03-12-2020_DJI_0561_vari_grip_100,PromptIR,Margin,-0.00017631053924560547
vari-grip/good/Fotos 04-12-2020_DJI_0762_vari_grip_164,PromptIR,Margin,0.002151540347508022
vari-grip/good/Fotos 04-12-2020_DJI_0806_vari_grip_160,PromptIR,Margin,0.00015747547149658203
vari-grip/good/Fotos 04-12-2020_DJI_0902_vari_grip_149,PromptIR,Margin,0.00013825723103114536
vari-grip/good/Fotos 04-12-2020_DJI_0950_vari_grip_142,PromptIR,Margin,-0.00010068927492414202
vari-grip/good/Fotos 04-12-2020_DJI_0951_vari_grip_145,PromptIR,Margin,-0.0010699800082615443
vari-grip/good/Fotos 04-12-2020_DJI_0954_vari_grip_146,PromptIR,Margin,-0.015958436897822788
vari-grip/good/Fotos 04-12-2020_DJI_1000 (2)_vari_grip_141,PromptIR,Margin,-0.058898789542061944
vari-grip/good/Fotos 07-12-2020_DJI_0059_vari_grip_192,PromptIR,Margin,0.0006785477910723005
vari-grip/good/Fotos 07-12-2020_DJI_0140_vari_grip_183,PromptIR,Margin,-0.07206202404839653
vari-grip/good/Fotos 07-12-2020_DJI_0141_vari_grip_185,PromptIR,Margin,-0.006060549191066197
vari-grip/good/Fotos 07-12-2020_DJI_0155_vari_grip_186,PromptIR,Margin,0.0002562659127371652
vari-grip/good/Fotos 07-12-2020_DJI_0187_vari_grip_179,PromptIR,Margin,0.0005628892353602818
vari-grip/good/Fotos 08-12-2020_DJI_0452_vari_grip_225,PromptIR,Margin,0.0070097190993172786
vari-grip/good/Fotos 08-12-2020_DJI_0455_vari_grip_229,PromptIR,Margin,-0.041332406657082696
vari-grip/good/Fotos 08-12-2020_DJI_0538_vari_grip_218,PromptIR,Margin,-0.033062330314091275
vari-grip/good/Fotos 08-12-2020_DJI_0613_vari_grip_208,PromptIR,Margin,0.0001503399440220424
vari-grip/good/Fotos 08-12-2020_DJI_0652_vari_grip_204,PromptIR,Margin,-0.004001813275473458
vari-grip/good/Fotos 09-12-2020_DJI_0017_vari_grip_269,PromptIR,Margin,-0.0004336323056902204
vari-grip/good/Fotos 09-12-2020_DJI_0018_vari_grip_271,PromptIR,Margin,0.041222989559173584
vari-grip/good/Fotos 09-12-2020_DJI_0056_vari_grip_263,PromptIR,Margin,0.004183769226074219
vari-grip/good/Fotos 09-12-2020_DJI_0102_vari_grip_261,PromptIR,Margin,-5.305664879935128e-05
vari-grip/good/Fotos 09-12-2020_DJI_0143_vari_grip_249,PromptIR,Margin,0.0003853780882699149
vari-grip/good/Fotos 09-12-2020_DJI_0144_vari_grip_252,PromptIR,Margin,0.0015587551253182547
vari-grip/good/Fotos 09-12-2020_DJI_0310_vari_grip_238,PromptIR,Margin,0.0010966488293239049
vari-grip/good/Fotos 09-12-2020_DJI_0348_vari_grip_233,PromptIR,Margin,-0.05663360868181501
vari-grip/good/Fotos 10-12-2020_DJI_0020_vari_grip_327,PromptIR,Margin,-0.0014962383678981236
vari-grip/good/Fotos 10-12-2020_DJI_0024_vari_grip_332,PromptIR,Margin,-0.024820217064448764
vari-grip/good/Fotos 10-12-2020_DJI_0101_vari_grip_312,PromptIR,Margin,0.0034602114132472445
vari-grip/good/Fotos 10-12-2020_DJI_0140_vari_grip_300,PromptIR,Margin,9.698527199881417e-05
vari-grip/good/Fotos 10-12-2020_DJI_0182_vari_grip_295,PromptIR,Margin,0.011040960039411272
vari-grip/good/Fotos 10-12-2020_DJI_0182_vari_grip_296,PromptIR,Margin,0.00017370496477399553
vari-grip/good/Fotos 10-12-2020_DJI_0184_vari_grip_299,PromptIR,Margin,0.0006164993558611188
vari-grip/good/Fotos 10-12-2020_DJI_0258_vari_grip_282,PromptIR,Margin,0.0003904955727713449
vari-grip/good/Fotos 10-12-2020_DJI_0259_vari_grip_283,PromptIR,Margin,-0.004647331578390939
vari-grip/good/Fotos 10-12-2020_DJI_0262_vari_grip_285,PromptIR,Margin,-0.15617053849356516
vari-grip/good/Fotos 11-12-2020_DJI_0055_vari_grip_379,PromptIR,Margin,-0.009060493537357875
vari-grip/good/Fotos 11-12-2020_DJI_0290_vari_grip_346,PromptIR,Margin,-0.06761096205030169
vari-grip/good/Fotos 14-12-2020_DJI_0433_vari_grip_399,PromptIR,Margin,-0.024571214403424944
vari-grip/good/Fotos 14-12-2020_DJI_0624_vari_grip_392,PromptIR,Margin,-0.014841173376355852
vari-grip/good/Fotos 16-11-2020_DJI_0110_vari_grip_439,PromptIR,Margin,-0.0024899414607456754
vari-grip/good/Fotos 16-11-2020_DJI_0153_vari_grip_434,PromptIR,Margin,0.0011074628148760115
vari-grip/good/Fotos 16-11-2020_DJI_0157_vari_grip_438,PromptIR,Margin,-0.009636189256395613
vari-grip/good/Fotos 16-12-2020_DJI_0034_vari_grip_475,PromptIR,Margin,-0.017221152782440186
vari-grip/good/Fotos 16-12-2020_DJI_0188_vari_grip_464,PromptIR,Margin,0.08137237174170357
vari-grip/good/Fotos 16-12-2020_DJI_0404_vari_grip_450,PromptIR,Margin,-0.20012602635792323
vari-grip/good/Fotos 17-11-2020_DJI_0106_vari_grip_493,PromptIR,Margin,-0.04466543027332851
vari-grip/good/Fotos 17-11-2020_DJI_0120_vari_grip_496,PromptIR,Margin,-0.007474541664123535
vari-grip/good/Fotos 17-11-2020_DJI_0121_vari_grip_497,PromptIR,Margin,0.0022216950144086567
vari-grip/good/Fotos 17-11-2020_DJI_0206_vari_grip_491,PromptIR,Margin,-0.0038555945668901715
vari-grip/good/Fotos 17-12-2020_DJI_0168_vari_grip_514,PromptIR,Margin,0.0003922070775713239
vari-grip/good/Fotos 18-11-2020_DJI_0070_vari_grip_548,PromptIR,Margin,-0.002713876111166818
vari-grip/good/Fotos 18-11-2020_DJI_0109_vari_grip_546,PromptIR,Margin,0.0006702712603977748
vari-grip/good/Fotos 18-11-2020_DJI_0137_vari_grip_541,PromptIR,Margin,0.0008587326322283063
vari-grip/good/Fotos 18-11-2020_DJI_0246_vari_grip_528,PromptIR,Margin,0.0008455259459359306
vari-grip/good/Fotos 19-10-2020_DJI_0045_vari_grip_4,PromptIR,Margin,-0.0033782635416303363
vari-grip/good/Fotos 19-10-2020_DJI_0046_vari_grip_6,PromptIR,Margin,-0.025665061814444407
vari-grip/good/Fotos 19-10-2020_DJI_0046_vari_grip_7,PromptIR,Margin,-0.08631521037646703
vari-grip/good/Fotos 19-10-2020_DJI_0083_vari_grip_15,PromptIR,Margin,-5.081721714564732e-05
vari-grip/good/Fotos 19-10-2020_DJI_0084_vari_grip_16,PromptIR,Margin,0.001397277627672468
vari-grip/good/Fotos 19-11-2020_DJI_0119_vari_grip_578,PromptIR,Margin,0.0008845925331115723
vari-grip/good/Fotos 19-11-2020_DJI_0199_vari_grip_562,PromptIR,Margin,-0.009470556463514055
vari-grip/good/Fotos 19-11-2020_DJI_0236_vari_grip_561,PromptIR,Margin,-0.0103332485471453
vari-grip/good/Fotos 20-10-2020_DJI_0201_vari_grip_613,PromptIR,Margin,0.0023892096110752653
vari-grip/good/Fotos 20-10-2020_DJI_0205_vari_grip_620,PromptIR,Margin,0.0011383891105651855
vari-grip/good/Fotos 20-10-2020_DJI_0211_vari_grip_633,PromptIR,Margin,-0.01437194858278547
vari-grip/good/Fotos 20-10-2020_DJI_0238_vari_grip_641,PromptIR,Margin,-0.00019145863396780833
vari-grip/good/Fotos 20-10-2020_DJI_0243_vari_grip_648,PromptIR,Margin,0.0011296953473772322
vari-grip/good/Fotos 20-10-2020_DJI_0244_vari_grip_651,PromptIR,Margin,-0.007101799760546003
vari-grip/good/Fotos 20-10-2020_DJI_0245_vari_grip_653,PromptIR,Margin,-0.00047333751405988423
vari-grip/good/Fotos 20-10-2020_DJI_0255_vari_grip_658,PromptIR,Margin,-2.4999891008649555e-05
vari-grip/good/Fotos 20-10-2020_DJI_0255_vari_grip_659,PromptIR,Margin,0.0027622239930289133
vari-grip/good/Fotos 20-10-2020_DJI_0256_vari_grip_660,PromptIR,Margin,-0.001975970608847482
vari-grip/good/Fotos 20-10-2020_DJI_0265_vari_grip_586,PromptIR,Margin,0.0007461394582475935
vari-grip/good/Fotos 20-10-2020_DJI_0268_vari_grip_589,PromptIR,Margin,0.0007886886596679688
vari-grip/good/Fotos 20-10-2020_DJI_0282_vari_grip_590,PromptIR,Margin,-0.001816255705697196
vari-grip/good/Fotos 20-11-2020_DJI_0144_vari_grip_697,PromptIR,Margin,-0.010147597108568465
vari-grip/good/Fotos 20-11-2020_DJI_0171_vari_grip_687,PromptIR,Margin,-0.08309278317860194
vari-grip/good/Fotos 20-11-2020_DJI_0172_vari_grip_689,PromptIR,Margin,-0.015389008181435722
vari-grip/good/Fotos 20-11-2020_DJI_0275_vari_grip_672,PromptIR,Margin,0.0025062901633126394
vari-grip/good/Fotos 22-10-2020_DJI_0858_vari_grip_718,PromptIR,Margin,-0.003269416945321219
vari-grip/good/Fotos 22-10-2020_DJI_0864_vari_grip_724,PromptIR,Margin,0.0022726740155901226
vari-grip/good/Fotos 22-10-2020_DJI_0864_vari_grip_725,PromptIR,Margin,-0.06552324976239886
vari-grip/good/Fotos 22-10-2020_DJI_0880_vari_grip_734,PromptIR,Margin,-0.00263561521257673
vari-grip/good/Fotos 23-11-2020_DJI_0143_vari_grip_783,PromptIR,Margin,-0.0027346440723964144
vari-grip/good/Fotos 23-11-2020_DJI_0177_vari_grip_782,PromptIR,Margin,0.00012082712990897042
vari-grip/good/Fotos 23-11-2020_DJI_0209_vari_grip_777,PromptIR,Margin,-0.008615485259464808
vari-grip/good/Fotos 24-11-2020_DJI_0101_vari_grip_837,PromptIR,Margin,-0.006993302277156285
vari-grip/good/Fotos 24-11-2020_DJI_0243_vari_grip_827,PromptIR,Margin,-0.1887993546468871
vari-grip/good/Fotos 24-11-2020_DJI_0244_vari_grip_830,PromptIR,Margin,-0.056393248694283624
vari-grip/good/Fotos 25-11-2020_DJI_0208_vari_grip_862,PromptIR,Margin,0.0016425251960754395
vari-grip/good/Fotos 26-11-2020_DJI_0213_vari_grip_904,PromptIR,Margin,-0.0518919655254909
vari-grip/good/Fotos 26-11-2020_DJI_0213_vari_grip_905,PromptIR,Margin,0.004006973334721157
vari-grip/good/Fotos 27-11-2020_DJI_0421_vari_grip_934,PromptIR,Margin,-0.0186821562903268
vari-grip/good/Fotos 27-11-2020_DJI_0421_vari_grip_935,PromptIR,Margin,-0.015964346272604808
vari-grip/good/Fotos 27-11-2020_DJI_0422_vari_grip_937,PromptIR,Margin,-0.008132636547088623
vari-grip/good/Fotos 30-11-2020_DJI_0033_vari_grip_1007,PromptIR,Margin,-0.0032682503972734723
vari-grip/good/Fotos 30-11-2020_DJI_0193_vari_grip_996,PromptIR,Margin,-0.001330094678061349
vari-grip/good/Fotos 30-11-2020_DJI_0437_vari_grip_975,PromptIR,Margin,0.03683053595679147
vari-grip/good/Fotos 30-11-2020_DJI_0438_vari_grip_976,PromptIR,Margin,0.016361492020743235
vari-grip/good/Fotos 30-11-2020_DJI_0501_vari_grip_969,PromptIR,Margin,-3.6656856536865234e-05
vari-grip/good/Fotos 30-11-2020_DJI_0561_vari_grip_964,PromptIR,Margin,0.0008125816072736468
vari-grip/rust/01-06-2021_DJI_0030_6_0,PromptIR,Margin,-0.012526282242366247
vari-grip/rust/01-06-2021_DJI_0030_6_7,PromptIR,Margin,-0.05960787194115775
vari-grip/rust/01-06-2021_DJI_0146_39_2,PromptIR,Margin,-0.14717464787619455
vari-grip/rust/01-06-2021_DJI_0146_39_6,PromptIR,Margin,-0.3702539248125894
vari-grip/rust/01-06-2021_DJI_0146_40_0,PromptIR,Margin,-0.013908956732068743
vari-grip/rust/01-06-2021_DJI_0162_46_6,PromptIR,Margin,0.001021402222769601
vari-grip/rust/02-06-2021_DJI_0359_261_8,PromptIR,Margin,-0.04389865057809012
vari-grip/rust/08-06-2021_DJI_0385_421_2,PromptIR,Margin,-0.03979842151914324
vari-grip/rust/08-06-2021_DJI_0385_421_4,PromptIR,Margin,-0.012998887470790319
vari-grip/rust/08-06-2021_DJI_0385_421_6,PromptIR,Margin,0.032603212765284946
vari-grip/rust/08-06-2021_DJI_0385_422,PromptIR,Margin,-0.031235447951725552
vari-grip/rust/08-06-2021_DJI_0385_422_0,PromptIR,Margin,-0.2207573481968471
vari-grip/rust/08-06-2021_DJI_0385_422_5,PromptIR,Margin,-0.001912534236907959
vari-grip/rust/09-06-2021_DJI_0466_568,PromptIR,Margin,-0.0036963820457458496
vari-grip/rust/09-06-2021_DJI_0466_568_6,PromptIR,Margin,4.312821796962193e-05
vari-grip/rust/09-06-2021_DJI_0467_570_2,PromptIR,Margin,-0.0018118619918823242
vari-grip/rust/09-06-2021_DJI_0467_570_4,PromptIR,Margin,-0.00013653721128191267
vari-grip/rust/10-06-2021_DJI_0018_611,PromptIR,Margin,-0.004066824913024902
vari-grip/rust/10-06-2021_DJI_0018_611_1,PromptIR,Margin,-0.007873279707772391
vari-grip/rust/10-06-2021_DJI_0018_611_7,PromptIR,Margin,-0.0032507521765572684
vari-grip/rust/10-06-2021_DJI_0019_613_5,PromptIR,Margin,0.001977384090423584
vari-grip/rust/11-06-2021_DJI_0479_11_6,PromptIR,Margin,-0.007143744400569371
vari-grip/rust/11-06-2021_DJI_0479_11_7,PromptIR,Margin,-0.018282907349722727
vari-grip/rust/11-06-2021_DJI_0479_11_8,PromptIR,Margin,-0.015499906880514962
vari-grip/rust/15-06-2021_DJI_0118_741,PromptIR,Margin,-0.09519809697355543
vari-grip/rust/Fotos 23-10-2020_DJI_0029_vari_grip_745_7,PromptIR,Margin,0.01333186456135341
vari-grip/rust/Fotos 23-10-2020_DJI_0031_vari_grip_748_0,PromptIR,Margin,-0.0056365302630833215
vari-grip/rust/Fotos 23-10-2020_DJI_0031_vari_grip_748_7,PromptIR,Margin,-0.01857447624206543
vari-grip/rust/Fotos 23-10-2020_DJI_0032_vari_grip_750,PromptIR,Margin,-0.00488969257899693
vari-grip/rust/Fotos 23-10-2020_DJI_0032_vari_grip_750_3,PromptIR,Margin,-0.01838876519884382
vari-grip/rust/Fotos 23-10-2020_DJI_0034_vari_grip_751_0,PromptIR,Margin,0.0009528228214808873
vari-grip/rust/Fotos 23-10-2020_DJI_0034_vari_grip_752,PromptIR,Margin,-0.0013963835580008371
vari-grip/rust/Fotos 23-10-2020_DJI_0034_vari_grip_752_7,PromptIR,Margin,-0.014099035944257463
vari-grip/rust/Fotos 23-10-2020_DJI_0035_vari_grip_753_4,PromptIR,Margin,0.002306640148162842
vari-grip/rust/Fotos 23-10-2020_DJI_0035_vari_grip_753_5,PromptIR,Margin,-0.0009088516235351562
vari-grip/rust/Fotos 23-10-2020_DJI_0038_vari_grip_756_1,PromptIR,Margin,-0.028265620980943953
vari-grip/rust/Fotos 23-10-2020_DJI_0038_vari_grip_756_4,PromptIR,Margin,-0.00043658699308122905
vari-grip/rust/Fotos 23-10-2020_DJI_0041_vari_grip_757,PromptIR,Margin,-0.010869698865073068
vari-grip/rust/Fotos 23-10-2020_DJI_0043_vari_grip_759,PromptIR,Margin,-0.000375713620867048
vari-grip/rust/Fotos 23-10-2020_DJI_0043_vari_grip_760_5,PromptIR,Margin,-0.0015313880784170969
vari-grip/rust/Fotos 23-10-2020_DJI_0043_vari_grip_760_8,PromptIR,Margin,-0.13021830575806753
vari-grip/rust/Fotos 23-10-2020_DJI_0047_vari_grip_763_6,PromptIR,Margin,0.005194144589560372
vari-grip/rust/Fotos 23-10-2020_DJI_0047_vari_grip_764_0,PromptIR,Margin,-0.25404824529375347
vari-grip/rust/Fotos 23-10-2020_DJI_0047_vari_grip_764_1,PromptIR,Margin,-0.0019138881138392857
vari-grip/rust/Fotos 23-10-2020_DJI_0047_vari_grip_764_3,PromptIR,Margin,-0.04672919000898089
vari-grip/rust/Fotos 23-10-2020_DJI_0047_vari_grip_764_5,PromptIR,Margin,-0.010075007166181291
vari-grip/rust/Fotos 23-10-2020_DJI_0048_vari_grip_765,PromptIR,Margin,-0.002628377505711147
vari-grip/rust/Fotos 23-10-2020_DJI_0065_vari_grip_736,PromptIR,Margin,-0.0014293193817138672
vari-grip/rust/Fotos 23-10-2020_DJI_0065_vari_grip_736_0,PromptIR,Margin,-0.005870129380907331
vari-grip/rust/Fotos 23-10-2020_DJI_0065_vari_grip_736_5,PromptIR,Margin,-0.0038874915667942594
vari-grip/rust/Fotos 23-10-2020_DJI_0072_vari_grip_737_3,PromptIR,Margin,-0.021223357745579312
vari-grip/rust/Fotos 23-10-2020_DJI_0072_vari_grip_737_4,PromptIR,Margin,-0.0019534570830208914
vari-grip/rust/Fotos 23-10-2020_DJI_0072_vari_grip_737_6,PromptIR,Margin,-0.0026795523507254465
vari-grip/rust/Fotos 23-10-2020_DJI_0072_vari_grip_737_8,PromptIR,Margin,-0.0062078578131539485
vari-grip/rust/Fotos 23-10-2020_DJI_0073_vari_grip_738_1,PromptIR,Margin,-0.0007299014500209264
vari-grip/rust/Fotos 23-10-2020_DJI_0073_vari_grip_738_2,PromptIR,Margin,-8.809566497802734e-05
vari-grip/rust/Fotos 23-10-2020_DJI_0074_vari_grip_739_0,PromptIR,Margin,0.0005357095173427037
vari-grip/rust/Fotos 23-10-2020_DJI_0074_vari_grip_739_3,PromptIR,Margin,0.0037624921117510113
vari-grip/rust/Fotos 23-10-2020_DJI_0113_vari_grip_743_4,PromptIR,Margin,-0.14723252185753413
vari-grip/rust/Fotos 23-10-2020_DJI_0114_vari_grip_744_1,PromptIR,Margin,-0.006104154246194022
vari-grip/rust/Fotos 23-10-2020_DJI_0114_vari_grip_744_7,PromptIR,Margin,0.0007114240101405553
vari-grip/rust/Fotos 23-10-2020_DJI_0114_vari_grip_744_8,PromptIR,Margin,-0.0019972409520830426
